ID,RST Applicability,Process,Level 1,Level 2,Level 3,Domain,Status,Cost Type,Process Description,Vol_Include,Volume Name,Volume Description,Volume Source,Business Process Owner,CARRIERS,Customer HO / Agency,Data availability Date,FUNCTION,GBS Sub-domain,HIVE Project,HO department in Charge,Main,OWNER  - SEPT 2022,Organizational Unit ID,Owner,Owner Grouping. (level comex-1),Process Active From,Process Active to,Process LEVEL 1 SEPT 2022,Process LEVEL 2 SEPT 2022,Process completed,Remarks,SBU - Activity Name,Source link,Top,Transactional process,scope and exclusions
300,,3PF,Operations,Third Party Feeder,3PF,"Ops, Log, Ils & Legal",Inactive,,,Y,,,,,,Agency,,,,Third Party Feeder,,,BUSINESS,,,,,,Operations,Third Party Feeder,,,,,,,
302,,3PF schedule,Operations,Third Party Feeder,3PF schedule,"Ops, Log, Ils & Legal",Inactive,,,Y,,,,,,Agency,,,,Third Party Feeder,,,BUSINESS,,,,,,Operations,Third Party Feeder,,,,,,,
304,,ACE Manual Input,Procure to pay,Procure to pay,ACE Manual Input,Finance,Inactive,,,Y,Per Port Call report,Applicable for APL only. Input container volumes based on PCR report in ACE system,,,SHIPPING,Head Office,202312,1. Payables,Procure to pay,Procure to pay,HO Accounting Dept,,FINANCE,,Finance & performance,,,December 2023,Procure to pay,Procure to pay,,,,,,Yes,
305,,ACE Manual Input (APL),F&A,Finance support,ACE Manual Input (APL),Finance,Inactive,,,Y,,,,,,Head Office,,,,Procure to pay,HO Accounting Dept,,FINANCE,,Finance & performance,,,,Procure to pay,Procure to pay,,,,,,,
306,,Ad Valorem,HO Customer Care,HO Documentation,Ad Valorem,Customer Care,Inactive,,"GBSI receives Ad Valorem request (CMA) via ZEN Desk ticketing to show the Cargo Value in BL under Goods Description. Hence, the agency will be advised to reach HO Insurance for further proceedings.",Y,Per nb of tickets assigned from Zendesk,Nb of requests handled in ZENDESK,<div>Local Excel database</div>,,SHIPPING,Head Office,,Customer Care,"Booking, Doc & FAI",HO Documentation,HO Documentation Dept,,Business,,Sales & Customer Care,,,,Documentation,HO Documentation,True,"
Based on my discussion with the Delivery team (Varun from HO Documentation), the following process are not valid anymore. Please check and move them under inactive status.",,,,No,
309,,Agency Website Support (CMS),HO Customer Care,eCommerce Support,Agency Website Support (CMS),Sales & Customer Care,Inactive,,,Y,,,,,,Head Office,,,,eCommerce Support,,,BUSINESS,,,,,,Other Customer care,eCommerce Support,,,,,,,
312,,Allocation,Customer Care,Customer Service,Allocation,Sales & Customer Care,Inactive,,,Y,,,,,,,,,,Customer Service,,,,,,,,,Customer service,Customer Service,,,,,,,
313,Yes,Stock Reconciliation,Logistics,Stock Management,Stock Reconciliation,"Shipping Ops, Log & Interm",Active,Delivery,,Y,Per nb of stock reports,,"<div class=""ExternalClass3B29498074DE4C8A9503F58547E1504E""><div style=""font-family&#58;Calibri, Arial, Helvetica, sans-serif;font-size&#58;11pt;color&#58;rgb(0, 0, 0);""><span style=""color&#58;black;"">​<span style=""font-family&#58;Calibri, Arial, Helvetica, sans-serif;background-color&#58;rgb(255, 255, 255);display&#58;inline !important;"">​Manual excel</span></span><br></div></div>",,SHIPPING,Agency,,Equipment Mgt,Logistics,Stock Management,HO Logistics Dept,,Industrial Assets,OGU_201701,Logistics & Operations,Ind. Assets - Container Fleet Management,,,Container Fleet Management,Stock Management,,,GBS - Container Fleet Management Shipping Delivery,,,,
314,,Analyse and Manage stocks(Track and Monitor idle Empty),Logistics,Stock Management,Analyse and Manage stocks(Track and Monitor idle Empty),"Ops, Log, Ils & Legal",Inactive,,,Y,,,,,,Agency,,EQUIPMENT MGT,,Stock Management,HO Logistics Dept,,INDUSTRIAL ASSETS,,,,,,Logistics,Stock Management,,,,,,,
315,,AP Booking,F&A,Procure to pay,AP Booking,Finance,Inactive,,,Y,,,,,,Agency,,,,Procure to pay,HO Accounting Dept,,FINANCE,,Finance & performance,,,,Procure to pay,Accounts Payable Booking,,,,,,,
316,Yes,AP Booking Corporate,Procure to pay,AP Booking,AP Booking Corporate,Finance,Active,Delivery,"Booking of local expenses in Accounting system, C-Mona & C&Go",Y,Per nb of Invoices booked,"Booking of local expenses in Accounting system, C-Mona & C&Go",<div>Ocean/SAP</div>,,ALL BUs,Agency,,1. Payables,Procure to pay,Procure to pay,HO Cost control Dept,,Finance,OGU_201650,Finance & performance,Finance,,,Procure to pay,Accounts Payable Booking,,,GBS - Finance Logistics Delivery,,,Yes,
317,Yes,AP Booking Modular,Procure to pay,AP Booking,AP Booking Modular,Finance,Active,Delivery,Booking and reconciliation of Transport and Feeder invoices in LARA. Interfacing to account system. Few exceptions are booked directly in ERP,Y,Per nb of Invoices booked,"Booking and reconciliation of Transport and Feeder invoices in LARA. Interfacing to account system. Few exceptions are booked directly in ERP
","<div class=""ExternalClassE1A9476D4FD649EC89473006A6088612""><div style=""font-family&#58;Calibri, Arial, Helvetica, sans-serif;font-size&#58;11pt;color&#58;rgb(0, 0, 0);""><span style=""color&#58;black;"">​<div style=""margin&#58;0px;background-color&#58;rgb(255, 255, 255);font-family&#58;Calibri, Arial, Helvetica, sans-serif;font-size&#58;11pt;""><b>GBSI</b></div><div style=""margin&#58;0px;background-color&#58;rgb(255, 255, 255);font-family&#58;Calibri, Arial, Helvetica, sans-serif;font-size&#58;11pt;""><div style=""margin&#58;0px;""><span style=""margin&#58;0px;"">Ocean&#160;</span><span style=""margin&#58;0px;"">R11 &amp; R12 /&#160;</span><span style=""margin&#58;0px;"">Sage /&#160;</span><span style=""margin&#58;0px;"">LISA&#160;</span><div style=""margin&#58;0px;""><p style=""margin&#58;0px;""><br></p><p style=""margin&#58;0px;""><b>GBSC</b></p><div style=""margin&#58;0px;""><span style=""margin&#58;0px;background-color&#58;rgb(255, 255, 255);display&#58;inline !important;"">Oracle Discoverer - China/Japan/Korea/Taiwan</span><br></div><p style=""margin&#58;0px;"">C-report &#160;- HongKong<br></p><div style=""margin&#58;0px;""><p style=""margin&#58;0px;""><br></p><p style=""margin&#58;0px;"">Split type&#58; Trade / Modular / Corporate</p></div></div></div></div></span><br></div></div>",,SHIPPING,Agency,,1. Payables,Procure to pay,Procure to pay,HO Cost control Dept,,Finance,OGU_201650,Finance & performance,Finance,,,Procure to pay,Accounts Payable Booking,,,GBS - Finance Logistics Delivery,"<div class=""ExternalClass1B15E06F49FB413A9042DA3919F4F9FB""><div style=""font-family&#58;Calibri, Arial, Helvetica, sans-serif;font-size&#58;11pt;color&#58;rgb(0, 0, 0);""><span style=""color&#58;black;""><a href=""/sites/CMA-GlobalBusinessServices/Shared%20Documents/Forms/AllItems.aspx?ga=1&amp;id=/sites/CMA-GlobalBusinessServices/Shared%20Documents/Shared%20KPIs/F%26A%20processes%20-%20volume%20of%20transaction%20PIC%20%26%20data%20source/Procure%20to%20Pay/AP%20Payment&amp;viewid=4d22bbf0-1e02-4f79-9aaa-fb82a4b4c210"" title=""​GBS Governance SharePoint"">​GBS Governance SharePoint</a></span><br></div></div>",,Yes,
318,Yes,AP Booking Trade,Procure to pay,AP Booking,AP Booking Trade,Finance,Active,Delivery,"Booking of Trade costs (except modular and corporate invoices) in Accounting System, LARA or VCR. ",Y,Per nb of Invoices booked,"Booking of Trade costs (except modular and corporate invoices) in Accounting System, LARA or VCR. 
","<div class=""ExternalClass652B1CC4432D41EF96B9C37FC1572E4C""><div style=""font-family&#58;Calibri, Arial, Helvetica, sans-serif;font-size&#58;11pt;color&#58;rgb(0, 0, 0);""><span style=""color&#58;black;""><b>​</b></span><b>GBSI</b></div><div style=""font-family&#58;Calibri, Arial, Helvetica, sans-serif;font-size&#58;11pt;color&#58;rgb(0, 0, 0);""><div style=""margin-top&#58;0px;margin-bottom&#58;0px;""><span>Ocean&#160;</span><span style=""font-size&#58;11pt;"">R11 &amp; R12 /&#160;</span><span style=""font-size&#58;11pt;"">Sage /&#160;</span><span style=""font-size&#58;11pt;"">LISA&#160;</span><div><p><br></p><p><b>GBSC</b></p><div style=""margin-top&#58;0px;margin-bottom&#58;0px;""><span style=""font-family&#58;Calibri, Arial, Helvetica, sans-serif;background-color&#58;rgb(255, 255, 255);display&#58;inline !important;"">Oracle Discoverer - China/Japan/Korea/Taiwan</span><br></div><p>C-report &#160;- HongKong<br></p><div style=""""><p><br></p><p>Split type&#58; Trade / Modular / Corporate</p><br></div><br><p></p><br></div></div></div></div>",,ALL BUs,Agency,,1. Payables,Procure to pay,Procure to pay,HO Cost control Dept,True,Finance,OGU_201650,Finance & performance,Finance,,,Procure to pay,Accounts Payable Booking,,,GBS - Finance Logistics Delivery,"<div class=""ExternalClass6E45CCA6EF714ABF9931DBC0DC2A5CDE""><div style=""font-family&#58;Calibri, Arial, Helvetica, sans-serif;font-size&#58;11pt;color&#58;rgb(0, 0, 0);""><a href=""/sites/CMA-GlobalBusinessServices/Shared%20Documents/Forms/AllItems.aspx?ga=1&amp;id=/sites/CMA-GlobalBusinessServices/Shared%20Documents/Shared%20KPIs/F%26A%20processes%20-%20volume%20of%20transaction%20PIC%20%26%20data%20source/Procure%20to%20Pay/AP%20Payment&amp;viewid=4d22bbf0-1e02-4f79-9aaa-fb82a4b4c210"" title=""GBS Governance Sharepoint"">GBS Governance Sharepoint</a></div></div>",Top Budget,Yes,
319,Yes,AP Classification,Procure to pay,AP Classification,AP Classification,Finance,Active,Delivery,Reception of Supplier invoices. Split and Merge process. Splitting by cost type to ensure routing to the correct AP Booking team.,N,Per nb of invoices,Reception of Supplier invoices.  Splitting by cost type to ensure routing to the correct AP Booking team.,,,ALL BUs,Agency,,1. Payables,Procure to pay,Procure to pay,HO Cost control Dept,,Finance,OGU_201653,Finance & performance,Finance,,,Procure to pay,Accounts Payable Classification,,,GBS - Finance Logistics Delivery,,,Yes,
320,Yes,AP Helpdesk,Procure to pay,AP Helpdesk,AP Helpdesk,Finance,Active,Delivery,Handling of all queries from Suppliers. Follow up with various stakeholders within the group to resolve RFI's. Act as VMD requestor.,N,Per nb of calls and emails,Handling of all queries from Suppliers. Follow up with various stakeholders within the group to resolve RFI's. Act as VMD requestor.,,,ALL BUs,Agency,,1. Payables,Procure to pay,Procure to pay,HO Cost control Dept,,Finance,OGU_201651,Finance & performance,Finance,,,Procure to pay,Accounts Payable Helpdesk,,,GBS - Finance Logistics Delivery,,,No,
321,Yes,AP payment,Procure to pay,AP Payment,AP payment,Finance,Active,Delivery,Performing the payment initiation in ERP's. Pushing to the approver to release the payment to the supplier,Y,Per nb of invoices,"Performing the payment initiation in ERP's. Pushing to the approver to release the payment to the supplier
",<div>OCEAN</div>,,ALL BUs,Agency,,1. Payables,Procure to pay,Procure to pay,HO Cost control Dept,,Finance,OGU_201652,Finance & performance,Finance,,,Procure to pay,Accounts Payable Payment,,,GBS - Finance Logistics Delivery,"<div class=""ExternalClassF8266E66E55F41F68BA1BEAD7BE5122B""><div style=""font-family&#58;Calibri, Arial, Helvetica, sans-serif;font-size&#58;11pt;color&#58;rgb(0, 0, 0);""><a href=""/sites/CMA-GlobalBusinessServices/Shared%20Documents/Forms/AllItems.aspx?ga=1&amp;id=/sites/CMA-GlobalBusinessServices/Shared%20Documents/Shared%20KPIs/F%26A%20processes%20-%20volume%20of%20transaction%20PIC%20%26%20data%20source/Procure%20to%20Pay/AP%20Payment/GBSI%20working%20files&amp;viewid=4d22bbf0-1e02-4f79-9aaa-fb82a4b4c210"" title=""GBS Sharepoint link"">GBS Sharepoint link</a></div></div>",,Yes,
322,Yes,AP Reporting,Procure to pay,Procure to pay,AP Reporting,Finance,Active,Delivery,Preparation of AP related reports,Y,Per nb of report send,"Preparation of AP related reports
",,,ALL BUs,Agency,,1. Payables,Procure to pay,Procure to pay,HO Cost control Dept,,Finance,OGU_201655,Finance & performance,Finance,,,Procure to pay,Other Procure to Pay,,,GBS - Finance Logistics Delivery,,,No,
323,Yes,AP RFI Resolution,Procure to pay,AP Helpdesk,AP RFI Resolution,Finance,Active,Delivery,Contact the ROI responders across the group (agency Finance / ILS team /RCC /PCR /Equipment team etc) to provide resolution ,N,Per nb of RFI resolved,"Send RFIs, request for information to provide resolution",,,ALL BUs,Agency,,1. Payables,Procure to pay,Procure to pay,HO Cost control Dept,,Finance,OGU_201651,Finance & performance,Finance,,,Procure to pay,Accounts Payable Helpdesk,,,GBS - Finance Logistics Delivery,,,No,
324,Yes,AP SOA,Procure to pay,AP Helpdesk,AP SOA,Finance,Active,Delivery,Reconciliation of the Statement of Account of the Suppliers ,Y,Per nb of statement of account send,"Reconciliation of the Statement of Account of the Suppliers 
",,,ALL BUs,Agency,,1. Payables,Procure to pay,Procure to pay,HO Cost control Dept,,Finance,OGU_201651,Finance & performance,Finance,,,Procure to pay,Accounts Payable Helpdesk,,,GBS - Finance Logistics Delivery,,,No,
325,,AP Vendor Administration,Master data management,AP Master Data Mgt,AP Vendor Administration,Finance,Inactive,,Request creation of new suppliers,Y,Per nb of requests,"Request creation of new suppliers
",,,,Agency,,1. Payables,Procure to pay,Procure to pay,HO Accounting Dept,,FINANCE,,Finance & performance,,,,Procure to pay,AP Master Data Mgt,,,,,,No,
326,Yes,AP Vendor Order,Procure to pay,AP Helpdesk,AP Vendor Order,Finance,Active,Delivery,Responsible in raising the vendor master request in CIRA,Y,Per request,"Raise the vendor master request in CIRA
",,,SHIPPING,Agency,,1. Payables,Procure to pay,Procure to pay,HO Cost control Dept,,Finance,OGU_201655,Finance & performance,Finance,,,Procure to pay,Other Procure to Pay,,,GBS - Finance Logistics Delivery,,,Yes,
327,,APL Manual and EDI Tracking,Logistics,Equipment management,APL Manual and EDI Tracking,"Ops, Log, Ils & Legal",Inactive,,,Y,,,,,,,,,,Equipment management,,,,,,,,,Logistics,Equipment Management,,,,,,,
328,,APL Marine Claims,Legal,Maritime Claims,APL Marine Claims,"Ops, Log, Ils & Legal",Inactive,,,Y,,,,,,,,,,Maritime Claims,,,LEGAL,,,,,,Legal,Maritime Claims,,,,,,,
330,,APVA,F&A,Procure to pay,APVA,Finance,Inactive,,,Y,,,,,,,,,Procure to pay,Procure to pay,HO Accounting Dept,,FINANCE,,Finance & performance,,,,Procure to pay,AP Master Data Mgt,,,,,,,
331,,APVO,F&A,Procure to pay,APVO,Finance,Inactive,,,Y,,,,,,,,,,Procure to pay,HO Accounting Dept,,FINANCE,,Finance & performance,,,,Procure to pay,Procure to pay,,,,,,,
332,,AR - Cross Payment,Order to cash,AR invoicing,AR - Cross Payment,Finance,Inactive,,,Y,,,,,,Agency,,,,Accounting,HO Finance Dept,,FINANCE,,Finance & performance,,,,Order to cash,AR invoicing,,,,,,,
333,Yes,AR - Helpdesk,Order to cash,AR Receipt processing,AR - Helpdesk,Finance,Active,Delivery,Follow-up and chasing customers to clear aged unapplied receipts,Y,Per nb of calls and emails,Follow-up and chasing customers to clear aged unapplied receipts,,,ALL BUs,Agency,,2. Receivables,Order to cash,Order to cash,HO Credit Management Dept,,Finance,OGU_201619,Finance & performance,Finance,,,Order to cash,Accounting Receivable Helpdesk,,Aligned as per HR OGU referentials,GBS - Finance Shipping Delivery,,,Yes,
334,,AR - Invoicing,Order to cash,AR invoicing,AR - Invoicing,Finance,Inactive,,,Y,,,,,,Agency,,,,Accounting,HO Accounting Dept,,FINANCE,,Finance & performance,,,,Order to cash,AR invoicing,,,,,,,
335,,AR - Xpayment,Order to cash,AR invoicing,AR - Xpayment,Finance,Inactive,,,Y,,,,,,Agency,,,,Accounting,HO Accounting Dept,,FINANCE,,Finance & performance,,,,Order to cash,AR invoicing,,,,,,,
336,,AR Cross Payment,Order to cash,AR invoicing,AR Cross Payment,Finance,Inactive,,,Y,,,,,,Agency,,,,Accounting,,,FINANCE,,,,,,Order to cash,AR invoicing,,,,,,,
337,,AR Dispute,Customer Care,Dispute Management,AR Dispute,Sales & Customer Care,Inactive,,,Y,,,,,,Agency,,,,Dispute Management,,,BUSINESS,,,,,,Customer service,Dispute Management,,,,,,,
338,,AR Disputes,Customer Care,Dispute Management,AR Disputes,Sales & Customer Care,Inactive,,,Y,,,,,,Agency,,,,Dispute Management,,,BUSINESS,,,,,,Customer service,Dispute Management,,,,,,,
339,,AR Helpdesk,Customer Care,Customer Service,AR Helpdesk,Finance,Inactive,,,Y,,,,,,Agency,,,,Accounting,,,FINANCE,,,,,,Order to cash,AR Receipt processing,,,,,,,
340,Yes,AR invoicing,Order to cash,AR invoicing,AR invoicing,Finance,Active,Delivery,"Manual invoicing for non LARA invoices e.g. container sales, commission invoices, etc",Y,Per nb of Invoices,"Manual invoicing for non LARA invoices e.g. container sales, commission invoices, etc",<div>Disco/FICA Datamart/LARA MIRROR</div>,,ALL BUs,Agency,,2. Receivables,Order to cash,Order to cash,HO Accounting Dept,,Finance,OGU_201645,Finance & performance,Finance,,,Order to cash,Accounts receivable Invoicing,,,GBS - Finance Logistics Delivery,"<div class=""ExternalClassA1F952A2406E45FA9BB771DBC7DDA4F7""><div style=""font-family&#58;Calibri, Arial, Helvetica, sans-serif;font-size&#58;11pt;color&#58;rgb(0, 0, 0);""><span style=""color&#58;black;""><a href=""/sites/CMA-GlobalBusinessServices/Shared%20Documents/Forms/AllItems.aspx?ga=1&amp;id=/sites/CMA-GlobalBusinessServices/Shared%20Documents/Shared%20KPIs/F%26A%20processes%20-%20volume%20of%20transaction%20PIC%20%26%20data%20source/Order%20to%20Cash/AR%20invoicing&amp;viewid=4d22bbf0-1e02-4f79-9aaa-fb82a4b4c210"" title=""​GBS Sharepoint link"">​GBS Sharepoint link</a></span><br></div></div>",,Yes,
341,,AR Query,Customer Care,Dispute Management,AR Query,Sales & Customer Care,Inactive,,,Y,,,,,,Agency,,,,Dispute Management,,,,,,,,,Customer service,Dispute Management,,,,,,,
342,Yes,AR Receipt processing,Order to cash,AR Receipt processing,AR Receipt processing,Finance,Active,Delivery,Matching the customer payment against the invoices with the support of remittance copies,Y,Per Receipt,Matching the customer payment against the invoices with the support of remittance copies,"<div class=""ExternalClass82DEE43448AE4F848B6C15526E72C1A5""><div><font color=""#000000"">Ocean R11, R12 / SAGE / LISA<p><br></p><div style=""margin-top&#58;0px;margin-bottom&#58;0px;""><span>CQ (Ocean)<br></span><div>Exclude<br></div><div>1) Reversal reason = payment reversals (deleted)<br></div><div>2) Type = MISC. Only considers &quot;CASH&quot;<br></div><div><br></div><div>CQ (FICA - uses teradata)<br></div><div>Customised query using &#58; Volume = No. of &quot;Payment Lot&quot; lines.<br></div><div>FICA &amp; datamart has 48hrs gap.<br></div><div>WD3 or WD4 to extract. <br></div><div><br></div><div>GBSI (FICA uses manual tracking file and not teradata)<br></div><div>Due to FICA datamart not updated real time, GBSI uses manual tracking file - ready by D+2.<br></div><div>- By number of payment lots created by GBSI, ignore those created by agency<br></div><div><br></div><div>GBSI (SAGE uses manual tracking file)<br></div><div>&#160;- updates daily and shared to MIS team monthly on D+2<br></div><span>- By number of payments created by GBSI, ignore those created by agency</span><br></div></font></div></div>",,ALL BUs,Agency,,2. Receivables,Order to cash,Order to cash,HO Accounting Dept,True,Finance,OGU_201644,Finance & performance,Finance,,,Order to cash,Accounts receivable Receipt Processing,,,GBS - Finance Logistics Delivery,"<div class=""ExternalClassD6354639B72B40E991E9FBE90087C593""><div style=""font-family&#58;Calibri, Arial, Helvetica, sans-serif;font-size&#58;11pt;color&#58;rgb(0, 0, 0);""><span style=""color&#58;black;""><a href=""/sites/CMA-GlobalBusinessServices/Shared%20Documents/Forms/AllItems.aspx?ga=1&amp;id=/sites/CMA-GlobalBusinessServices/Shared%20Documents/Shared%20KPIs/F%26A%20processes%20-%20volume%20of%20transaction%20PIC%20%26%20data%20source/Order%20to%20Cash/AR%20Receipt%20Processing&amp;viewid=4d22bbf0-1e02-4f79-9aaa-fb82a4b4c210"" title=""​GBS Governance SharePoint"">​GBS Governance SharePoint</a></span><br></div></div>",Top Budget,Yes,
343,,AR Receipt processing (Cashier CR),Order to cash,AR Receipt processing,AR Receipt processing (Cashier CR),Finance,Inactive,,,Y,,,,,,Agency,,,,Accounting,HO Accounting Dept,,FINANCE,,Finance & performance,,,,Order to cash,AR Receipt processing,,,,,,,
344,Yes,AR Refund,Order to cash,AR Refund,AR Refund,Finance,Active,Delivery,Excess/Double payment/Deposit charges are refunded back to the customers basis their request ,Y,Per refund,Excess/Double payment/Deposit charges are refunded back to the customers basis their request ,,,ALL BUs,Agency,,2. Receivables,Order to cash,Order to cash,HO Accounting Dept,,Finance,OGU_201647,Finance & performance,Finance,,,Order to cash,Accounts receivable refund,,,GBS - Finance Logistics Delivery,,,Yes,
345,,AR Refunds,Order to cash,AR Receipt processing,AR Refunds,Finance,Inactive,,,Y,,,,,,Agency,,,,Accounting,,,FINANCE,,Finance & performance,,,,Order to cash,AR Refund,,,,,,,
346,,ARO,Commercial Support,Pricing Admin Activities,ARO,Sales & Customer Care,Inactive,,,Y,,,,,,,,,,Pricing Admin Activities,,,,,,,,,Commercial Support,Pricing Admin Activities,,,,,,,
347,,ARO Quotation,Commercial Support,Pricing Support,ARO Quotation,Sales & Customer Care,Inactive,,,Y,,,,,,,,,,Pricing Support,,,,,,,,,Commercial,Pricing Support,,,,,,,
348,,ARO Service Contract,Commercial Support,Pricing Admin Activities,ARO Service Contract,Sales & Customer Care,Inactive,,,Y,,,,,,,,,,Pricing Admin Activities,,,,,,,,,Commercial Support,Pricing Admin Activities,,,,,,,
349,,ARO SVC,Commercial Support,Pricing Admin Activities,ARO SVC,Sales & Customer Care,Inactive,,,Y,,,,,,,,,,Pricing Admin Activities,,,,,,,,,Commercial Support,Pricing Admin Activities,,,,,,,
350,,ARO USC,Commercial Support,Pricing Admin Activities,ARO USC,Sales & Customer Care,Inactive,,,Y,,,,,,,,,,Pricing Admin Activities,,,,,,,,,Commercial Support,Pricing Admin Activities,,,,,,,
351,Yes,"As Used - Forwarding order, Settlement order & Invoice",Master data management,HO partnership agreement data management,"As Used - Forwarding order, Settlement order & Invoice","Shipping Ops, Log & Interm",Active,Delivery,,Y,"Per nb of Forwarding order, Settlement order & Invoice  ",Extracting the Forwarding Orders and Settlement Order for the Partners. Getting confirmation from Partner for the Settlement order. Creating Invoice after confirmation from partner and sending Invoice to the partners,"<div class=""ExternalClassA2B8B7E26F3A4451931920CB5F4EA05F""><div style=""font-family&#58;Calibri, Arial, Helvetica, sans-serif;font-size&#58;11pt;color&#58;rgb(0, 0, 0);""><span style=""color&#58;black;"">​<div style=""margin&#58;0px;background-color&#58;rgb(255, 255, 255);font-family&#58;Calibri, Arial, Helvetica, sans-serif;font-size&#58;11pt;""><span style=""margin&#58;0px;color&#58;black;"">​</span><span style=""margin&#58;0px;color&#58;black;"">​SharePoint</span></div><div style=""margin&#58;0px;background-color&#58;rgb(255, 255, 255);font-family&#58;Calibri, Arial, Helvetica, sans-serif;font-size&#58;11pt;""><span style=""margin&#58;0px;color&#58;black;""><p style=""margin&#58;0px;""><br></p><div style=""margin&#58;0px;"">Reports<br></div></span></div><br></span><br></div></div>",,SHIPPING,Head Office,,Pool,Partnership Agreement,POOL Agreement Monitoring,HO Partnership Agreement Dept,,Industrial Assets,OGU_201717,Logistics & Operations,Business - Pool,,,Partnership agreement,Partnership Agreement,,,GBS - Intermodal and Operations Shipping Delivery,"<div class=""ExternalClass5779F9BC13F34363B46495C9FCC00B31""><div style=""font-family&#58;Calibri, Arial, Helvetica, sans-serif;font-size&#58;11pt;color&#58;rgb(0, 0, 0);""><span style=""color&#58;black;""><a href=""/sites/CMA-MasterDataTeamsite/Archive%20form%20MIRA/Forms/AllItems.aspx?id=/sites/CMA-MasterDataTeamsite/Archive%20form%20MIRA/LARA%20PARTNER%20GROUP%20TEAMS/Team_Internal_Chennai%20new/PA%20ASUSED/Reports/2022&amp;viewid=e1e99554-69a3-49e2-9520-c012eaa5b3be"" title=""​Sharepoint"">​Sharepoint</a></span><br></div></div>",,Yes,
352,,As Used – Invoice,Master data management,HO data Management,As Used – Invoice,"Ops, Log, Ils & Legal",Inactive,,,Y,,,,,,,,,,,,,INDUSTRIAL ASSETS,,,,,,Partnership agreement,HO partnership agreement data management,,,,,,,
353,,As Used – Partnership Agreement Creation,Master data management,HO data Management,As Used – Partnership Agreement Creation,"Ops, Log, Ils & Legal",Inactive,,,Y,,,,,,,,,,,,,INDUSTRIAL ASSETS,,,,,,Partnership agreement,HO partnership agreement data management,,,,,,,
354,Yes,As Used - Partnership Agreement Creation/Amendment,Master data management,HO partnership agreement data management,As Used - Partnership Agreement Creation/Amendment,"Shipping Ops, Log & Interm",Active,Delivery,,Y,Per nb of PA Creation/Amendment (Lines) ,Create and Amend “Partnership Agreement” in LISA to allow 3PF customers and CMA CGM subsidiaries to use loading space (Container slot) of the vessel belongs to CMA CGM.,"<div class=""ExternalClass46319541D249495885534DE377D1AC3A""><div style=""font-family&#58;Calibri, Arial, Helvetica, sans-serif;font-size&#58;11pt;color&#58;rgb(0, 0, 0);""><span style=""color&#58;black;"">​SharePoint<p><br></p><p>Report name&#58;&#160;Reports</p></span><br></div></div>",,SHIPPING,Head Office,,Pool,Partnership Agreement,POOL Agreement Monitoring,HO Partnership Agreement Dept,,Industrial Assets,OGU_201717,Logistics & Operations,Business - Pool,,,Partnership agreement,Partnership Agreement,,,GBS - Intermodal and Operations Shipping Delivery,"<div class=""ExternalClass3ADD8A2C59504DBA8166696550305046""><div style=""font-family&#58;Calibri, Arial, Helvetica, sans-serif;font-size&#58;11pt;color&#58;rgb(0, 0, 0);""><span style=""color&#58;black;""><a href=""/sites/CMA-MasterDataTeamsite/Archive%20form%20MIRA/Forms/AllItems.aspx?id=/sites/CMA-MasterDataTeamsite/Archive%20form%20MIRA/LARA%20PARTNER%20GROUP%20TEAMS/Team_Internal_Chennai%20new/PA%20ASUSED/Reports&amp;viewid=e1e99554-69a3-49e2-9520-c012eaa5b3be"" title=""​SharePoint"">​SharePoint</a></span><br></div></div>",,Yes,
355,,ATB input,Customer Care,Customer Service,ATB input,Sales & Customer Care,Inactive,,,Y,,,,,,,,,,Customer Service,,,,,,,,,Customer service,Customer Service,,,,,,,
356,,"ATB input, ATB Split and Cleaning, ATB manifesting",Customer Care,Customer Service,"ATB input, ATB Split and Cleaning, ATB manifesting",Sales & Customer Care,Inactive,,,Y,,,,,,,,,,Customer Service,,,,,,,,,Customer service,Customer Service,,,,,,,
357,,ATB manifesting,Customer Care,Customer Service,ATB manifesting,Sales & Customer Care,Inactive,,,Y,,,,,,,,,,Customer Service,,,,,,,,,Customer service,Customer Service,,,,,,,
358,Yes,Tender Quality & Control,Transverse Commercial,Commercial Performance Improvement,Tender Quality & Control,Commercial & Add Value Activities,Active,Delivery,Review data/files during Tender process and LARA integration files.,Y,Per nb of quote lines,Nb of Quoted lanes in each Tender round,"<div class=""ExternalClass838D0BAD5EBE4375898BED6F3429324E""><div>WTT / Email</div></div>",NA - GBS,SHIPPING,HO / RO / Agency,,Line Management,Commercial,,HO Global Account Dept,,Business,OGU_201697,Pascaline Barone,Business - Commercial,,,Transverse Commercial,Commercial Process Improvement,True,,GBS - Commercial Shipping Delivery,"<div class=""ExternalClassDB1BC8F904694523B10E683A05024248""><div style=""font-family&#58;Calibri, Arial, Helvetica, sans-serif;font-size&#58;11pt;color&#58;rgb(0, 0, 0);""><span style=""color&#58;black;"">​<a href=""https&#58;//ga-tender.cma-cgm.com/"">https&#58;//ga-tender.cma-cgm.com/</a></span><br></div></div>",,No,
359,,Audits,HO Customer Care,HO Documentation,Audits,Customer Care,Inactive,,"Running (SQL and C-report) reports on a regular frequency for below missing information and chase respective POLs to update required information in the system. 
a. AMS (If Departure screen not updated)
b. Identification Number (Missing of HS Code/CUIT/RUC)
c. STC on Bill
d. Dummy Partner code (Notification to POL)
e. Missing CBM 
f.  Waybill CEE to order
g. Waybill not allowed

",Y,Per BL,"Nb of BLs actioned against the report
",<div>Local Excel database</div>,,SHIPPING,Head Office,202402,Customer Care,"Booking, Doc & FAI",HO Documentation,HO Documentation Dept,,BUSINESS,,Sales & Customer Care,,,,Documentation,HO Documentation,True,,,,,,
361,,Bank Accounting,F&A,Record to report,Bank Accounting,Finance,Inactive,,,Y,,,,,,Agency,,,,Accounting,,,FINANCE,,Finance & performance,,,,Record to report,Record to report,,,,,,,
362,Yes,Bank Reconciliation,Record to report,Record to report,Bank Reconciliation,Finance,Active,Delivery,Reconciling of bank book and cash book,Y,Per statement lines,Reconciling of bank book and cash book,"<div class=""ExternalClass3F1324D8660B4AD8AF01DA78056085E7""><div><font color=""#000000"">OCEAN / SAGE</font></div></div>",,ALL BUs,Agency,,3. Accounting,Record to report,Accounting,HO Accounting Dept,,Finance,OGU_201658,Finance & performance,Finance,,,Record to report,Bank Reconciliation,,,GBS - Finance Logistics Delivery,"<div class=""ExternalClass92419F4E05F44135921765163420E37A""><div style=""font-family&#58;Calibri, Arial, Helvetica, sans-serif;font-size&#58;11pt;color&#58;rgb(0, 0, 0);""><span style=""color&#58;black;""><a href=""/sites/CMA-GlobalBusinessServices/Shared%20Documents/Forms/AllItems.aspx?ga=1&amp;id=/sites/CMA-GlobalBusinessServices/Shared%20Documents/Shared%20KPIs/F%26A%20processes%20-%20volume%20of%20transaction%20PIC%20%26%20data%20source/Record%20to%20Report/Bank%20Reconciliation&amp;viewid=4d22bbf0-1e02-4f79-9aaa-fb82a4b4c210"" title=""​GBS Sharepoint link"">​GBS Sharepoint link</a></span><br></div></div>",,Yes,
363,,Barge management,Operations,Third Party Feeder,Barge management,"Ops, Log, Ils & Legal",Inactive,,,Y,,,,,,,,,,Transhipment & Connection desk,,,BUSINESS,,,,,,Operations,Transhipment & Connection desk,,,,,,,
364,Yes,BFR,Record to report,Record to report,BFR,Finance,Active,Delivery,"Understanding of fund positioning arising out of trade payables and receivables booked in Agency books via MGA and Integrate into Carrier books. Follow up on pending freight, Debit Note, MGA settlement and make sure that there is no intercompany variance etc",Y,Per entries posted,"Understanding of fund positioning arising out of trade payables and receivables booked in Agency books via MGA and Integrate into Carrier books. Follow up on pending freight, Debit Note, MGA settlement and make sure that there is no intercompany variance etc
",,,SHIPPING,Head Office,,3. Accounting,Record to report,Accounting,HO Accounting Dept,,Finance,OGU_201632,Finance & performance,Finance,,,Record to report,Working Capital Requirement BFR,,,GBS - Finance Shipping Delivery,,,Yes,
365,Yes,Blank Forms,HO Customer Care,HO Documentation,Blank Forms,Customer Care,Active,Delivery,"GBSI receives stationary (Blank Forms) order request from agencies. Same to be validated and processed to create orders with the vessel details and share the order details to CMA Ships for loading procedures. 

Blank forms shipments needs to be tracked by the GBSI team till delivered to the POD agencies.",Y,Per nb of requests,No. of request received in Outlook,<div> Local Excel database</div>,,SHIPPING,Head Office,,Customer Care,"Booking, Doc & FAI",HO Documentation,HO Documentation Dept,,Business,OGU_201855,Sales & Customer Care,Business - Customer Care,,,Other Customer Care,Customized Services,,,GBS - Customer Care Shipping Delivery,,,,
366,,Booking,Customer Care,Booking,Booking,Sales & Customer Care,Inactive,,,Y,,,,,,Agency,,,,Booking,,,BUSINESS,,,,,,Booking,Booking,,,,,,,
367,Yes,Booking Amendments,Customer Care,Booking,Booking Amendments,Customer Care,Active,Delivery,"Any change request post confirmation (reservation) of the booking from customer or internal teams to amend any data element in Booking viz. Routing, vessel, container type etc…",N,Per nb of Booking Amendments Confirmed,"Any change request post confirmation (reservation) of the booking from customer or internal teams to amend any data element in Booking viz. Routing, vessel, container type etc…","<div class=""ExternalClass38F8B26B736F4C54A19C5D6C7777D1EB""><div><span style=""color&#58;black;"">​</span><b>Nova Analytics (Sales force)</b></div><div><p><i><u>Category&#58;</u> Booking amendments<br></i></p><p><i><u>Period&#58;</u> Current Month / Quarter / Week / Day</i></p></div></div>",,SHIPPING,Agency,,Customer Care,"Booking, Doc & FAI",Booking,HO GEN Dept,,Business,OGU_201665,Sales & Customer Care,Business - Customer Care,,,Service Delivery,Booking,True,"Due to Customer care HO alignment
PL 1 - Changed from Booking to Service Delivery",GBS - Customer Care Shipping Delivery,"<div class=""ExternalClassDD56F359B257459CBC4B60E8A81F89F6""><div style=""font-family&#58;Calibri, Arial, Helvetica, sans-serif;font-size&#58;11pt;color&#58;rgb(0, 0, 0);""><span style=""color&#58;black;""><i><a href=""https&#58;//cma-cgm.lightning.force.com/one/one.app#eyJjb21wb25lbnREZWYiOiJ3YXZlOndhdmVIb21lVGFiIiwiYXR0cmlidXRlcyI6eyJhc3NldElkIjoiMEZLNXAwMDAwMDBMUEI3R0FPIiwiYXNzZXRUeXBlIjoiZGFzaGJvYXJkIiwiZm9sZGVySWQiOiIwMGwwTjAwMDAwMGFlNkhRQVEifSwic3RhdGUiOnt9fQ%3D%3D"" title=""​Nova Analytics"">​Nova Analytics</a></i></span><br></div></div>",Top cost,Yes,
368,,Booking Cancellation,Cargo Ops,Cargo Readiness,Booking Cancellation,Sales & Customer Care,Inactive,,,Y,,,,,,Agency,,,,Cargo Readiness,,,BUSINESS,,,,,,Customer service - Cargo Readiness,Cargo Readiness,,,,,,,
369,,Booking Cancellation -GRS,Cargo Ops,Cargo Readiness,Booking Cancellation -GRS,Sales & Customer Care,Inactive,,,Y,,,,,,Agency,,,,Cargo Readiness,,,BUSINESS,,,,,,Customer service - Cargo Readiness,Cargo Readiness,,,,,,,
370,,Booking updates,Customer Care,Booking,Booking updates,Sales & Customer Care,Inactive,,,N,,,,,,Agency,,,,Booking,,,,,,,,,Booking,Booking,,,,,,,
372,,Bunkering cost control,Procure to pay,Cost control,Bunkering cost control,Finance,Inactive,,"Bunkering is the process of updating the BDN  with Quantity, Delivery date of the fuel and Sulpher percentage based on the surveyor's report in Shiptech tool. ",Y,Per Bunker Delivery Note,"Updating the Bunker Delivery Notes with Quantity, Delivery date of the fuel and Sulpher percentage based on the surveyor's report in Shiptech tool. ",,,SHIPPING,Head Office,,1. Payables,Procure to pay,Cost control,HO Cost control Dept,,FINANCE,,Finance & performance,,,,Procure to pay,Cost control,,,,,,Yes,
374,Yes,Captain Statement of Accounts,Record to report,Record to report,Captain Statement of Accounts,Finance,Active,Delivery,"Reception of captain statement of accounts. Book expenses in ERP, and reconcile with Cash arranged to Master ",Y,Per nb of Vessel ,"Reception of captain statement of accounts. Book expenses in ERP, and reconcile with Cash arranged to Master 
",,,SHIPPING,Head Office,,3. Accounting,Record to report,Accounting,HO Accounting Dept,,Finance,OGU_201659,Finance & performance,Finance,,,Record to report,Other Record to Report,,,GBS - Finance Logistics Delivery,,,Yes,
375,,Cargo Care,Customer Care,Customer Service,Cargo Care,Customer Care,Inactive,Delivery,,Y,Per nb of LARA modification performed,LARA modification performed,<div>Nova</div>,,SHIPPING,Agency,,Customer Care,Customer Service,Customer Service,HO GEN Dept,,Business,OGU_201681,Sales & Customer Care,Business - Customer Care,,,Other Customer Care,Corporate Documentation,True,,GBS - Customer Care Shipping Delivery,"<div class=""ExternalClassC6529D8538F1434F87057DA46051CB84""><div style=""font-family&#58;Calibri, Arial, Helvetica, sans-serif;font-size&#58;11pt;color&#58;rgb(0, 0, 0);""><span style=""color&#58;black;"">​<a href=""https&#58;//cma-cgm.lightning.force.com/lightning/r/Dashboard/01Z5p00000114dlEAA/view?queryScope=userFolders"">https&#58;//cma-cgm.lightning.force.com/lightning/r/Dashboard/01Z5p00000114dlEAA/view?queryScope=userFolders</a></span><br></div></div>",,,
376,,Cargo Mgment,Operations,Cargo Ops desk,Cargo Mgment,"Ops, Log, Ils & Legal",Inactive,,,Y,,,,,,,,,,Cargo Operations,,,,,,,,,Operations,Cargo Operations,,,,,,,
377,,Cargo Mgment - IB,Operations,Cargo Ops desk,Cargo Mgment - IB,"Ops, Log, Ils & Legal",Inactive,,,Y,,,,,,,,,,Cargo Operations,,,,,,,,,Operations,Cargo Operations,,,,,,,
378,,Cargo Mgment - OB,Operations,Cargo Ops desk,Cargo Mgment - OB,"Ops, Log, Ils & Legal",Inactive,,,Y,,,,,,,,,,Cargo Operations,,,,,,,,,Operations,Cargo Operations,,,,,,,
379,,Cargo Mgment - RPT,Operations,Operations support,Cargo Mgment - RPT,"Ops, Log, Ils & Legal",Inactive,,,Y,,,,,,,,,,Cargo Operations,,,,,,,,,Operations,Cargo Operations,,,,,,,
380,,Cargo Readiness,Cargo Ops,Cargo Readiness,Cargo Readiness,Sales & Customer Care,Inactive,,,Y,,,,,,,,,,Cargo Readiness,,,BUSINESS,,,,,,Customer service - Cargo Readiness,Cargo Readiness,,,,,,,
381,,Cargo Readiness - GRS,Cargo Ops,Cargo Readiness,Cargo Readiness - GRS,Sales & Customer Care,Inactive,,,Y,,,,,,,,,,Cargo Readiness,,,BUSINESS,,,,,,Customer service - Cargo Readiness,Cargo Readiness,,,,,,,
382,,Cargo Readiness - Off Catalog Tasks,Cargo Ops,Cargo Readiness,Cargo Readiness - Off Catalog Tasks,Sales & Customer Care,Inactive,,,Y,,,,,,,,,,Cargo Readiness,,,BUSINESS,,,,,,Customer service - Cargo Readiness,Cargo Readiness,,,,,,,
383,,Cargo Readiness - Standard Scope,Cargo Ops,Cargo Readiness,Cargo Readiness - Standard Scope,Sales & Customer Care,Inactive,,,Y,,,,,,,,,,Cargo Readiness,,,BUSINESS,,,,,,Customer service - Cargo Readiness,Cargo Readiness,,,,,,,
384,Yes,Cargo Readiness Check,Cargo Ops,Cargo Readiness,Cargo Readiness Check,Customer Care,Active,Delivery,,Y,Per nb of containers,"Ensure local cargo’s readiness by checking doc/custom/ESI/VGM submission status before vessel ETA
","<div class=""ExternalClassFCCF62D391D547C5B6A9883A929949F8""><div style=""font-family&#58;Calibri, Arial, Helvetica, sans-serif;font-size&#58;11pt;color&#58;rgb(0, 0, 0);""><span style=""color&#58;black;"">​</span>Manual excel tracker</div></div>",,SHIPPING,Agency,,Customer Care,Customer service,Cargo Readiness,HO GEN Dept,True,Business,OGU_201808,Sales & Customer Care,Business - Customer Care,,,Service Delivery,Cargo Readiness,,"Due to Customer care HO alignment
PL 1 - Changed from Customer service - Cargo Readiness to Service Delivery",GBS - Customer Care Shipping Delivery,,,Yes,
385,Yes,Cargo Readiness Consolidation & Handover Report,Cargo Ops,Cargo Readiness,Cargo Readiness Consolidation & Handover Report,Customer Care,Active,Delivery,,N,Per nb of containers,"Consolidate customer response and send to agency by end of the shift to take further action from their end.
","<div class=""ExternalClass6FF76BD6EC1C40B2BC7780A7C7859B00""><span style=""margin&#58;0px;color&#58;black;font-family&#58;Calibri, Arial, Helvetica, sans-serif;font-size&#58;14.6667px;background-color&#58;rgb(255, 255, 255);"">​</span><span style=""color&#58;rgb(0, 0, 0);font-family&#58;Calibri, Arial, Helvetica, sans-serif;font-size&#58;14.6667px;background-color&#58;rgb(255, 255, 255);display&#58;inline !important;"">Manual excel tracker</span><br></div>",,SHIPPING,Agency,,Customer Care,Customer service,Cargo Readiness,HO GEN Dept,True,Business,OGU_201808,Sales & Customer Care,Business - Customer Care,,,Service Delivery,Cargo Readiness,,"""Due to Customer care HO alignment
PL 1 - Changed from Customer service - Cargo Readiness to Service Delivery",GBS - Customer Care Shipping Delivery,,,Yes,
386,Yes,Cargo Readiness Off Catalog Tasks,Cargo Ops,Cargo Readiness,Cargo Readiness Off Catalog Tasks,Customer Care,Active,Delivery,,N,Per nb of container,"Cancel bookings if no Activity or cancellation response from the customer.
","<div class=""ExternalClass718679AFC519406686E1091D6787CFC5""><div style=""font-family&#58;Calibri, Arial, Helvetica, sans-serif;font-size&#58;11pt;color&#58;rgb(0, 0, 0);""><span style=""color&#58;black;"">​<span style=""margin&#58;0px;color&#58;black;font-family&#58;Calibri, Arial, Helvetica, sans-serif;background-color&#58;rgb(255, 255, 255);"">​</span><span style=""font-family&#58;Calibri, Arial, Helvetica, sans-serif;background-color&#58;rgb(255, 255, 255);display&#58;inline !important;"">Manual excel tracker</span></span><br></div></div>",,SHIPPING,Agency,,Customer Care,Customer service,Cargo Readiness,HO GEN Dept,,Business,OGU_201808,Sales & Customer Care,Business - Customer Care,,,Service Delivery,Cargo Readiness,,"Due to Customer care HO alignment
PL 1 - Changed from Customer service - Cargo Readiness to Service Delivery",GBS - Customer Care Shipping Delivery,,,Yes,
387,,Cargo Readiness Standard Scope,Cargo Ops,Cargo Readiness,Cargo Readiness Standard Scope,Sales & Customer Care,Inactive,,,Y,,,,,,Agency,,,,Cargo Readiness,,,BUSINESS,,,,,,Customer service - Cargo Readiness,Cargo Readiness,,,,,,,
388,,Certificates,HO Customer Care,HO Documentation,Certificates,Customer Care,Inactive,,"GBSI receives Certificate request (CMA) via ZEN Desk ticketing. Validates the request and confirms agencies to issue certificates for Vessel Age, Flag and Classification. If the requested certificates not under GBSI Scope, ticket will be assigned to concern desk.",Y,Per nb of tickets assigned from Zendesk,Nb of requests handled in ZENDESK,<div>Local Excel database</div>,,SHIPPING,Head Office,,Customer Care,"Booking, Doc & FAI",HO Documentation,HO Documentation Dept,,Business,,Sales & Customer Care,,,,Documentation,HO Documentation,True,"
Based on my discussion with the Delivery team (Varun from HO Documentation), the following process are not valid anymore. Please check and move them under inactive status.",,,,,
389,,Claims,Legal,Maritime Claims,Claims,"Ops, Log, Ils & Legal",Inactive,,,Y,,,,,,Head Office,,,,Maritime Claims,,,LEGAL,,,,,,Legal,Maritime Claims,,,,,,,
390,,Claims - Senerity,Legal,Maritime Claims,Claims - Senerity,"Ops, Log, Ils & Legal",Inactive,,,Y,,,,,,Head Office,,,,Maritime Claims,,,LEGAL,,,,,,Legal,Maritime Claims,,,,,,,
391,,Claims - Serenity,Legal,Maritime Claims,Claims - Serenity,"Ops, Log, Ils & Legal",Inactive,,,Y,,,,,,Head Office,,,,Maritime Claims,,,LEGAL,,,,,,Legal,Maritime Claims,,,,,,,
393,,CMA OPS,Logistics,Equipment management,CMA OPS,"Ops, Log, Ils & Legal",Inactive,,,Y,,,,,,,,,,Equipment management,,,,,,,,,Logistics,Equipment Management,,,,,,,
395,,Collection,F&A,Collections,Collection,Finance,Inactive,,,Y,,,,,,Agency,,,,Collections,,,FINANCE,,Finance & performance,,,,Order to cash,Collections,,,,,,,
396,,Collection Reporting,F&A,Collections,Collection Reporting,Finance,Inactive,,,N,,,,,,Agency,,,,Collections,,,FINANCE,,Finance & performance,,,,Order to cash,Collections,,,,,,,
397,Not Applicable,Collections,Order to cash,Collections,Collections,Finance,Active,Delivery,Conduct collections follow-up calls/emails to customers via GetPaid or aging extractions from Accounting system,Y,Per active accounts,"Conduct collections follow-up calls/emails to customers via GetPaid or aging extractions from Accounting system
","<div class=""ExternalClassA523530E5A1A43A288E52FE4313D1FCD""><div><span style=""color&#58;black;"">​</span>QlikSense Exposure Trend for CRP dashboard / FICOM / FICA</div></div>",,ALL BUs,Agency,,2. Receivables,Order to cash,Collections,HO Credit Management Dept,True,Finance,OGU_201643,Finance & performance,Finance,,,Order to cash,Collections,,,GBS - Finance Logistics Delivery,,Top Budget,No,
398,,Collections & Collections support,F&A,Collections,Collections & Collections support,Finance,Inactive,,,N,,,,,,Agency,,,,Collections,HO Treasury Dept,,FINANCE,,Finance & performance,,,,Order to cash,Collections,,,,,,,
399,,Collections AdHoc Invoices,F&A,Collections,Collections AdHoc Invoices,Finance,Inactive,,,N,,,,,,Agency,,,,Collections,HO Treasury Dept,,FINANCE,,Finance & performance,,,,Order to cash,Collections,,,,,,,
400,,Collections Cargo Release,F&A,Collections,Collections Cargo Release,Finance,Inactive,,,N,,,,,,Agency,,,,Collections,HO Treasury Dept,,FINANCE,,Finance & performance,,,,Order to cash,Collections,,,,,,,
401,,Collections reporting,F&A,Collections,Collections reporting,Finance,Inactive,,,N,,,,,,Agency,,,,Collections,HO Treasury Dept,,FINANCE,,Finance & performance,,,,Order to cash,Collections,,,,,,,
402,Not Applicable,Collections Support,Order to cash,Collections,Collections Support,Finance,Active,Delivery,"Additional support activties for Collections, including Payment Confirmation, Late Payment Fee calculation, sending invoice copies and reporting ",N,Per active accounts,"Additional support activities for Collections, including Payment Confirmation, Late Payment Fee calculation, sending invoice copies and reporting 
",,,ALL BUs,Agency,,2. Receivables,Order to cash,Collections,HO Credit Management Dept,,Finance,OGU_201643,Finance & performance,Finance,,,Order to cash,Collections,,,GBS - Finance Logistics Delivery,,,No,
403,,Confirming rate filings,Customer Care,Customer Service,Confirming rate filings,Sales & Customer Care,Inactive,,,Y,,,,,,,,,,Customer Service,,,,,,,,,Other Customer care,Customer Service,,,,,,,
404,,Consolidation invoicing,Customer Care,Customer Service,Consolidation invoicing,Sales & Customer Care,Inactive,,,Y,,,,,,,,,,Customer Service,,,,,,,,,Other Customer care,Customer Service,,,,,,,
405,Yes,Container Misuse,Logistics,Equipment management,Container Misuse,"Shipping Ops, Log & Interm",Active,Delivery,,Y,Per Container Move misuse,"Review Misuse form received from Agency. Create Misuse reference.
Follow up for On Hire Move creation (if not available) and Misuse fee invoicing.","<div class=""ExternalClassB2465B1410544AC39CBE4CCD60F13916""><div style=""font-family&#58;Calibri, Arial, Helvetica, sans-serif;font-size&#58;11pt;color&#58;rgb(0, 0, 0);""><span style=""color&#58;black;"">​SharePoint<p><br></p><div style=""margin-top&#58;0px;margin-bottom&#58;0px;"">Report&#58; SSC Misuse Follow up report 2021.xlsx<p><br></p><p><br></p><br></div></span><br></div></div>",,SHIPPING,Head Office,,Equipment Mgt,Logistics,Equipment management,HO Logistics Dept,,Industrial Assets,OGU_201699,Logistics & Operations,Ind. Assets - Container Fleet Management,,,Container Fleet Management,Equipment Management,,,GBS - Container Fleet Management Shipping Delivery,"<div class=""ExternalClass19A435318667446B85F83E016492401D""><div style=""font-family&#58;Calibri, Arial, Helvetica, sans-serif;font-size&#58;11pt;color&#58;rgb(0, 0, 0);""><a href=""/&#58;x&#58;/s/CMA-LogisticDepartment/EXWXouC9t4xPrAUYugPBj0sBgZtPxH1kSml-JXUPgeMJzQ?e=4&#58;ykJhcr&amp;at=9&amp;CID=5A8A88BF-E913-4B69-A92B-8C7B64628F1C&amp;wdLOR=c5F9B1B08-E66D-4A24-82FD-0F42A8B3C049"" title=""Sharepoint"">Sharepoint</a></div></div>",,Yes,
406,Yes,Cost control,Procure to pay,Cost control,Cost control,Finance,Active,Delivery,Controlling incoming invoices manually as per IAP matrix in ERP tool or using VCR tool for trade Invoices ,Y,Per invoice approved,Controlling incoming invoices manually as per IAP matrix in ERP tool or using VCR tool for trade Invoices ,"<div class=""ExternalClassE971FDC03FCF4D72AF59E58AC037F502""><div><span style=""color&#58;black;"">​</span>VCR / Ocean / CIRA / SAGE</div></div>",,SHIPPING,Agency,,1. Payables,Procure to pay,Cost control,HO Cost Control Dept,True,Finance,OGU_201623,Finance & performance,Finance,,,Procure to pay,Cost control,,,GBS - Finance Shipping Delivery,"<div class=""ExternalClassAC1F56B43D4640388901ABF23B18CF79""><div style=""font-family&#58;Calibri, Arial, Helvetica, sans-serif;font-size&#58;11pt;color&#58;rgb(0, 0, 0);""><span style=""color&#58;black;""><a href=""/sites/CMA-GlobalBusinessServices/Shared%20Documents/Forms/AllItems.aspx?ga=1&amp;id=/sites/CMA-GlobalBusinessServices/Shared%20Documents/Shared%20KPIs/F%26A%20processes%20-%20volume%20of%20transaction%20PIC%20%26%20data%20source/Procure%20to%20Pay/Cost%20Control&amp;viewid=4d22bbf0-1e02-4f79-9aaa-fb82a4b4c210"" title=""​GBS Sharepoint link"">​GBS Sharepoint link</a></span><br></div></div>",,Yes,
407,Yes,Cost control - Dispute Handling,Procure to pay,Cost control,Cost control - Dispute Handling,Finance,Active,Delivery,Business rejections of the Invoices (Mismatch in Quantities or Tariffs). Raise the dispute with supplier by Cost Control team looping the APHD. APHD do the follow up later with supplier ,Y,Per nb of rejections (Business+Quality),"Reject Invoices in case of Mismatch in Quantities or Tariffs. Raise the dispute with supplier by looping the Account Payable Help Desk. The AP helpdesk does the follow up later with supplier 
",,,SHIPPING,Agency,,1. Payables,Procure to pay,Cost control,HO Cost Control Dept,,Finance,OGU_201623,Finance & performance,Finance,,,Procure to pay,Cost control,,,GBS - Finance Shipping Delivery,,,No,
408,Yes,Cost Control - Reporting & Recording,Procure to pay,Cost control,Cost Control - Reporting & Recording,Finance,Active,Delivery,Extractions of Pending and Rejection reports,Y,Per nb of uploaded results & report extracts,"Extractions of Pending and Rejection reports
",,,SHIPPING,Agency,,1. Payables,Procure to pay,Cost control,HO Cost Control Dept,,Finance,OGU_201623,Finance & performance,Finance,,,Procure to pay,Cost control,,,GBS - Finance Shipping Delivery,,,No,
410,Yes,Cost Control Lost Containers,Procure to pay,Cost control,Cost Control Lost Containers,Finance,Active,Delivery,Declaring Depreciation & Total Loss Value for owned/leased containers.  TTL invoice creation & manual coding of lessor invoices and send to HO Log team,Y,Per nb of containers chased,"Declare Depreciation & Total Loss Value for owned/leased containers.  Total loss invoice creation & manual coding of lessor invoices and send to HO Log team
",,,SHIPPING,Head Office,,1. Payables,Procure to pay,Cost control,HO Logistics Dept,,Finance,OGU_201623,Finance & performance,Finance,,,Procure to pay,Cost control,,,GBS - Finance Shipping Delivery,,,Yes,
411,Yes,Country Managers,Finance support,Finance support,Country Managers,Finance,Active,Delivery,Country Manager is responsible for co-ordinating the relationship between Agency and GBS. Added to that CM validate the month end close activity of each entity and submit financial statement to Financial control team,Y,Per nb of country,"Co-ordinate the relationship between Agency and GBS. Validate the month end close activity of each entity and submit financial statement to Financial control team
",,,ALL BUs,HO / Agency,,3. Accounting,Record to Report,Finance support,HO Accounting Dept,,Finance,OGU_201659,Finance & performance,Finance,,,Record to report,Other Record to Report,,,GBS - Finance Logistics Delivery,,,No,
412,Yes,Country Procedure Chasing,HO Customer Care,HO Documentation,Country Procedure Chasing,Customer Care,Active,Delivery,"GBSI follow ups with respective agencies to update the country procedure document on or before the review dates. If required, same needs to be escalated with the HO Team.",Y,Per nb of SOP,Nb of emails sent to the agencies for SOP update,<div>Local Excel database</div>,,SHIPPING,Head Office,,Customer Care,"Booking, Doc & FAI",HO Documentation,HO Documentation Dept,,Business,OGU_201855,Sales & Customer Care,Business - Customer Care,,,Other Customer Care,Customized Services,,,GBS - Customer Care Shipping Delivery,,,,
413,,CR Dedicated,Customer Care,Customer Service,CR Dedicated,Sales & Customer Care,Inactive,,,Y,,,,,,,,,,Customer Service,,,,,,,,,Other Customer care,Customer Service,,,,,,,
414,,Creating filing requests,Customer Care,Customer Service,Creating filing requests,Sales & Customer Care,Inactive,,,Y,,,,,,,,,,Customer Service,,,,,,,,,Other Customer care,Customer Service,,,,,,,
415,,Creating rate broadcasts,Commercial Support,Pricing Support,Creating rate broadcasts,Sales & Customer Care,Inactive,,,Y,,,,,,,,,,Pricing Support,,,,,,,,,Commercial,Pricing Support,,,,,,,
416,,Credit evaluation and processing,F&A,Order to cash,Credit evaluation and processing,Finance,Inactive,,,Y,,,,,,,,,,Collections,HO Treasury Dept,,FINANCE,,Finance & performance,,,,Order to cash,Collections,,,,,,,
417,,CRM Admin Compliance,Master data management,Partner data management,CRM Admin Compliance,"Ops, Log, Ils & Legal",Inactive,,,Y,,,,,,,,,,Partner data management,,,,,,,,,,Partner data management - customer,,,,,,,
418,Yes,Cross Payment - Freighting & Invoicing,Customer Care,Customer Service,Cross Payment - Freighting & Invoicing,Customer Care,Active,Delivery,,Y,Per nb of Invoices Produced,Nb of invoice created during the period,<div>Local Excel database</div>,,SHIPPING,Agency,,Customer Care,"Booking, Doc & FAI",Export - Freight Audit & Invoicing,HO GEN Dept,,Business,OGU_201670,Sales & Customer Care,Business - Customer Care,,,Service Delivery,Freight Audit and Invoicing Export,True,"Due to Customer care HO alignment
PL 1 - Changed from Freight Audit and Invoicing Export - Cargo Readiness to Service Delivery
PL 2 - Freight Audit Invoicing Export to Freight Audit Invoicing Export",GBS - Customer Care Shipping Delivery,,,,
419,,CS Doc,Customer Care,Customer Service,CS Doc,Sales & Customer Care,Inactive,,,Y,,,,,,,,,,Customer Service,,,,,,,,,Documentation,Customer Service,,,,,,,
420,Yes,Customer Master Data Admin,Order to cash,AR Master Data Mgt,Customer Master Data Admin,Finance,Active,Delivery,Management of customer master date in ERP ,Y,Per Request,"Management of customer master date in ERP 
",,,ALL BUs,Agency,,2. Receivables,Order to Cash,,HO CEVA GBS Dept,,Finance,OGU_201648,Finance,Finance,,,Order to cash,Accounts receivable Master Data Management,,,GBS - Finance Logistics Delivery,,,Yes,
421,,Customer Service Diversion & Motorbridge,Customer Care,Service Delivery Export,Customer Service Diversion & Motorbridge,Sales & Customer Care,Inactive,,,Y,,,,,,,,,,Service Delivery Export,,,,,,,,,Documentation,Service Delivery Export,,,,,,,
422,Yes,Customer Service Export,Customer Care,Customer Service,Customer Service Export,Customer Care,Active,Delivery,,Y,Per nb of emails handled,Per nb of emails handled,<div>Outlook</div>,,SHIPPING,Agency,,Customer Care,Customer Service,Customer Service,HO GEN Dept,,Business,OGU_201673,Sales & Customer Care,Business - Customer Care,,,Customer service,Customer Service,True,"Due to Customer care HO alignment
PL 1 - Changed from Other Customer Care to Customer Service
PL 2 - Corporate Documentation to Customer Service",GBS - Customer Care Shipping Delivery,,,,
424,,Customer service Import,Customer Care,Customer Service,Customer service Import,Sales & Customer Care,Inactive,,,Y,Per nb of emails handled,,<div>Excel Tracker</div>,,SHIPPING,Agency,202312,CUSTOMER CARE,Customer Service,Customer Service,HO GEN Dept,,BUSINESS,,Sales & Customer Care,,,,Customer Service,Customer Service,,,,,,,
425,,Customer Service Import and Export,Customer Care,Customer Service,Customer Service Import and Export,Sales & Customer Care,Inactive,,,Y,,,,,,Agency,,,,Customer Service,,,,,,,,,Other Customer care,Customer Service,,,,,,,
426,,Customer Service VIP,Customer Care,Customer Service,Customer Service VIP,Sales & Customer Care,Inactive,,,Y,,,,,,,,,,Customer Service,,,,,,,,,Other Customer care,Customer Service,,,,,,,
427,,Customer Support,Customer Care,Customer Service,Customer Support,Sales & Customer Care,Inactive,,,Y,,,,,,,,,,Customer Service,,,,,,,,,Other Customer care,Customer Service,,,,,,,
428,Yes,Customized Invoicing,Customer Care,Customer Service,Customized Invoicing,Customer Care,Active,Delivery,,Y,Per nb of Invoices Produced,,<div>Excel Tracker</div>,,SHIPPING,NA,,Customer Care, Customer Service,Customer Service,HO Global Account customer Care Dept,,Business,OGU_201681,Sales & Customer Care,Business - Customer Care,,,Other Customer Care,Customized Services,,"Due to Customer care HO alignment
PL 2 - Corporate Documentation to Customized Services",GBS - Customer Care Shipping Delivery,,,,
430,,Customs,Customer Care,Customer Service,Customs,Sales & Customer Care,Inactive,,,Y,,,,,,,,,,Customer Service,,,,,,,,,Other Customer care,Customer Service,,,,,,,
431,,CY and VGM Cutoff update,VGM,VGM,CY and VGM Cutoff update,"Ops, Log, Ils & Legal",Inactive,,,Y,,,,,,,,,,,,,,,,,,,Operations SSE,VGM,,,,,,,
432,,Dangeroud Goods validation,Operations,Dangerous Goods,Dangeroud Goods validation,"Ops, Log, Ils & Legal",Inactive,,,Y,,,,,,,,,,Dangerous Goods,,,INDUSTRIAL ASSETS,,,,,,Operations SSE,Dangerous Goods,,,,,,,
433,Yes,Dangerous good input partner,Operations SSE,Dangerous Goods,Dangerous good input partner,"Shipping Ops, Log & Interm",Active,Delivery,,Y,Per nb of Packaging/ UN No. or technical name/ Specification,Update DG bookings for VSA partners in HARP system.,"<div class=""ExternalClass3F60F0487A264B629BA9F7623AA74025""><div>Rework &#58; manual / Item number HARP<div style=""margin-top&#58;0px;margin-bottom&#58;0px;""><span style=""font-family&#58;Regular, &quot;Helvetica Neue&quot;, Helvetica, Verdana, sans-serif;background-color&#58;rgb(255, 255, 255);display&#58;inline !important;"">Number of ITEM treated + rework RFI</span><br style=""font-family&#58;Regular, &quot;Helvetica Neue&quot;, Helvetica, Verdana, sans-serif;background-color&#58;rgb(255, 255, 255);""><span style=""font-family&#58;Regular, &quot;Helvetica Neue&quot;, Helvetica, Verdana, sans-serif;background-color&#58;rgb(255, 255, 255);display&#58;inline !important;"">Update VSA partner DG bookings on behalf of VSA partner in HARP system.</span><br></div></div></div>",,SHIPPING,Head Office,,Operational Efficiency,Operations,Dangerous Goods,HO Operations Dept,,Industrial Assets,OGU_201719,Logistics & Operations,Ind. Assets - QSSE,,,SSE Operations,Dangerous Goods,True,,GBS - Quality Safety Security and Environment Shipping Delivery,,,Yes,
434,Yes,Dangerous good validation,Operations SSE,Dangerous Goods,Dangerous good validation,"Shipping Ops, Log & Interm",Active,Delivery,,Y,Per nb of Packaging/ UN No. or technical name/ Specification,"Number of ITEM treated + rework RFI
Validate Bookings form CMA CGM or VSA Partners on Group or VSA partner Vessels.
Co-ordinate with vessel planners for safe stowage of DG cargo and with port operations for procuring port clearances for DG cargo.
Provide approvals to special cargoes
",<div>Rework : manual / Item number HARP</div>,,SHIPPING,Head Office,,Operational Efficiency,Operations,Dangerous Goods,HO Operations Dept,,Industrial Assets,OGU_201719,Logistics & Operations,Ind. Assets - QSSE,,,SSE Operations,Dangerous Goods,True,,GBS - Quality Safety Security and Environment Shipping Delivery,,,Yes,
435,,Dangerous Goods,Operations,Dangerous Goods,Dangerous Goods,"Ops, Log, Ils & Legal",Inactive,,,Y,,,,,,,,,,Dangerous Goods,,,INDUSTRIAL ASSETS,,,,,,Operations SSE,Dangerous Goods,,,,,,,
436,,Dangerous Goods input,Operations,Dangerous Goods,Dangerous Goods input,"Ops, Log, Ils & Legal",Inactive,,,Y,,,,,,,,,,Dangerous Goods,,,INDUSTRIAL ASSETS,,,,,,Operations SSE,Dangerous Goods,,,,,,,
437,,Dangerous input,Operations,Dangerous Goods,Dangerous input,"Ops, Log, Ils & Legal",Inactive,,,Y,,,,,,,,,,Dangerous Goods,,,INDUSTRIAL ASSETS,,,,,,Operations SSE,Dangerous Goods,,,,,,,
438,,Dangerous validation,Operations,Dangerous Goods,Dangerous validation,"Ops, Log, Ils & Legal",Inactive,,,Y,,,,,,,,,,Dangerous Goods,,,INDUSTRIAL ASSETS,,,,,,Operations SSE,Dangerous Goods,,,,,,,
439,,Dashboards,IT services,Maintenance,Dashboards,IT Services,Inactive,,,Y,Per nb of dashboards created,,,,,Head Office,Until Nov 2021,,IT services,,HO IT Dept,,IT,,IT,,,,IT services,Maintenance,,,,,,,
440,Yes,Data Enrichment,Customer Master Data Mgt,Partner data management,Data Enrichment,"Shipping Ops, Log & Interm",Active,Delivery,,Y,Per nb of Partner code,,"<div class=""ExternalClass8FE33412FAF64109A3290C18D9C818CC""><div style=""font-family&#58;Calibri, Arial, Helvetica, sans-serif;font-size&#58;11pt;color&#58;rgb(0, 0, 0);""><span style=""color&#58;black;"">​MyCDM</span><br></div></div>",,SHIPPING,Head Office,,IT,"Booking, Doc & FAI",Partner data management,HO Efficio project Dept,,IT,OGU_201722,Finance & Performance,Business - Customer Care,,,Partner Data Management,Partner data management - customer,,,GBS - Data Management Delivery,"<div class=""ExternalClassE7892C2EC49E4F4D8FDD447D96F5676B""><div style=""font-family&#58;Calibri, Arial, Helvetica, sans-serif;font-size&#58;11pt;color&#58;rgb(0, 0, 0);""><span style=""color&#58;black;""><a href=""/sites/CMA-GlobalBusinessServices/Lists/GBS%20Process/​https&#58;//cmacgmgroup.eu.qlikcloud.com/sense/app/b7a2065a-a760-46d9-a190-85d1e975a27e/overview/hubUrl//explore/spaces/61698492dffabcfafe200b29"" title=""​Link"">​Link</a></span><br></div></div>",,,
441,,Data Quality,Master data management,HO data Management,Data Quality,Sales & Customer Care,Inactive,,,Y,,,,,,,,,,eCommerce Support,,,BUSINESS,,,,,,Other Customer care,HO ecommerce Data quality Management,,,,,,,
444,,Data Quality Invoicing and Marketing Report,Master data management,Partner data management,Data Quality Invoicing and Marketing Report,Sales & Customer Care,Inactive,,,Y,,,,,,,,,,eCommerce Support,,,BUSINESS,,,,,,Other Customer care,HO ecommerce Data quality Management,,,,,,,
447,,Data Quality Tracking and booking,Master data management,Partner data management,Data Quality Tracking and booking,Sales & Customer Care,Inactive,,,Y,,,,,,,,,,eCommerce Support,,,BUSINESS,,,,,,Other Customer care,HO ecommerce Data quality Management,,,,,,,
448,,DDSM,DDSM,DDSM invoicing,DDSM,Sales & Customer Care,Inactive,,,Y,,,,,,Agency,,,,DDSM,,,,,,,,,DDSM,DDSM,,,,,,,
449,,"DDSM audit (including ""To be invoice"" team)",Commercial Support,DDSM monitoring,"DDSM audit (including ""To be invoice"" team)",Sales & Customer Care,Inactive,,"Sharing update on TBI details to Agencies, Regular activity",Y,Per BL,,<div>Excel Tracker</div>,,,Agency,,CUSTOMER CARE,DDSM,DDSM,HO 	Demurrages & Detentions - Finance Dept,,BUSINESS,,Lines Management,,,,DDSM,DDSM monitoring,,,,,,,
451,Yes,DDSM Freetime Conversion,Commercial Support,Pricing Admin Activities,DDSM Freetime Conversion,Commercial & Add Value Activities,Active,Delivery,,Y,Per line items,,<div>Excel Tracker</div>,,SHIPPING,Agency,,Line Management,Commercial,Pricing Admin Activities,HO Lines Dept,,Business,0,Lines Management,Business - Commercial,,,Commercial,Pricing Admin Activities,,,GBS - Commercial Shipping Delivery,,,,
452,Yes,Idle Notification,DDSM,DDSM,Idle Notification,"Shipping Ops, Log & Interm",Active,Delivery,,Y,Per nb of containers,Send notifications to customers or POL team for containers remaining idle for a certain number of days,"<div class=""ExternalClass095A75D9A0D1475DB44EFB1A7C5B1E20""><div style=""font-family&#58;Calibri, Arial, Helvetica, sans-serif;font-size&#58;11pt;color&#58;rgb(0, 0, 0);""><span style=""color&#58;black;"">​</span><span style=""color&#58;black;"">​RPA QlikSense Dashboard<p><br></p><p><u>Sheet&#58;</u> Raw data</p><p><u>Filters&#58;&#160;</u><span style=""font-size&#58;11pt;"">Month,&#160;</span><span style=""font-size&#58;11pt;"">Year</span></p><p><br></p></span><br></div></div>",,SHIPPING,Agency,,Equipment Mgt,Logistics,Equipment Iddle Notification,HO Logistics Dept,,Industrial Assets,OGU_201700,Sales & Customer Care,Ind. Assets - Container Fleet Management,,,Container Fleet Management,Iddle Notification,,,GBS - Container Fleet Management Shipping Delivery,"<div class=""ExternalClass7A1AAD542F5140AB93423C8375174AC9""><div style=""font-family&#58;Calibri, Arial, Helvetica, sans-serif;font-size&#58;11pt;color&#58;rgb(0, 0, 0);""><span style=""color&#58;black;""><a href=""https&#58;//dashboard-self.cma-cgm.com/saml/sense/app/aacbefb2-f44c-423c-b867-f0b90e21d4d8/sheet/9ead46c4-0842-41a3-a18a-c12769f00825/state/analysis"" title=""​RPA Qliksense Dashboard""><i><u>​RPA Qliksense Dashboard</u></i></a></span><br></div></div>",,Yes,
453,,DDSM Intermodal,Intermodal,Carrier Haulage,DDSM Intermodal,"Ops, Log, Ils & Legal",Inactive,,,Y,,,,,,,,,,Carrier Haulage,,,,,,,,,Intermodal,Carrier Haulage,,,,,,,
454,,DDSM Invoicing,DDSM,DDSM invoicing,DDSM Invoicing,Sales & Customer Care,Inactive,,,Y,,,,,,,,,,DDSM,,,,,,,,,DDSM,DDSM,,,,,,,
455,,DDSM invoicing (including Storage invoicing),DDSM,DDSM,DDSM invoicing (including Storage invoicing),Customer Care,Inactive,Delivery,Invoicing of Storage in Port Charge along with Detention & demurrage,Y,Per nbr of invoices issued,Detention & Demurrage charges invoicing based on TBI report,"<div class=""ExternalClass6BDBDD469D454AFD9A7600CF85622C30""><i><b><span style=""color&#58;black;""></span><a href=""https&#58;//c-report.cma-cgm.com/cognos10/cgi-bin/cognos.cgi?b_action=cognosViewer&amp;ui.action=run&amp;ui.object=/content/folder%5b%40name%3d%27USER%20VIEWS%27%5d/folder%5b%40name%3d%27Real-Time%20Shipping%20Reporting%20%28ADDIVA%20Portal%29%27%5d/folder%5b%40name%3d%27-------%20Certified%20reports%20-------%27%5d/folder%5b%40name%3d%27LAEC%20Demurrage%20and%20Detention%27%5d/reportView%5b%40name%3d%27%28D%26D001%29%20To%20Be%20Invoiced%27%5d&amp;ui.name=%28D%26D001%29%20To%20Be%20Invoiced&amp;run.outputFormat=&amp;run.prompt=true"" title=""C-Report"">C-Report</a></b></i></div><div class=""ExternalClass6BDBDD469D454AFD9A7600CF85622C30""><p>Report name&#58; (D&amp;D012) Invoiced already with shipper name<br></p><p><u style=""font-style&#58;inherit;font-weight&#58;inherit;""><br></u></p><p><u style=""font-style&#58;inherit;font-weight&#58;inherit;"">Filters in report&#58;</u><br></p><p>Date&#58; Year- Month of invoice range</p><p>Countries&#58; Select countries</p><p>Department code&#58; based on countries</p><p>Import / Export&#58; based on countries</p><p>Charge type&#58; all</p><p><br></p><p><u>Filters in Extract&#58;</u></p><p>INH Login&#58; respective GBS users</p><p>Invoice type&#58; Invoice</p><p>Invoice num&#58; Unique count</p><p><br></p></div>",Walid Rizk,SHIPPING,Agency,,Customer Care,DDSM,DDSM,HO 	Demurrages & Detentions - Finance Dept,,Business,OGU_201675,Finance & Performance,Business - Customer Care,,,DDSM,DDSM,True,,GBS - Customer Care Shipping Delivery,"<div class=""ExternalClass50B71E661FEA424AACA544A50E0A3DE7""><div style=""font-family&#58;Calibri, Arial, Helvetica, sans-serif;font-size&#58;11pt;color&#58;rgb(0, 0, 0);""><span style=""color&#58;black;""><a title=""CIRA""><span style=""color&#58;black;""><i>​</i></span></a></span><i style=""color&#58;rgb(5, 99, 193);font-family&#58;Calibri, sans-serif;font-size&#58;11pt;font-weight&#58;inherit;""><a href=""https&#58;//c-report.cma-cgm.com/cognos10/cgi-bin/cognos.cgi?b_action=cognosViewer&amp;ui.action=run&amp;ui.object=/content/folder%5b%40name%3d%27USER%20VIEWS%27%5d/folder%5b%40name%3d%27Real-Time%20Shipping%20Reporting%20%28ADDIVA%20Portal%29%27%5d/folder%5b%40name%3d%27-------%20Certified%20reports%20-------%27%5d/folder%5b%40name%3d%27LAEC%20Demurrage%20and%20Detention%27%5d/reportView%5b%40name%3d%27%28D%26D001%29%20To%20Be%20Invoiced%27%5d&amp;ui.name=%28D%26D001%29%20To%20Be%20Invoiced&amp;run.outputFormat=&amp;run.prompt=true"" title=""C-Report"">C-Report</a></i></div><div style=""font-family&#58;Calibri, Arial, Helvetica, sans-serif;font-size&#58;11pt;color&#58;rgb(0, 0, 0);""><span style=""color&#58;black;""><div style=""margin-top&#58;0px;margin-bottom&#58;0px;""><span style=""font-size&#58;11.0pt;font-family&#58;&quot;Calibri&quot;,sans-serif;color&#58;#0563C1;""><i><a href=""https&#58;//c-report.cma-cgm.com/cognos10/cgi-bin/cognos.cgi?m_folder=i4B9AA178BA3B41199DAE10BBB8650DB6&amp;m_tab=i5E874058947843C6AA78AF06D375A482&amp;b_action=xts.run&amp;encoding=UTF-8&amp;m=portal/cc.xts&amp;m_folder2=m-""><p></p></a></i></span></div></span><br></div></div>",Top Budget,,
456,,DDSM Spot Condition and OTR,Commercial Support,Pricing Admin Activities,DDSM Spot Condition and OTR,Commercial & Add Value Activities,Inactive,,,Y,Per BL,,<div>Excel Tracker</div>,,SHIPPING,Agency,,LINE MANAGEMENT,Commercial,Pricing Admin Activities,HO Lines Dept,,BUSINESS,,Lines Management,,,,Commercial,Pricing Admin Activities,,,,,,,
457,Yes,Debit Note Malta,Procure to pay,Procure to pay,Debit Note Malta,Finance,Active,Delivery,Booking and validation of Malta Transhipment debit notes,Y,Per debit note,"Booking and validation of Malta Transhipment debit notes
",,,SHIPPING,Head Office,,1. Payables,Procure to pay,Procure to pay,HO Cost control Dept,,Finance,OGU_201655,Finance & performance,Finance,,,Procure to pay,Other Procure to Pay,,,GBS - Finance Logistics Delivery,,,No,
458,,Demurrage Audit,Commercial Support,DDSM monitoring,Demurrage Audit,Sales & Customer Care,Inactive,,,Y,,,,,,,,,,DDSM,,,,,,,,,Commercial Support,DDSM monitoring,,,,,,,
459,,Den Div&Mtr,Customer Care,Service Delivery Export,Den Div&Mtr,Sales & Customer Care,Inactive,,,Y,,,,,,,,,,Service Delivery Export,,,,,,,,,Documentation,Service Delivery Export,,,,,,,
460,,Departure notifications,Customer Care,Customer Service,Departure notifications,Sales & Customer Care,Inactive,,,Y,,,,,,,,,,Customer Service,,,,,,,,,Other Customer care,Customer Service,,,,,,,
461,,Deployment GetPaid,IT services,Deployment,Deployment GetPaid,IT Services,Inactive,,,Y,Per nb of agencies,,,,,Head Office,Untill Nov 2021,,IT services,,HO IT Dept,,IT,,IT,,,,IT services,Deployment,,,,,,,
462,,Deployment Nova,IT services,Deployment,Deployment Nova,IT Services,Inactive,,,Y,Per nb of agencies,,,,,Head Office,Until Nov 2021,,IT services,,HO IT Dept,,IT,,IT,,,,IT services,Deployment,,,,,,,
463,,Deployment Ocean,IT services,Deployment,Deployment Ocean,IT Services,Inactive,,,Y,Per nb of agencies,,,,,Head Office,Until Nov 2021,,IT services,,HO IT Dept,,IT,,IT,,,,IT services,Deployment,,,,,,,
465,Yes,Depot Change,Logistics,Equipment management,Depot Change,"Shipping Ops, Log & Interm",Active,Delivery,,Y,Per nb of containers,Per nb of containers that have been requested a depot change,"<div class=""ExternalClass8842BE82DDC4429CB58F89303555AB0E""><div style=""font-family&#58;Calibri, Arial, Helvetica, sans-serif;font-size&#58;11pt;color&#58;rgb(0, 0, 0);""><span style=""color&#58;black;"">​manual excel tracker</span><br></div></div>",,SHIPPING,Agency,,Equipment Mgt,Logistics,Equipment management,HO Logistics Dept,,Industrial Assets,OGU_201699,Logistics & Operations,Ind. Assets - Container Fleet Management,,,Container Fleet Management,Equipment Management,,,GBS - Container Fleet Management Shipping Delivery,,,,
466,,Detention & Demurrage,DDSM,DDSM invoicing,Detention & Demurrage,Sales & Customer Care,Inactive,,,Y,,,,,,,,,,DDSM,,,,,,,,,DDSM,DDSM,,,,,,,
467,,Detention and demurrage,DDSM,DDSM invoicing,Detention and demurrage,Sales & Customer Care,Inactive,,,Y,,,,,,,,,,DDSM,,,,,,,,,DDSM,DDSM,,,,,,,
468,,"DG Input (HARP & MDX & LARA) ,T/S Validation",Operations,Dangerous Goods,"DG Input (HARP & MDX & LARA) ,T/S Validation","Ops, Log, Ils & Legal",Inactive,,,Y,,,,,,,,,,Dangerous Goods,,,INDUSTRIAL ASSETS,,,,,,Operations SSE,Dangerous Goods,,,,,,,
469,,"DG Input (HARP & MDX & LARA) ,T/S, Validation",Operations,Dangerous Goods,"DG Input (HARP & MDX & LARA) ,T/S, Validation","Ops, Log, Ils & Legal",Inactive,,,Y,,,,,,,,,,Dangerous Goods,,,INDUSTRIAL ASSETS,,,,,,Operations SSE,Dangerous Goods,,,,,,,
470,,DG Input HARP and Transshipment,Operations,Dangerous Goods,DG Input HARP and Transshipment,"Ops, Log, Ils & Legal",Inactive,,,Y,,,,,,,,,,Dangerous Goods,,,INDUSTRIAL ASSETS,,,,,,Operations SSE,Dangerous Goods,,,,,,,
471,,DG Input LARA,Operations,Dangerous Goods,DG Input LARA,"Ops, Log, Ils & Legal",Inactive,,,Y,,,,,,,,,,Dangerous Goods,,,INDUSTRIAL ASSETS,,,,,,Operations SSE,Dangerous Goods,,,,,,,
472,,DG Validation,Operations,Dangerous Goods,DG Validation,"Ops, Log, Ils & Legal",Inactive,,,Y,,,,,,,,,,Dangerous Goods,,,INDUSTRIAL ASSETS,,,,,,Operations SSE,Dangerous Goods,,,,,,,
473,Yes,Dispute Logging,Order to cash,Disputes,Dispute Logging,Finance,Active,Delivery,"Reception and logging of customer disputes in GetPaid or ERP, routing to dispute resolvers to action",Y,Per nb of dispute treated,"Reception and logging of customer disputes in GetPaid or ERP, routing to dispute resolvers to action",,,ALL BUs,Agency,,2. Receivables,Order to cash,Disputes,HO Credit Management Dept,,Finance,OGU_201648,Finance & performance,Finance,,,Order to cash,Disputes,,,GBS - Finance Logistics Delivery,,,Yes,
474,Yes,Dispute Logging - Resolution support,Order to cash,Disputes,Dispute Logging - Resolution support,Finance,Active,Delivery,Assisting in the resolution and/or closure of customer disputes,N,Per nb of dispute treated,"Assisting in the resolution and/or closure of customer disputes
",,HO Accounting dpt,SHIPPING,Agency,,2. Receivables,Order to cash,Disputes,HO GEN Dept,,Finance,OGU_201646,Finance & performance,Finance,,,Order to cash,Disputes,,,GBS - Finance Logistics Delivery,,,Yes,
475,,Dispute management,Customer Care,Dispute Management,Dispute management,Sales & Customer Care,Inactive,,,Y,,,,,,,,,,Dispute Management,,,,,,,,,Other Customer care,Dispute Management,,,,,,,
476,Yes,Dispute resolution,Customer Care,Dispute Management,Dispute resolution,Customer Care,Active,Delivery,,Y,Per Dispute resolved,Amount of the resolved disputes (in NOVA).,<div>Nova Analytics</div>,,SHIPPING,Agency,,Customer Care,Customer Service,Dispute Management,HO GEN Dept,,Business,OGU_201806,Sales & Customer Care,Business - Customer Care,,,Service Delivery,Dispute Management,,"Due to Customer care HO alignment
PL 1 - Changed from Dispute Management to Service Delivery",GBS - Customer Care Shipping Delivery,,Top Budget,,
477,,Disputes Logging and Resolution,F&A,Order to cash,Disputes Logging and Resolution,Finance,Inactive,,,N,,,,,,,,,,Disputes,HO Accounting Dept,,FINANCE,,Finance & performance,,,,Order to cash,Disputes,,,,,,,
478,,DIT,Logistics,Equipment management,DIT,"Ops, Log, Ils & Legal",Inactive,,,Y,,,,,,,,,,Equipment management,,,,,,,,,Logistics,Equipment Management,,,,,,,
479,,Doc - reporting,Customer Care,Customer Service,Doc - reporting,Sales & Customer Care,Inactive,,,Y,,,,,,,,,,Customer Service,,,,,,,,,Documentation,Customer Service,,,,,,,
480,,DOC - ROE,Customer Care,Customer Service,DOC - ROE,Sales & Customer Care,Inactive,,,Y,,,,,,,,,,Customer Service,,,,,,,,,Documentation,Customer Service,,,,,,,
481,,DOCAllocation,Customer Care,Customer Service,DOCAllocation,Sales & Customer Care,Inactive,,,Y,,,,,,,,,,Customer Service,,,,,,,,,Documentation,Customer Service,,,,,,,
483,,Drayman Inbound,Customer Care,Customer Service,Drayman Inbound,Sales & Customer Care,Inactive,,,Y,,,,,,,,,,Customer Service,,,,,,,,,Other Customer care,Customer Service,,,,,,,
484,,drop off,Customer Care,Customer Service,drop off,Sales & Customer Care,Inactive,,,Y,,,,,,,,,,Customer Service,,,,,,,,,Other Customer care,Customer Service,,,,,,,
485,,drop off invoicing,Customer Care,Customer Service,drop off invoicing,Sales & Customer Care,Inactive,,,Y,,,,,,,,,,Customer Service,,,,,,,,,Other Customer care,Customer Service,,,,,,,
486,,Dry Claims,Legal,Maritime Claims,Dry Claims,"Ops, Log, Ils & Legal",Inactive,,,Y,Per nb of notifications,,<div>Manual excel file</div>,,,Head Office,"202312
",LEGAL,Legal,Maritime Claims,HO Legal Dept,,LEGAL,,Finance & Performance,,,,Legal,Maritime Claims,True,,,"<div class=""ExternalClassC6EB6AACD46D418F8920ADFAD81EEB98""><div style=""font-family&#58;Calibri, Arial, Helvetica, sans-serif;font-size&#58;11pt;color&#58;rgb(0, 0, 0);""><span style=""color&#58;black;"">​NAP</span><br></div></div>",,,
487,,Dry Ops-claims,Legal,Maritime Claims,Dry Ops-claims,"Ops, Log, Ils & Legal",Inactive,,,Y,,,,,,,,,,Maritime Claims,,,LEGAL,,,,,,Legal,Maritime Claims,,,,,,,
488,,ECM,Cargo Ops,Cargo Readiness,ECM,Sales & Customer Care,Inactive,,,Y,,,,,,,,,,Cargo Readiness,,,BUSINESS,,,,,,Customer service - Cargo Readiness,Cargo Readiness,,,,,,,
489,,eCommerce EDI Support,HO Customer Care,eCommerce Support,eCommerce EDI Support,Sales & Customer Care,Inactive,,,Y,,,,,,,,,,eCommerce Support,,,BUSINESS,,,,,,Other Customer care,eCommerce Support,,,,,,,
490,,eCommerce EDI Support (B2B),HO Customer Care,eCommerce Support,eCommerce EDI Support (B2B),Sales & Customer Care,Inactive,,,Y,Per nb of requests,"Create links between the different Platforms (Intra, CMA CGM.com...)",<div>CIRA</div>,Nancy Morana,SHIPPING,Head Office,,CUSTOMER CARE,"Booking, Doc & FAI",eCommerce Support,HO Digital Agency Dept,,BUSINESS,,Sales & Customer Care,,,,Other Customer care,eCommerce Support,True,,,"<div class=""ExternalClass14B4794FD1B94D5C8CDCB47586E3CA85""><div style=""font-family&#58;Calibri, Arial, Helvetica, sans-serif;font-size&#58;11pt;color&#58;rgb(0, 0, 0);""><span style=""color&#58;black;"">​<a href=""https&#58;//ssc-gccm.cma-cgm.com/Home/Index"">https&#58;//ssc-gccm.cma-cgm.com/Home/Index</a> </span><br></div></div>",,,
491,Yes,eCommerce Support,HO Customer Care,eCommerce Support,eCommerce Support,Customer Care,Active,Delivery,,Y,Per nb of requests,NB of Cases received in a month,"<div class=""ExternalClass80FEBD18179A46BAA1442F8E22D510B9""><div><span style=""font-weight&#58;bold;color&#58;black;"">​</span><b>NOVA</b><p style="""">Report&#58; ECOM L1 - Overview</p></div></div>",Nancy Morana,SHIPPING,Head Office,,Line Transformation,"Booking, Doc & FAI",eCommerce Support,HO Digital Agency Dept,True,Business,,Sales & Customer Care,Business - Customer Care,,,Other Customer care,eCommerce Support,True,,GBS - Customer Care Shipping Delivery,"<div class=""ExternalClassD7C2977886054D8188ED70088B74EA9B""><div style=""font-family&#58;Calibri, Arial, Helvetica, sans-serif;font-size&#58;11pt;color&#58;rgb(0, 0, 0);""><span style=""color&#58;black;"">​<a href=""https&#58;//cma-cgm.lightning.force.com/lightning/r/Dashboard/01Z5p000000Uj9IEAS/view"">https&#58;//cma-cgm.lightning.force.com/lightning/r/Dashboard/01Z5p000000Uj9IEAS/view</a></span><br></div></div>",,,
492,,NTBU - Economic Sanctions,HO Customer Care,HO Documentation,NTBU - Economic Sanctions,Customer Care,Inactive,,GBSI ECO Sanction team validates the compliance booking form request received from Bookings team for Sanctioned countries.,Y,Per nb of booking requests,Nb of request received in Outlook and No. of BLs actioned against the report,"<div class=""ExternalClassF8841ACD816A4204B50DF9827D041F87""><div>Excel Tracker</div></div>",,SHIPPING,Head Office,,Customer Care,"Booking, Doc & FAI",HO Documentation,"HO Risk, compliance audit and inspection Dept",,Business,,Sales & Customer Care,,,,Documentation,HO Documentation,,"PL3 Moved to Legal Domain, New PL3 will be created in Legal, hence this Ref getting Inactive",,,,,
493,,eCustomer EDI Support (B2B),HO Customer Care,eCommerce Support,eCustomer EDI Support (B2B),Sales & Customer Care,Inactive,,,Y,,,,,,,,,,eCommerce Support,,,BUSINESS,,,,,,Other Customer care,eCommerce Support,,,,,,,
494,,eCustomer Support,HO Customer Care,eCommerce Support,eCustomer Support,Sales & Customer Care,Inactive,,,Y,,,,,,,,,,eCommerce Support,,,BUSINESS,,,,,,Other Customer care,eCommerce Support,,,,,,,
495,,EDI Suspense,Logistics,Equipment management,EDI Suspense,"Ops, Log, Ils & Legal",Inactive,,,Y,,,,,,,,,,Equipment management,,,,,,,,,Logistics,Equipment Management,,,,,,,
496,,EIT,Logistics,Equipment management,EIT,"Ops, Log, Ils & Legal",Inactive,,,Y,,,,,,,,,,Equipment management,,,,,,,,,Logistics,Equipment Management,,,,,,,
497,Yes,Project EIT - Equipment Improvement team,Project,Equipment management,Project EIT - Equipment Improvement team,"Shipping Ops, Log & Interm",Active,Delivery,,Y,Support,,"<div class=""ExternalClass93BAD8B1E4184451A8EC0606F3FF781C""><div style=""font-family&#58;Calibri, Arial, Helvetica, sans-serif;font-size&#58;11pt;color&#58;rgb(0, 0, 0);""><span style=""color&#58;black;"">​LARA (PL/SQL8)<p><br></p><p><br></p></span><br></div></div>",,SHIPPING,Head Office,,Equipment Mgt,Logistics,,HO Logistics Dept,,Industrial Assets,OGU_201702,Logistics & Operations,Ind. Assets - Container Fleet Management,,,Container Fleet Management,Project - Equipment Management,,,GBS - Container Fleet Management Shipping Delivery,"<div class=""ExternalClass5094A6B1068243C1AAC8DF96CB478837""><div style=""font-family&#58;Calibri, Arial, Helvetica, sans-serif;font-size&#58;11pt;color&#58;rgb(0, 0, 0);""><span style=""color&#58;black;"">​<a href=""https&#58;//apps.cma-cgm.com/Citrix/CMACGMWeb/"">https&#58;//apps.cma-cgm.com/Citrix/CMACGMWeb/</a></span><br></div></div>",,No,
500,Yes,Employee Expense Report,Procure to pay,Cost control,Employee Expense Report,Finance,Active,Delivery,Validation of expense claim in C&GO,Y,Per Report,"Validation of expense claim in C&GO
",,,SHIPPING,Agency,,3. Accounting,Record to report,Accounting,HO Accounting Dept,,Finance,OGU_201654,Finance & performance,Finance,,,Procure to pay,Cost control,,,GBS - Finance Logistics Delivery,,,Yes,
502,,Empty delivery,Logistics,Equipment management,Empty delivery,"Ops, Log, Ils & Legal",Inactive,,,Y,,,,,,,,,,Equipment management,,,INDUSTRIAL ASSETS,,,,,,Logistics,Equipment Management,,,,,,,
503,,Empty Delivery and Off hire,Logistics,Equipment management,Empty Delivery and Off hire,"Ops, Log, Ils & Legal",Inactive,,,Y,,,,,,,,,,Equipment management,,,INDUSTRIAL ASSETS,,,,,,Logistics,Equipment Management,,,,,,,
504,Yes,Empty Rail Billing,Intermodal,Rail Billing,Empty Rail Billing,"Shipping Ops, Log & Interm",Active,Delivery,,Y,Per nb of containers,,"<div class=""ExternalClassB1C8DDD200FB4CEAABE3CA48CA7B6F39""><div style=""font-family&#58;Calibri, Arial, Helvetica, sans-serif;font-size&#58;11pt;color&#58;rgb(0, 0, 0);""><span style=""color&#58;black;""><div>​​Manual Excel file based on Email requests<br></div><div><br></div><div>Generic mail id&#58;&#160;ssc.exportbilling@cma-cgm.com<br></div><span></span></span><br></div></div>",,SHIPPING,Agency,June 2024,Equipment Mgt,Intermodal,Rail Billing,HO Intermodal Dept,,Industrial Assets,OGU_201699,Logistics & Operations,Ind. Assets - Container Fleet Management,,,Container Fleet Management,Equipment management,,,GBS - Container Fleet Management Shipping Delivery,"<div class=""ExternalClass0EEEEF00AFFD44A58148DF2AD8CBF1FB""><div style=""font-family&#58;Calibri, Arial, Helvetica, sans-serif;font-size&#58;11pt;color&#58;rgb(0, 0, 0);""><span style=""color&#58;black;"">​<span><br></span><div>​ssc.exportbilling@cma-cgm.com<br></div><span></span></span><br></div></div>",,,
506,,ENS follow up with forwarders,Customer Care,Customer Service,ENS follow up with forwarders,Sales & Customer Care,Inactive,,,Y,,,,,,,,,,Customer Service,,,,,,,,,Other Customer care,Customer Service,,,,,,,
507,Yes,ENS requests,Operations,Operations assistant,ENS requests,"Shipping Ops, Log & Interm",Active,Delivery,"
Declaration provided by the shipper or the importer to the UK customs, providing information on the cargo, EORI numbers of the shipper & the consignee, items commodity code, number of packages, container number, seal number, gross weight of the goods, and incoterms, are some general information required for the ENS declaration",Y,Per ENS request,,"<div class=""ExternalClass7495A55D2E0A4C04B39DAB6E51C3065A""><div style=""font-family&#58;Calibri, Arial, Helvetica, sans-serif;font-size&#58;11pt;color&#58;rgb(0, 0, 0);""><span style=""color&#58;black;"">​Manual excel tracker</span><br></div></div>",,SHIPPING,Head Office,,Lines Operations,Lines operations,Operations assistant,HO Lines Operations Dept,,Business,OGU_201713,Lines Management,Business - Operations,,,Lines operations,Operations Assistance,,,GBS - Intermodal and Operations Shipping Delivery,,,,
508,,Equipment management,Logistics,Equipment management,Equipment management,"Ops, Log, Ils & Legal",Inactive,,,Y,,,,,,,,,,Equipment management,,,,,,,,,Logistics,Equipment Management,,,,,,,
509,,Equipment Management - EER,Logistics,Equipment management,Equipment Management - EER,"Ops, Log, Ils & Legal",Inactive,,,Y,,,,,,,,,,Equipment management,,,,,,,,,Logistics,Equipment Management,,,,,,,
510,,Equipment Management - Tracking,Logistics,Equipment management,Equipment Management - Tracking,"Ops, Log, Ils & Legal",Inactive,,,Y,,,,,,,,,,Equipment management,,,,,,,,,Logistics,Equipment Management,,,,,,,
511,,Equipment Mgment,Logistics,Equipment management,Equipment Mgment,"Ops, Log, Ils & Legal",Inactive,,,Y,,,,,,,,,,Equipment management,,,,,,,,,Logistics,Equipment Management,,,,,,,
512,,Equipment Tracking Failure,Logistics,Equipment tracking failure,Equipment Tracking Failure,"Ops, Log, Ils & Legal",Inactive,,,Y,,,,,,,,,,Equipment Tracking Failure,,,INDUSTRIAL ASSETS,,,,,,Logistics,Equipment Management,,,,,,,
513,,Equipment tracking failure (including EDI suspense),Logistics,Equipment tracking failure,Equipment tracking failure (including EDI suspense),"Ops, Log, Ils & Legal",Inactive,,,Y,Per Container move failure," Nb of EDI error clean up, modification, deletion",<div>HO Tracking Performance Dashboard &amp; CoE Data Analytics Reports</div>,,,,,,,Equipment Tracking Failure,,,INDUSTRIAL ASSETS,,,,,,Logistics,Equipment Management,,,,,,,
514,,eServices Registration & Support,HO Customer Care,eCommerce Support,eServices Registration & Support,Sales & Customer Care,Inactive,,,Y,Per nb of requests,Create Customer account and Access,"<div class=""ExternalClass255E6E087F5D43BBA2FA67955C898F70""><div><font color=""#000000""><span style=""color&#58;black;"">​</span>Qliksense</font></div><div><font color=""#000000""><div style=""margin-top&#58;0px;margin-bottom&#58;0px;""><u><span style=""font-size&#58;11.0pt;font-family&#58;&quot;Calibri&quot;,sans-serif;color&#58;#0563C1;""><div style=""margin-top&#58;0px;margin-bottom&#58;0px;""><br></div></span></u><br></div></font></div></div>",,SHIPPING,Head Office,,CUSTOMER CARE,"Booking, Doc & FAI",eCommerce Support,HO Digital Agency Dept,,BUSINESS,,Sales & Customer Care,,,,Other Customer care,eCommerce Support,,,,"<div class=""ExternalClass078780FD4B29439FBBCDA0D0FDA529BF""><div style=""font-family&#58;Calibri, Arial, Helvetica, sans-serif;font-size&#58;11pt;color&#58;rgb(0, 0, 0);""><span style=""color&#58;black;"">​</span><span style=""color&#58;black;""><u style=""font-size&#58;14px;background-color&#58;rgb(255, 255, 255);""><span style=""margin&#58;0px;font-size&#58;11pt;font-family&#58;Calibri, sans-serif;color&#58;rgb(5, 99, 193);""><a href=""https&#58;//cmacgmgroup.eu.qlikcloud.com/"" style=""margin&#58;0px;"">https&#58;//cmacgmgroup.eu.qlikcloud.com/</a></span></u></span></div><div style=""font-family&#58;Calibri, Arial, Helvetica, sans-serif;font-size&#58;11pt;color&#58;rgb(0, 0, 0);""><span style=""color&#58;black;""><u style=""font-size&#58;14px;background-color&#58;rgb(255, 255, 255);""><span style=""margin&#58;0px;font-size&#58;11pt;font-family&#58;Calibri, sans-serif;color&#58;rgb(5, 99, 193);""><a href=""https&#58;//cmacgmgroup.eu.qlikcloud.com/"" style=""margin&#58;0px;""><p style=""margin&#58;0px;""><br></p></a><div style=""margin&#58;0px;""><a href=""https&#58;//cmacgmgroup.eu.qlikcloud.com/"" style=""margin&#58;0px;""><u><span style=""margin&#58;0px;""></span></u></a><u><a href=""https&#58;//dashboard-self.cma-cgm.com/saml/sense/app/929362fd-cdaa-4820-a5f8-e7eaafe1315b/sheet/bdd365c6-f179-41fc-b05a-9166f127066a/state/analysis"" style=""margin&#58;0px;"">https&#58;//dashboard-self.cma-cgm.com/saml/sense/app/929362fd-cdaa-4820-a5f8-e7eaafe1315b/sheet/bdd365c6-f179-41fc-b05a-9166f127066a/state/analysis</a></u></div></span></u></span><br></div></div>",,,
515,,Export cleanup,Customer Care,Customer Service,Export cleanup,Sales & Customer Care,Inactive,,,Y,,,,,,,,,,Customer Service,,,,,,,,,Other Customer care,Customer Service,,,,,,,
516,,Export DDSM Clock setup,Customer Care,Customer Service,Export DDSM Clock setup,Sales & Customer Care,Inactive,,,Y,,,,,,,,,,Customer Service,,,,,,,,,Other Customer care,Customer Service,,,,,,,
517,Yes,Export Doc - BL Amendment,Customer Care,Service Delivery Export,Export Doc - BL Amendment,Customer Care,Active,Delivery,Receive amendments from customer and send a revised draft again,Y,Per nb of BL Amendments request completed,,"<div>Automatic Kpis : Nova (GBS India)
<br>
<br>Manual Kpis:
<br>- Jupiter : France
<br>- Cira: Bangaldesh, USA)
<br>- Lara Toolkit (GBS China)
<br>
<br>=&gt; Qliksense Cloud (0R03 : SD06)</div>",,SHIPPING,Agency,"Automatic Kpis: Each Monday

Manual Kpis : On Monday after D+9",Customer Care,"Booking, Doc & FAI",Service Delivery Export,HO GEN Dept,,Business,OGU_202086,Sales & Customer Care,Business - Customer Care,,,Service Delivery,Documentation Export,True,"Due to Customer care HO alignment
PL 1 - Documentation to Service Delivery
PL 2 - Service Delivery Export to Documentation Export",GBS - Customer Care Shipping Delivery,"<div class=""ExternalClassD118583757A546D1A6C7F995E6276825""><div style=""font-family&#58;Calibri, Arial, Helvetica, sans-serif;font-size&#58;11pt;color&#58;rgb(0, 0, 0);""><ol style=""margin-bottom&#58;0cm;margin-top&#58;0cm;"" start=""1"" type=""1"">
 </ol><ol style=""margin-bottom&#58;0cm;margin-top&#58;0cm;"" start=""1"" type=""1""><li style=""margin&#58;0cm 0cm 0cm 36pt;font-size&#58;11pt;font-family&#58;Calibri, sans-serif;color&#58;#2F5496;margin-left&#58;0cm;""><a href=""https&#58;//cma-cgm.lightning.force.com/analytics/dashboard/0FK5p000000LPFdGAO"">https&#58;//cma-cgm.lightning.force.com/analytics/dashboard/0FK5p000000LPFdGAO</a><br></li></ol></div></div>",Top cost,,
518,,Export Doc - Extended Scope,Customer Care,Service Delivery Export,Export Doc - Extended Scope,Customer Care,Inactive,,BL Release (OBL / Seaway ) to customers based on the loading confirmation received from Operations team,N,Per nb of FirstBL released,,"<div class=""ExternalClass5A8A8CF5E780449999CA393F1AAB8E63""><div style=""font-family&#58;Calibri, Arial, Helvetica, sans-serif;font-size&#58;11pt;color&#58;rgb(0, 0, 0);"">Manual data</div></div>",,SHIPPING,Agency,,Customer Care,"Booking, Doc & FAI",Service Delivery Export,HO GEN Dept,,BUSINESS,,Sales & Customer Care,,,,Documentation,Service Delivery Export,True,we are proceeding with the Realignment of the GBS process referential for both Export and Import documentation. - From MOHAN Dhamodharan <SSC.MDHAMODHARAN@cma-cgm.com>,,,,,
519,Yes,"Export - Freight, Audit & Invoicing",Customer Care,"Export - Freight, Audit & Invoicing","Export - Freight, Audit & Invoicing",Customer Care,Active,Delivery,Freighting of B/ls basis available SQ's and send Invoice to Customers for Prepaid charges,Y,Per nb of Invoices Produced,Nb of invoice created during the period,"<div class=""ExternalClass4DF8334D35204028BF1CE138C665A8EC""><div><b><u><span style=""color&#58;black;"">​</span>&#160;FIRA &#58; Local IT Toool</u></b><br></div><div>Dashboard&#58; Volume Queue<p>Out of scope&#58; Agency, and cancelled Booking</p></div></div>",,SHIPPING,Agency,,Customer Care,"Booking, Doc & FAI",Export - Freight Audit & Invoicing,HO GEN Dept,True,Business,OGU_201670,Sales & Customer Care,Business - Customer Care,,,Service Delivery,Freight Audit and Invoicing Export,True,"Due to Customer care HO alignment
PL 1 - Freight Audit and Invoicing to Service Delivery
PL 2 - Freight Audit and Invoicing Export to Freight Audit Invoicing Export",GBS - Customer Care Shipping Delivery,,Top Budget,,
520,,Export Doc - Off Catalog Tasks,Customer Care,Service Delivery Export,Export Doc - Off Catalog Tasks,Customer Care,Inactive,,"Exceptional activities handled based on local country specifics/requirements,  which includes, Local filing, Cross payment notices, etc.,",N,Per nb of First Draft BLs sent,,"<div class=""ExternalClass825BD9FF2E9D47A493A517C34E3C0FD5""><div style=""font-family&#58;Calibri, Arial, Helvetica, sans-serif;font-size&#58;11pt;color&#58;rgb(0, 0, 0);"">Manual data</div></div>",,SHIPPING,Agency,,Customer Care,"Booking, Doc & FAI",Service Delivery Export,HO GEN Dept,,BUSINESS,,Sales & Customer Care,,,,Documentation,Service Delivery Export,True,we are proceeding with the Realignment of the GBS process referential for both Export and Import documentation. - From MOHAN Dhamodharan <SSC.MDHAMODHARAN@cma-cgm.com>,,,,,
521,Yes,Export Doc - Standard Scope,Customer Care,Service Delivery Export,Export Doc - Standard Scope,Customer Care,Active,Delivery,"Receive shipping instructions from customers, process it in LARA and send the draft to customer. This will change the Booking status in LARA from 1 to 20",Y,Per nb of First Draft BLs sent,Nb of first BL draft created during the period,"<div>Automatic Kpis : Nova (GBS India)
<br>
<br>Manual Kpis:
<br>- Jupiter : France
<br>- Cira: Bangaldesh, USA)
<br>- Lara Toolkit (GBS China)
<br>
<br>=&gt; Qliksense Cloud (0R03 : SD07a et SD07)</div>","Alain Clerc, ho.aclerc@cma-cgm.com ",SHIPPING,Agency,"Automatic Kpis: Each Monday

Manual Kpis : On Monday after D+9",Customer Care,"Booking, Doc & FAI",Service Delivery Export,HO GEN Dept,True,Business,OGU_202086,Sales & Customer Care,Business - Customer Care,,,Service Delivery,Documentation Export,True,"Due to Customer care HO alignment
PL 1 - Documentation to Service Delivery
PL 2 - Service Delivery Export to Documentation Export",GBS - Customer Care Shipping Delivery,"<div class=""ExternalClass4E46B8EB2FFD4999B8342BA6DBB2D2BF""><ol style=""margin-bottom&#58;0cm;margin-top&#58;0cm;"" start=""1"" type=""1"">
 </ol><ol style=""margin-bottom&#58;0cm;margin-top&#58;0cm;"" start=""1"" type=""1""><li style=""margin&#58;0cm 0cm 0cm 36pt;font-size&#58;11pt;font-family&#58;Calibri, sans-serif;color&#58;#2F5496;margin-left&#58;0cm;""><span lang=""EN-IN"" style=""color&#58;windowtext;""><a href=""https&#58;//cma-cgm.lightning.force.com/analytics/dashboard/0FK5p000000LPFdGAO"">https&#58;//cma-cgm.lightning.force.com/analytics/dashboard/0FK5p000000LPFdGAO</a></span></li></ol></div>",,,"scope : All carriers, Exclusions : amendement draft."
522,,Export Doc Off Catalog Tasks,Customer Care,Service Delivery Export,Export Doc Off Catalog Tasks,Sales & Customer Care,Inactive,,,Y,,,,,,,,,,Service Delivery Export,,,,,,,,,Documentation,Service Delivery Export,,,,,,,
523,,Export Transport Order,Intermodal,Rail Billing,Export Transport Order,"Shipping Ops, Log & Interm",Inactive,,,Y,Per nb of containers,Based on Email request rail billing is process per container and reverted,"<div class=""ExternalClass5348B433CB7D47BC9EA37463726B311F""><div style=""font-family&#58;Calibri, Arial, Helvetica, sans-serif;font-size&#58;11pt;color&#58;rgb(0, 0, 0);""><span style=""color&#58;black;"">​</span><span style=""color&#58;black;"">​Manual Excel file based on Email requests<p><br></p><p>Generic mail id&#58;&#160;<span style=""color&#58;rgb(36, 36, 36);font-family&#58;&quot;Segoe UI&quot;, system-ui, &quot;Apple Color Emoji&quot;, &quot;Segoe UI Emoji&quot;, sans-serif;font-size&#58;14px;background-color&#58;rgb(255, 255, 255);display&#58;inline !important;"">ssc.exportbilling@cma-cgm.com</span></p></span><br></div></div>",,SHIPPING,Agency,,Intermodal,Intermodal,Rail Billing,HO Intermodal Dept,,Industrial Assets,OGU_201707,Logistics & Operations,Ind. Assets - Intermodal,,,Intermodal,Transport Planning and Execution,True,Request to merge the existing process level 3 - Export Transport Order & Import Transport Order into one – “Transport Order Creation”.,GBS - Intermodal and Operations Shipping Delivery,"<div class=""ExternalClass5295D2449A1C40B18BB156CA45747E1D""><div style=""font-family&#58;Calibri, Arial, Helvetica, sans-serif;font-size&#58;11pt;color&#58;rgb(0, 0, 0);""><span style=""color&#58;black;"">​<span style=""color&#58;rgb(36, 36, 36);font-family&#58;&quot;Segoe UI&quot;, system-ui, &quot;Apple Color Emoji&quot;, &quot;Segoe UI Emoji&quot;, sans-serif;font-size&#58;14px;background-color&#58;rgb(255, 255, 255);display&#58;inline !important;"">ssc.exportbilling@cma-cgm.com</span></span><br></div></div>",,,
525,,FAL WB service MQ update,Commercial Support,Pricing Support,FAL WB service MQ update,Sales & Customer Care,Inactive,,,Y,,,,,,,,,,Pricing Support,,,,,,,,,Commercial,Pricing Support,,,,,,,
526,,Fal West Bound,Commercial Support,Pricing Support,Fal West Bound,Sales & Customer Care,Inactive,,,Y,,,,,,,,,,Pricing Support,,,,,,,,,Commercial,Pricing Support,,,,,,,
527,,Fal West Bound + MEX,Commercial Support,Pricing Support,Fal West Bound + MEX,Sales & Customer Care,Inactive,,,Y,,,,,,,,,,Pricing Support,,,,,,,,,Commercial,Pricing Support,,,,,,,
529,,Filing upload,Commercial Support,Pricing Admin Activities,Filing upload,Sales & Customer Care,Inactive,,,Y,,,,,,,,,,Pricing Admin Activities,,,,,,,,,Commercial Support,Pricing Admin Activities,,,,,,,
530,,Finalizing Ocean fright invoices (Russia),Customer Care,Customer Service,Finalizing Ocean fright invoices (Russia),Freight Management,Inactive,,,Y,,,,,,,,,,,,,,,,,,,Freight - Ocean,Ocean Exports,,,,,,,
531,,Finance management,F&A,Record to report,Finance management,Finance,Inactive,,,Y,,,,,,,,,,Accounting,,,FINANCE,,Finance & performance,,,,Record to report,Record to report,,,,,,,
533,Yes,Fixed Assets,Record to report,Record to report,Fixed Assets,Finance,Active,Delivery,"Accounting of Fixed asset details in ERP, maintain the Fixed asset Register and reconcile with Trial Balance",Y,Per report,"Accounting of Fixed asset details in ERP, maintain the Fixed asset Register and reconcile with Trial Balance",,,ALL BUs,Agency,,3. Accounting,Record to report,Accounting,HO Accounting Dept,,Finance,OGU_201635,Finance & performance,Finance,,,Record to report,Other Record to Report,,,GBS - Finance Shipping Delivery,,,No,
534,Yes,FMC Filing,Commercial Support,Pricing Admin Activities,FMC Filing,Commercial & Add Value Activities,Active,Delivery,To send the service contract (Proposals and Amendments) for FMC filing,Y,per filing,Nb of request sent for FMC filing to descartes,<div>GMB</div>,,SHIPPING,Head Office,,Line Management,Commercial,Pricing Admin Activities,HO Lines Dept,,Business,OGU_201691,Lines Management,Business - Commercial,,,Commercial,Pricing Admin Activities,True,,GBS - Commercial Shipping Delivery,,,,
535,,FMC Filing ( for US export),Commercial Support,Pricing Admin Activities,FMC Filing ( for US export),Sales & Customer Care,Inactive,,,Y,,,,,,,,,,Pricing Admin Activities,,,BUSINESS,,,,,,Commercial Support,Pricing Admin Activities,,,,,,,
536,,Foreign to Foreign,Commercial Support,Pricing Support,Foreign to Foreign,Sales & Customer Care,Inactive,,,Y,,,,,,,,,,Pricing Support,,,BUSINESS,,,,,,Commercial,Pricing Support,,,,,,,
537,Yes,US F2F SQ filling,Commercial,Sales Support,US F2F SQ filling,Commercial & Add Value Activities,Active,Delivery,"Foreign to foreign region for US - This task involves creating and managing Special Quotations (SQ) for US Customers with foreign-to-foreign trade lanes in LARA system, and sending accurate and timely pricing to Pricers for confirmation.",Y,Per nb of line quoted,Per nb of line quoted,<div>GMB</div>,Thomas Cassuto,SHIPPING,Agency,,Line Management,Commercial,,GEN Department,,Business,OGU_201811,Lines Management,Business - Commercial,,,Commercial,Sales Support,True,,GBS - Commercial Shipping Delivery,,,No,
538,,FRA BAS,Customer Care,Customer Service,FRA BAS,Sales & Customer Care,Inactive,,,Y,,,,,,,,,,Customer Service,,,,,,,,,Other Customer care,Customer Service,,,,,,,
539,,Freighting & Invoicing,Customer Care,Service Delivery Export,Freighting & Invoicing,Sales & Customer Care,Inactive,,,Y,,,,,,,,,,Freight Audit & Invoicing,,,BUSINESS,,,,,,Freight Audit Invoicing,"Freight, Audit & Invoicing",,,,,,,
540,,French Customs process,Customer Care,Customer Service,French Customs process,Sales & Customer Care,Inactive,,,Y,,,,,,,,,,Customer Service,,,,,,,,,Other Customer care,Customer Service,,,,,,,
541,,GCCM,HO Customer Care,eCommerce Support,GCCM,Sales & Customer Care,Inactive,,,Y,,,,,,,,,,eCommerce Support,,,,,,,,,Other Customer care,HO ecommerce Data quality Management,,,,,,,
542,,GCCM - Commercial,HO Customer Care,eCommerce Support,GCCM - Commercial,Sales & Customer Care,Inactive,,,Y,,,,,,,,,,eCommerce Support,,,,,,,,,Other Customer care,HO ecommerce Data quality Management,,,,,,,
543,Yes,General Ledger,Record to report,Record to report,General Ledger,Finance,Active,Delivery,"Perform period closing tasks inclusive but not limited to Journal posting, Balance Sheet Reconciliation, Period Control, Monthly Closing reports and OneStream submission",Y,Per nb of One Stream package,"Perform period closing tasks inclusive but not limited to Journal posting, Balance Sheet Reconciliation, Period Control, Monthly Closing reports and OneStream submission",<div>Manual record</div>,,ALL BUs,Agency,,3. Accounting,Record to report,Accounting,HO Accounting Dept,True,Finance,OGU_201635,Finance & performance,Finance,,,Record to report,General Ledger,,,GBS - Finance Shipping Delivery,"<div class=""ExternalClassF23176E1A8B74EF685A75F89A3A68E71""><div style=""font-family&#58;Calibri, Arial, Helvetica, sans-serif;font-size&#58;11pt;color&#58;rgb(0, 0, 0);""><span style=""color&#58;black;""><a href=""/sites/CMA-GlobalBusinessServices/Shared%20Documents/Forms/AllItems.aspx?ga=1&amp;id=/sites/CMA-GlobalBusinessServices/Shared%20Documents/Shared%20KPIs/F%26A%20processes%20-%20volume%20of%20transaction%20PIC%20%26%20data%20source/Record%20to%20Report/General%20Ledger&amp;viewid=4d22bbf0-1e02-4f79-9aaa-fb82a4b4c210"" title=""​GBS Sharepoint link"">​GBS Sharepoint link</a></span><br></div></div>",Top Budget,No,
544,,GFCFIN,F&A,Record to report,GFCFIN,Finance,Inactive,,,Y,,,,,,,,,,Accounting,,,FINANCE,,Finance & performance,,,,Record to report,Record to report,,,,,,,
547,,Global Claims,Legal,Maritime Claims,Global Claims,"Ops, Log, Ils & Legal",Inactive,,,Y,,,,,,,,,,Maritime Claims,,,LEGAL,,,,,,Legal,Maritime Claims,,,,,,,
548,,Global Tender Management,Commercial Support,Global Tender Support,Global Tender Management,Sales & Customer Care,Inactive,,,Y,,,,,,,,,,Global Tender Support,,,,,,,,,Commercial Support,Global Tender Support,,,,,,,
551,,Govt MILDOC,Customer Care,Service Delivery Export,Govt MILDOC,Sales & Customer Care,Inactive,,,Y,,,,,,,,,,Service Delivery Export,,,,,,,,,Documentation,Service Delivery Export,,,,,,,
552,,HARP DG Entry,Operations,Dangerous Goods,HARP DG Entry,"Ops, Log, Ils & Legal",Inactive,,,Y,,,,,,,,,,Dangerous Goods,,,INDUSTRIAL ASSETS,,,,,,Operations SSE,Dangerous Goods,,,,,,,
553,,Hazmat,Operations,Dangerous Goods,Hazmat,"Ops, Log, Ils & Legal",Inactive,,,Y,,,,,,,,,,Dangerous Goods,,,INDUSTRIAL ASSETS,,,,,,Operations SSE,Dangerous Goods,,,,,,,
557,Yes,Cash In Cash Out Report,Cash Management,Cash Management,Cash In Cash Out Report,Finance,Active,Delivery,Performing the Cash In and Cash Out report for the cash flow of each entity in a consolidated report to stakeholders,Y,Support,Performing the Cash In and Cash Out report for the cash flow of each entity in a consolidated report to stakeholders,,,SHIPPING,Head Office,,3. Accounting,Record to report,Accounting,HO Credit Management Dept,,Finance,OGU_201659,Finance & performance,Finance,,,Record to report,Cash Management,,,GBS - Finance Logistics Delivery,,,No,
558,,HO CICO Report,F&A,Finance support,HO CICO Report,Finance,Inactive,,,Y,,,,,,,,,,Record to report,,,FINANCE,,Finance & performance,,,,Record to report,Cash Management,,,,,,,
559,,HO Cr Collection,F&A,Collections,HO Cr Collection,Finance,Inactive,,,N,,,,,,,,,,Collections,,,FINANCE,,Finance & performance,,,,Order to cash,Collections,,,,,,,
560,Not Applicable,Credit Collection,Order to cash,Credit Management,Credit Collection,Finance,Active,Delivery,Regular chasing and follow-up are done with the customers for collecting the overdue invoices,N,Per active accounts,"Regular chasing and follow-up are done with the customers for collecting the overdue invoices
",,,SHIPPING,Head Office,,2. Receivables,Order to cash,Collections,HO Credit Management Dept,,Finance,OGU_201643,Finance & performance,Finance,,,Order to cash,Collections,,,GBS - Finance Logistics Delivery,,,No,
562,,HO DOCS,HO Customer Care,HO Documentation,HO DOCS,Sales & Customer Care,Inactive,,,Y,,,,,,,,,,HO Documentation,,,BUSINESS,,,,,,Documentation,HO Documentation,,,,,,,
563,,HO Documents,HO Customer Care,HO Documentation,HO Documents,Sales & Customer Care,Inactive,,,Y,,,,,,,,,,HO Documentation,,,BUSINESS,,,,,,Documentation,HO Documentation,,,,,,,
564,,HO Intercompany Mgt,Record to report,HO Record to report,HO Intercompany Mgt,Finance,Inactive,,,Y,Per report,,,,,,,,,Accounting,HO Finance Dept,,FINANCE,,Finance & performance,,,,Record to report,Record to report,,,,,,,
565,,HO Over Weight Updation,Logistics,Equipment management,HO Over Weight Updation,"Ops, Log, Ils & Legal",Inactive,,,Y,,,,,,,,,,Equipment management,,,,,,,,,Logistics,Equipment Management,,,,,,,
566,,HO Process,F&A,Record to report,HO Process,Finance,Inactive,,,Y,,,,,,,,,,Accounting,,,FINANCE,,Finance & performance,,,,Record to report,Record to report,,,,,,,
567,,HO Quatations,Commercial Support,Pricing Support,HO Quatations,Sales & Customer Care,Inactive,,,Y,,,,,,,,,,Pricing Support,,,,,,,,,Commercial,Pricing Support,,,,,,,
568,,HO Quotation,Commercial Support,Pricing Support,HO Quotation,Sales & Customer Care,Inactive,,,Y,,,,,,,,,,Pricing Support,,,,,,,,,Commercial,Pricing Support,,,,,,,
569,,HO Quotations,Commercial Support,Pricing Support,HO Quotations,Sales & Customer Care,Inactive,,,Y,,,,,,,,,,Pricing Support,,,,,,,,,Commercial,Pricing Support,,,,,,,
570,Yes,PO Invoice matching,Procure to pay,Procure to pay,PO Invoice matching,Finance,Active,Delivery,Process management relating to the matching of vendor invoice against purchase order created in SAP,Y,Per Invoice received,"Process management relating to the matching of vendor invoice against purchase order created in SAP
",,,SHIPPING,Head Office,,1. Payables,Procure to pay,Procure to pay,HO Cost Control Dept,,Finance,OGU_201623,Finance & performance,Finance,,,Procure to pay,Other Procure to Pay,,,GBS - Finance Shipping Delivery,,,Yes,
572,,IB Doc - DE HTS coding,Customer Care,Service Delivery Import,IB Doc - DE HTS coding,Sales & Customer Care,Inactive,,,N,,,,,,,,,,Service Delivery Import,,,,,,,,,Documentation,Service Delivery Import,,,,,,,
573,,IB OOG & DnH,Customer Care,Service Delivery Import,IB OOG & DnH,Sales & Customer Care,Inactive,,,N,,,,,,,,,,Service Delivery Import,,,,,,,,,Documentation,Service Delivery Import,,,,,,,
574,,ICR,F&A,Cost & Revenue Control,ICR,Finance,Inactive,,,Y,,,,,,,,,,Procure to pay,,,FINANCE,,Finance & performance,,,,Procure to pay,Procure to pay,,,,,,,
576,,IFF,Commercial Support,Global Tender Support,IFF,Sales & Customer Care,Inactive,,,Y,,,,,,,,,,Global Tender Support,,,,,,,,,Commercial Support,Global Tender Support,,,,,,,
577,,IFF FAK Rates,Commercial Support,Global Tender Support,IFF FAK Rates,Sales & Customer Care,Inactive,,,Y,,,,,,,,,,Global Tender Support,,,,,,,,,Commercial Support,Global Tender Support,,,,,,,
578,,IFF FAK Rates inside sales,Commercial Support,Global Tender Support,IFF FAK Rates inside sales,Sales & Customer Care,Inactive,,,Y,,,,,,,,,,Global Tender Support,,,,,,,,,Commercial Support,Global Tender Support,,,,,,,
579,,IFF Tender,Commercial Support,Global Tender Support,IFF Tender,Sales & Customer Care,Inactive,,,Y,,,,,,,,,,Global Tender Support,,,,,,,,,Commercial Support,Global Tender Support,,,,,,,
580,,IKEA DDSM special handling,Customer Care,Customer Service,IKEA DDSM special handling,Sales & Customer Care,Inactive,,,Y,,,,,,,,,,Customer Service,,,,,,,,,Other Customer care,Customer Service,,,,,,,
581,,IKEA MRN,Customer Care,Customer Service,IKEA MRN,Sales & Customer Care,Inactive,,,Y,,,,,,,,,,Customer Service,,,,,,,,,Other Customer care,Customer Service,,,,,,,
582,,IMO reporting to Port Authorities,Customer Care,Customer Service,IMO reporting to Port Authorities,Sales & Customer Care,Inactive,,,Y,,,,,,,,,,Customer Service,,,,,,,,,Other Customer care,Customer Service,,,,,,,
583,,Implementation delivery GetPaid,IT services,Implementation delivery,Implementation delivery GetPaid,IT Services,Inactive,,,Y,,,,,,,,,,,,,IT,,,,,,IT services,,,,,,,,
584,,Implementation delivery Ocean,IT services,Implementation delivery,Implementation delivery Ocean,IT Services,Inactive,,,Y,,,,,,,,,,,,,IT,,,,,,IT services,,,,,,,,
585,,Import,Customer Care,Customer Service,Import,Sales & Customer Care,Inactive,,,Y,,,,,,,,,,Service Delivery Import,,,,,,,,,Documentation,Service Delivery Import,,,,,,,
586,,Import cleanup,Customer Care,Customer Service,Import cleanup,Sales & Customer Care,Inactive,,,Y,,,,,,,,,,Service Delivery Import,,,,,,,,,Documentation,Service Delivery Import,,,,,,,
587,,Import Delivery,Cargo Ops,Cargo Readiness,Import Delivery,Sales & Customer Care,Inactive,,,Y,,,,,,,,,,Cargo Readiness,,,BUSINESS,,,,,,Customer service - Cargo Readiness,Cargo Readiness,,,,,,,
588,,IMPORT DEM/DET OCR CHANGING PROCEDURE,Customer Care,Customer Service,IMPORT DEM/DET OCR CHANGING PROCEDURE,Sales & Customer Care,Inactive,,,Y,,,,,,,,,,,,,,,,,,,,,,,,,,,
589,Yes,"Import - Freight, Audit & Invoicing",Customer Care,"Import - Freight, Audit & Invoicing","Import - Freight, Audit & Invoicing",Customer Care,Active,Delivery,,N,Per nb of Invoices Produced,Nb of invoice created during the period,"<div>China: LARA Mirror
<br>India: Excel Database</div>",,SHIPPING,Agency,,Customer Care,"Booking, Doc & FAI",Import - Freight Audit & Invoicing,HO GEN Dept,,Business,OGU_201671,Sales & Customer Care,Business - Customer Care,,,Service Delivery,Freight Audit and Invoicing Import,True,"Due to Customer care HO alignment
PL 1 - Freight Audit and Invoicing to Service Delivery
PL 2 - Freight Audit and Invoicing Import to Freight Audit Invoicing Import",GBS - Customer Care Shipping Delivery,,,,
590,,Import Doc - Off Catalog Tasks,Customer Care,Service Delivery Import,Import Doc - Off Catalog Tasks,Customer Care,Inactive,,Exceptional activities handled based on local country specifics/requirements,N,Per nb of Import BLs Handled,Number of import BL handled,"<div class=""ExternalClass269D1D0E235049558336B19D0F8335FA""><div>China&#58; LARA Mirror
<br></div><div>India&#58; Cira dashboard (One Cira)<p>Take the&#160;Manifestation volume</p></div></div>",,SHIPPING,Agency,,Customer Care,"Booking, Doc & FAI",Service Delivery Import,HO GEN Dept,,BUSINESS,,Sales & Customer Care,,,,Documentation,Service Delivery Import,True,we are proceeding with the Realignment of the GBS process referential for both Export and Import documentation. - From MOHAN Dhamodharan <SSC.MDHAMODHARAN@cma-cgm.com>,,"<div class=""ExternalClassF3482AB7AEDA4BA1B145E0F309CC9847""><div style=""font-family&#58;Calibri, Arial, Helvetica, sans-serif;font-size&#58;11pt;color&#58;rgb(0, 0, 0);""><span style=""color&#58;black;""><a title=""https&#58;//bareports.cma-cgm.com/rm2016/report/ssc/imports/import_daily_kpi_ssrs/monthly_vol?rs&#58;embed=true"" href=""https&#58;//bareports.cma-cgm.com/RM2016/report/SSC/Imports/Import_Daily_KPI_SSRS/Monthly_Vol?rs&#58;embed=true"" rel=""noopener noreferrer"" target=""_blank"" tabindex=""-1"" style=""margin&#58;0px;box-sizing&#58;border-box;background-color&#58;rgb(255, 255, 255);color&#58;rgb(91, 95, 199);font-family&#58;&quot;Segoe UI&quot;, system-ui, &quot;Apple Color Emoji&quot;, &quot;Segoe UI Emoji&quot;, sans-serif;font-size&#58;14px;"">Monthly_Vol - SQL Server Reporting Services (cma-cgm.com)</a></span><br></div></div>",,,
591,Yes,Import Doc - Standard Scope,Customer Care,Service Delivery Import,Import Doc - Standard Scope,Customer Care,Active,Delivery,"Container reconciliation between discharge list (previous POL) Vs POD to check if details are matching, perform audits to ensure POD requirements are met.. Cleaning up of HS Codes & Partner codes, to ensure accurate invoicing and Manifestations.. Sending of Arrival notices to customers and Import Call Closure",Y,Per nb of Import BLs Handled,Nb of Import BLs Handled,"<div class=""ExternalClass3FB6674CC66740E499C9251CE159DF28""><div><span style=""color&#58;black;"">​</span>China&#58; Lara Mirror
<br></div><div>India&#58; CIRA Dashboard (One Cira)
<br><br></div></div>",,SHIPPING,Agency,Data available the 3d working day of the month. Monthly report refreshed at D+1 .,Customer Care,"Booking, Doc & FAI",Service Delivery Import,HO GEN Dept,True,Business,OGU_202087,Sales & Customer Care,Business - Customer Care,,,Service Delivery,Documentation Import,True,"Due to Customer care HO alignment
PL 1 - Documentation to Service Delivery
PL 2 - Service Delivery Import to Documentation Import",GBS - Customer Care Shipping Delivery,"<div class=""ExternalClass881429E1977F4E7DA71EB7EA3FC0C70C""><div style=""font-family&#58;Calibri, Arial, Helvetica, sans-serif;font-size&#58;11pt;color&#58;rgb(0, 0, 0);""><span style=""color&#58;black;""></span><span style=""color&#58;black;""><a title=""https&#58;//bareports.cma-cgm.com/rm2016/report/ssc/imports/import_daily_kpi_ssrs/monthly_vol?rs&#58;embed=true"" href=""https&#58;//bareports.cma-cgm.com/RM2016/report/SSC/Imports/Import_Daily_KPI_SSRS/Monthly_Vol?rs&#58;embed=true"" rel=""noopener noreferrer"" target=""_blank"" tabindex=""-1"" style=""box-sizing&#58;border-box;background-color&#58;rgb(255, 255, 255);color&#58;rgb(91, 95, 199);font-family&#58;&quot;Segoe UI&quot;, system-ui, &quot;Apple Color Emoji&quot;, &quot;Segoe UI Emoji&quot;, sans-serif;font-size&#58;14px;"">Monthly_Vol - SQL Server Reporting Services (cma-cgm.com)</a></span><br></div></div>",Top Budget,,
592,,Import Transport Order,Intermodal,Rail Billing,Import Transport Order,"Shipping Ops, Log & Interm",Inactive,,,Y,Per nb of containers,,"<div class=""ExternalClass8A01F5F025B94BF19327C54316CC2DC9""><div style=""font-family&#58;Calibri, Arial, Helvetica, sans-serif;font-size&#58;11pt;color&#58;rgb(0, 0, 0);""><span style=""color&#58;black;"">​Manual excel tracker based on mail request<p><br></p><div style=""margin-top&#58;0px;margin-bottom&#58;0px;""><span style=""color&#58;rgb(36, 36, 36);font-family&#58;&quot;Segoe UI&quot;, system-ui, &quot;Apple Color Emoji&quot;, &quot;Segoe UI Emoji&quot;, sans-serif;font-size&#58;14px;background-color&#58;rgb(255, 255, 255);display&#58;inline !important;"">ssc.import-eastrail@cma-cgm.com, <p>ssc.import-westrail@cma-cgm.com,&#160;</p><p>ssc.caimportrail@cma-cgm.com<br></p></span></div></span><br></div></div>",,SHIPPING,Agency,,Intermodal,Intermodal,Rail Billing,HO Intermodal Dept,,Industrial Assets,OGU_201707,Logistics & Operations,Ind. Assets - Intermodal,,,Intermodal,Transport Planning and Execution,,Request to merge the existing process level 3 - Export Transport Order & Import Transport Order into one – “Transport Order Creation”.,GBS - Intermodal and Operations Shipping Delivery,"<div class=""ExternalClassDB9859B385BA44BCA5384BCF07D35739""><div style=""font-family&#58;Calibri, Arial, Helvetica, sans-serif;font-size&#58;11pt;color&#58;rgb(0, 0, 0);""><span style=""color&#58;black;"">​<div style=""margin&#58;0px;font-family&#58;Calibri, Arial, Helvetica, sans-serif;background-color&#58;rgb(255, 255, 255);""><span style=""margin&#58;0px;color&#58;rgb(36, 36, 36);font-family&#58;&quot;Segoe UI&quot;, system-ui, &quot;Apple Color Emoji&quot;, &quot;Segoe UI Emoji&quot;, sans-serif;font-size&#58;14px;background-color&#58;rgb(255, 255, 255);display&#58;inline !important;"">ssc.import-eastrail@cma-cgm.com,<p style=""margin&#58;0px;"">ssc.import-westrail@cma-cgm.com,&#160;</p><p style=""margin&#58;0px;"">ssc.caimportrail@cma-cgm.com<br></p></span></div><br></span><br></div></div>",,,
593,,Import releases,Customer Care,Customer Service,Import releases,Sales & Customer Care,Inactive,,,Y,,,,,,,,,,Customer Service,,,,,,,,,Other Customer care,Customer Service,,,,,,,
594,Yes,Inland Cost Recovery,Procure to pay,Carrier Haulage cost recovery,Inland Cost Recovery,"Shipping Ops, Log & Interm",Active,Delivery,,Y,Per BL,"Verify the negative variance between COST and REVENUE to increase the working capital by recovering all missed revenue from customer.
",,,SHIPPING,Head Office,,Intermodal,Intermodal,Carrier Haulage,HO Intermodal Dept,,Industrial Assets,OGU_201706,Finance & performance,Ind. Assets - Intermodal,,,Intermodal,Carrier Haulage Cost Recovery,,,GBS - Intermodal and Operations Shipping Delivery,,,,
595,Yes,Tender Integration,Commercial,Global Tender Support,Tender Integration,Commercial & Add Value Activities,Active,Delivery,Update Tender awarded rates/lanes into LARA & further maintain quarterly/regularly updates ,Y,Per nb of quote lines,Total Quoted lanes in each Tender round,"<div class=""ExternalClassB56089360449405E821F4A0B37AF1276""><div><font color=""#000000""><b>CIRA</b></font></div><div><font color=""#000000""><b><span id=""ms-rterangepaste-start""></span>LARA Integration – On Dashboard<br><span id=""ms-rterangepaste-end""></span><span id=""ms-rterangecursor-start""></span><span id=""ms-rterangecursor-end""></span><br></b></font></div></div>",Thomas Cassuto,SHIPPING,HO / Agency,,Line Management,Commercial,Global Tender Support,HO Global Account Dept,,Business,OGU_201692,Lines Management,Business - Commercial,,,Commercial,Global Tender Support,,,GBS - Commercial Shipping Delivery,"<div class=""ExternalClass8212A70B20CC4EC4AB62F0CAA236DE5F""><div style=""font-family&#58;Calibri, Arial, Helvetica, sans-serif;font-size&#58;11pt;color&#58;rgb(0, 0, 0);""><span style=""color&#58;black;""></span><span style=""color&#58;black;""><table width=""1333"" style=""width&#58;1000.0pt;margin-left&#58;.2pt;border-collapse&#58;collapse;"">
 <tbody><tr style=""height&#58;15.0pt;"">
  <td width=""444"" style=""width&#58;332.7pt;border-top&#58;none;border-left&#58;none;border-bottom&#58;solid windowtext 1.0pt;border-right&#58;solid windowtext 1.0pt;padding&#58;0cm 5.4pt 0cm 5.4pt;height&#58;15.0pt;"">
  <p style=""margin&#58;0cm;font-size&#58;11pt;font-family&#58;Calibri, sans-serif;""><span style=""color&#58;black;""><a href=""http&#58;//10.97.65.55/tender_management/login"">http&#58;//10.97.65.55/tender_management/login</a></span></p>
  </td>
 </tr></tbody></table></span><br></div></div>",,No,
596,Yes,Inter Agency Cost,Procure to pay,Procure to pay,Inter Agency Cost,Finance,Active,Delivery,Inter Agency - between agencies or between carriers and agencies in case of carrier costs to be recovered or due to agent negligence.,Y,Support,"Cost to be recovered between agencies, or between Carriers and agencies, due to agent negligence.",,,SHIPPING,Head Office,,1. Payables,Procure to pay,Procure to pay,HO Accounting Dept,,Finance,OGU_201655,Finance & performance,Finance,,,Procure to pay,Other Procure to Pay,,,GBS - Finance Logistics Delivery,,,No,
597,,Interest invoicing,Customer Care,Customer Service,Interest invoicing,Sales & Customer Care,Inactive,,,Y,,,,,,,,,,Customer Service,,,,,,,,,Other Customer care,Customer Service,,,,,,,
598,Yes,Intermodal delivery Order,Intermodal,Carrier Haulage,Intermodal delivery Order,"Shipping Ops, Log & Interm",Active,Delivery,,Y,Per nb of BLs,"Update the delivery address, date and time in the LARA documentation screen for door shipments. Delivery instructions sent by the customer or freight forwarder are updated by the team, and a confirmation is then sent to the customer via email.","<div class=""ExternalClassE46C6C9CC9BB45AF909F0D78E31EBFBC""><div style=""font-family&#58;Calibri, Arial, Helvetica, sans-serif;font-size&#58;11pt;color&#58;rgb(0, 0, 0);""><span style=""color&#58;black;"">​</span><span style=""color&#58;black;"">​Manual excel</span></div><div style=""font-family&#58;Calibri, Arial, Helvetica, sans-serif;font-size&#58;11pt;color&#58;rgb(0, 0, 0);""><span style=""color&#58;black;""><p><br></p><div style=""margin-top&#58;0px;margin-bottom&#58;0px;""><span style=""color&#58;rgb(36, 36, 36);font-family&#58;&quot;Segoe UI&quot;, system-ui, &quot;Apple Color Emoji&quot;, &quot;Segoe UI Emoji&quot;, sans-serif;font-size&#58;14px;background-color&#58;rgb(255, 255, 255);display&#58;inline !important;"">ssc.deliveryorder@cma-cgm.com</span><br></div></span><br></div></div>",,SHIPPING,Agency,,Intermodal,Intermodal,Carrier Haulage,HO Intermodal Dept,,Industrial Assets,OGU_201705,Logistics & Operations,Ind. Assets - Intermodal,,,Intermodal,Carrier Haulage,,,GBS - Intermodal and Operations Shipping Delivery,"<div class=""ExternalClassA9A4FD4258A441A5998FA7649E5FE15C""><div style=""font-family&#58;Calibri, Arial, Helvetica, sans-serif;font-size&#58;11pt;color&#58;rgb(0, 0, 0);""><span style=""color&#58;black;"">​<span style=""margin&#58;0px;color&#58;rgb(36, 36, 36);font-family&#58;&quot;Segoe UI&quot;, system-ui, &quot;Apple Color Emoji&quot;, &quot;Segoe UI Emoji&quot;, sans-serif;font-size&#58;14px;background-color&#58;rgb(255, 255, 255);display&#58;inline !important;"">ssc.deliveryorder@cma-cgm.com</span><br style=""font-family&#58;Calibri, Arial, Helvetica, sans-serif;background-color&#58;rgb(255, 255, 255);""></span><br></div></div>",,Yes,
599,Yes,Tender Intermodal Pricing,Commercial,Global Tender Support,Tender Intermodal Pricing,Commercial & Add Value Activities,Active,Delivery,"Provide quote for Intermodal  Asia Europe , Africa, India, Middle east and AGO / LATAM",Y,Per nb of quote lines,Total Quoted lanes in each Tender round,"<div class=""ExternalClass9842185B9D11409EB734DE370B154613""><div style=""font-family&#58;Calibri, Arial, Helvetica, sans-serif;font-size&#58;11pt;color&#58;rgb(0, 0, 0);"">Excel dashboard</div></div>",Thomas Cassuto,SHIPPING,Head Office,,Line Management,Commercial,Global Tender Support,HO Global Account Dept,,Business,OGU_201692,Lines Management,Business - Commercial,,,Commercial,Global Tender Support,True,,GBS - Commercial Shipping Delivery,"<div class=""ExternalClass29A37DD2EE0F4BD0BE0A0331E2704E0D""><div style=""font-family&#58;Calibri, Arial, Helvetica, sans-serif;font-size&#58;11pt;color&#58;rgb(0, 0, 0);""><br></div></div>",,No,
600,,Intermodal Rail Billing,Intermodal,Carrier Haulage,Intermodal Rail Billing,"Ops, Log, Ils & Legal",Inactive,,,Y,,,,,,,,,,Carrier Haulage,,,,,,,,,Intermodal,Carrier Haulage,,,,,,,
601,Yes,Intermodal support,Intermodal,Carrier Haulage,Intermodal support,"Shipping Ops, Log & Interm",Active,Delivery,,Y,Per nb of containers,"After the containers are discharged from the vessel, customers reach out to the GBS team to update delivery details in the system. The team checks and updates delivery instructions received from the customer or freight forwarder so that transport can be arranged accordingly. A final confirmation is then sent to the customer via NOVA","<div class=""ExternalClass710F4EF0992B4EA8A0D8A080035F48D8""><div style=""font-family&#58;Calibri, Arial, Helvetica, sans-serif;font-size&#58;11pt;color&#58;rgb(0, 0, 0);""><span style=""color&#58;black;"">​<p>Manual excel</p><p><br></p><div style=""margin-top&#58;0px;margin-bottom&#58;0px;""><span style=""color&#58;rgb(36, 36, 36);font-family&#58;&quot;Segoe UI&quot;, system-ui, &quot;Apple Color Emoji&quot;, &quot;Segoe UI Emoji&quot;, sans-serif;font-size&#58;14px;background-color&#58;rgb(255, 255, 255);display&#58;inline !important;"">ssc.deliveryorder@cma-cgm.com</span><br></div></span><br></div></div>",,SHIPPING,Head Office,,Intermodal,Intermodal,Carrier Haulage,HO Intermodal Dept,,Industrial Assets,OGU_201705,Logistics & Operations,Ind. Assets - Intermodal,,,Intermodal,Carrier Haulage,,,GBS - Intermodal and Operations Shipping Delivery,"<div class=""ExternalClassA0C980F5E01744F7BAF27CD51EF2FE43""><div style=""font-family&#58;Calibri, Arial, Helvetica, sans-serif;font-size&#58;11pt;color&#58;rgb(0, 0, 0);""><span style=""color&#58;black;"">​<span style=""color&#58;rgb(36, 36, 36);font-family&#58;&quot;Segoe UI&quot;, system-ui, &quot;Apple Color Emoji&quot;, &quot;Segoe UI Emoji&quot;, sans-serif;font-size&#58;14px;background-color&#58;rgb(255, 255, 255);display&#58;inline !important;"">ssc.deliveryorder@cma-cgm.com</span></span><br></div></div>",,,
602,,Intermodel Pricing,Commercial Support,Global Tender Support,Intermodel Pricing,Sales & Customer Care,Inactive,,,Y,,,,,,,,,,Global Tender Support,,,,,,,,,Commercial Support,Global Tender Support,,,,,,,
605,,IRE SAD,Customer Care,Customer Service,IRE SAD,Sales & Customer Care,Inactive,,,Y,,,,,,,,,,Customer Service,,,,,,,,,Other Customer care,Customer Service,,,,,,,
606,,IT correction,IT services,Maintenance,IT correction,IT Services,Inactive,,,Y,,,,,,,,,,Maintenance,,,IT,,,,,,IT services,Maintenance,,,,,,,
607,,IT evolution,IT services,Maintenance,IT evolution,IT Services,Inactive,,,Y,,,,,,Head Office,,,IT services,,HO IT Dept,,IT,,IT,,,,IT services,Maintenance,,,,,,,
610,,IT evolutions and corrections Credit Application,IT services,Maintenance,IT evolutions and corrections Credit Application,IT Services,Inactive,,,Y,Per nb of evolutions and corrections,,,,,Head Office,Until Nov 2021,,IT services,,HO IT Dept,,IT,,IT,,,,IT services,Maintenance,,,,,,,
615,,IT evolutions and corrections Orchestra,IT services,Maintenance,IT evolutions and corrections Orchestra,IT Services,Inactive,,,Y,Per nb of evolutions and corrections,,,,,Head Office,Until Nov 2021,,IT services,,HO IT Dept,,IT,,IT,,,,IT services,Maintenance,,,,,,,
618,,IT project - Bengal Team,IT services,Project Management,IT project - Bengal Team,IT Services,Inactive,,,Y,,,,,,Head Office,Until Nov 2021,,IT services,,HO IT Dept,,IT,,IT,,,,IT services,Project Management,,,,,,,
620,,IT project development (CEVA),IT services,Project Management,IT project development (CEVA),IT Services,Inactive,,,Y,Per nb of dev days,,,,,Head Office,Until Nov 2021,,IT services,,HO IT Dept,,IT,,IT,,,,IT services,Project Management,,,,,,,
623,,IT project development (Ocean),IT services,Project Management,IT project development (Ocean),IT Services,Inactive,,,Y,Per nb of dev days,,,,,Head Office,Until Nov 2021,,IT services,,HO IT Dept,,IT,,IT,,,,IT services,Project Management,,,,,,,
627,,IT Security,IT services,Cybersecurity,IT Security,IT Services,Inactive,,,Y,Per nb of IT Security Requests processed,,,,,Head Office,Until Nov 2021,,IT services,,HO IT Dept,,IT,,IT,,,,IT services,Cybersecurity,,,,,,,
629,,JCT invoicing,Customer Care,Customer Service,JCT invoicing,Sales & Customer Care,Inactive,,,Y,,,,,,,,,,Customer Service,,,,,,,,,Other Customer care,Customer Service,,,,,,,
630,,Journey Leg,Cargo Ops,Cargo Readiness,Journey Leg,"Ops, Log, Ils & Legal",Inactive,,,Y,,,,,,,,,,Transhipment & Connection desk,,,BUSINESS,,,,,,Operations,Transhipment & Connection desk,,,,,,,
631,,Journey Leg - GRS,Cargo Ops,Cargo Readiness,Journey Leg - GRS,"Ops, Log, Ils & Legal",Inactive,,,Y,,,,,,,,,,Transhipment & Connection desk,,,BUSINESS,,,,,,Operations,Transhipment & Connection desk,,,,,,,
632,,Journey Leg update,Cargo Ops,Cargo Readiness,Journey Leg update,"Ops, Log, Ils & Legal",Inactive,,,Y,,,,,,,,,,Transhipment & Connection desk,,,BUSINESS,,,,,,Operations,Transhipment & Connection desk,,,,,,,
633,,Journey Leg Updates /RFBS Journey Leg Entry,Cargo Ops,Cargo Readiness,Journey Leg Updates /RFBS Journey Leg Entry,"Ops, Log, Ils & Legal",Inactive,,,N,,,,,,,,,,Transhipment & Connection desk,,,BUSINESS,,,,,,Operations,Transhipment & Connection desk,,,,,,,
634,,KPCFIN,F&A,Record to report,KPCFIN,Finance,Inactive,,,Y,,,,,,,,,,Accounting,,,FINANCE,,Finance & performance,,,,Record to report,Record to report,,,,,,,
635,,Land OPS,Operations,Third Party Feeder,Land OPS,"Ops, Log, Ils & Legal",Inactive,,,Y,,,,,,,,,,Third Party Feeder,,,,,,,,,Operations,Third Party Feeder,,,,,,,
636,Yes,DDSM Pricing (LDAT),Commercial,Global Tender Support,DDSM Pricing (LDAT),Commercial & Add Value Activities,Active,Delivery,Update DDSM details into LARA for Strategic accounts and maintain general tariff as per HO Guidance.,Y,Per nb of Tariff lines,Per nb of Tariff lines,,Thomas Cassuto,SHIPPING,Head Office,,Line Management,DDSM,,HO 	Demurrages & Detentions - Finance Dept,,Business,OGU_201692,,Business - Commercial,,,Commercial,Global Tender Support,,,GBS - Commercial Shipping Delivery,,,No,
637,,Legal Data Management,Master data management,HO data Management,Legal Data Management,"Ops, Log, Ils & Legal",Inactive,,,Y,,,,,,,,,,,,,,,,,,,,HO data Management,,,,,,,
639,,Lisa Intermodal support,IT Support,Lisa Support,Lisa Intermodal support,"Ops, Log, Ils & Legal",Inactive,,,Y,Per nb of containers,,,,,,,,,Lisa Support,,,,,,,,,Intermodal,Lisa Support,,,,,,,
641,,Load & Discharge list preparation,Operations,Cargo Ops desk,Load & Discharge list preparation,"Ops, Log, Ils & Legal",Inactive,,,Y,,,,,,,,,,Cargo Operations,,,,,,,,,Operations,Cargo Operations,,,,,,,
642,,Load and Discharge List preparation,Operations,Cargo Ops desk,Load and Discharge List preparation,"Ops, Log, Ils & Legal",Inactive,,,Y,Per Vessel calls,Number of Vessel calls,<div>Manual Tracking</div>,,,,,,,Cargo Operations,,,,,,,,,Operations,Cargo Operations,,,,,,,
643,,Load/ Disch list prep,Operations,Cargo Ops desk,Load/ Disch list prep,"Ops, Log, Ils & Legal",Inactive,,,Y,,,,,,,,,,Cargo Operations,,,,,,,,,Operations,Cargo Operations,,,,,,,
644,,Local Cargo Readiness Check,Cargo Ops,Cargo Readiness,Local Cargo Readiness Check,Sales & Customer Care,Inactive,,,Y,,,,,,,,,,Cargo Readiness,,,BUSINESS,,,,,,Customer service - Cargo Readiness,Cargo Readiness,,,,,,,
645,,Local Charge Harmonization,Commercial Support,Pricing Support,Local Charge Harmonization,Sales & Customer Care,Inactive,,Harmonization of local agency charges inline with Group Tariff book,Y,Per nb of line items,,,,SHIPPING,Head Office,202307,LINE MANAGEMENT,Commercial,Pricing Support,HO Lines Dept,,BUSINESS,,Lines Management,,,,Commercial,Pricing Support,,,,,,,
646,,Local Management revenue reporting,DDSM,DDSM,Local Management revenue reporting,"Ops, Log, Ils & Legal",Inactive,,,Y,,,,,,,,,,DDSM,,,,,,,,,DDSM,DDSM,,,,,,,
647,Yes,DDSM reporting,DDSM,DDSM,DDSM reporting,Customer Care,Active,Delivery,Publish reports to agencies eg Depo report in Singapore,Y,Per report,Publish reports to agencies,"<div class=""ExternalClassD220F18309114829A1FCF6E60A1558F3""><div style=""font-family&#58;Calibri, Arial, Helvetica, sans-serif;font-size&#58;11pt;color&#58;rgb(0, 0, 0);""><span style=""color&#58;black;"">​<span style=""font-family&#58;Calibri, Arial, Helvetica, sans-serif;background-color&#58;rgb(255, 255, 255);display&#58;inline !important;"">​Manual excel</span></span><br></div></div>",,SHIPPING,Agency,,Customer Care,DDSM,DDSM,HO 	Demurrages & Detentions - Finance Dept,,Business,OGU_202088,Sales & Customer Care,Business - Customer Care,,,Service Delivery,DDSM,,"Due to Customer care HO alignment
PL 1 - DDSM to Service Delivery",GBS - Customer Care Shipping Delivery,,,,
648,,LON UCR,Customer Care,Customer Service,LON UCR,Sales & Customer Care,Inactive,,,Y,,,,,,,,,,Customer Service,,,,,,,,,Other Customer care,Customer Service,,,,,,,
650,Yes,Maintenance and Repair,Logistics,Equipment management,Maintenance and Repair,"Shipping Ops, Log & Interm",Active,Delivery,,Y,Per nb of estimates treated,Amount of the estimates handeled,<div>iMars through the C Report</div>,,SHIPPING,Agency,,Equipment Mgt,Logistics,Maintenance & Repair,HO Logistics Dept,,Industrial Assets,OGU_201699,Logistics & Operations,Ind. Assets - Container Fleet Management,,,Container Fleet Management,Equipment Management,,,GBS - Container Fleet Management Shipping Delivery,,,Yes,
651,,Malta Transhipment,F&A,Order to cash,Malta Transhipment,Finance,Inactive,,,Y,,,,,,,,,,,,,FINANCE,,Finance & performance,,,,Order to cash,,,,,,,,
652,Yes,Manage and Reuse Stock Turn,Logistics,Stock Management,Manage and Reuse Stock Turn,"Shipping Ops, Log & Interm",Active,Delivery,,Y,Per nb of containers,,,,SHIPPING,Agency,,Equipment Mgt,Logistics,Stock Management,HO Logistics Dept,,Industrial Assets,OGU_201701,Logistics & Operations,Ind. Assets - Container Fleet Management,,,Container Fleet Management,Stock Management,,,GBS - Container Fleet Management Shipping Delivery,,,,
653,,Manage Reuse/Stock Turn,Logistics,Stock Management,Manage Reuse/Stock Turn,"Ops, Log, Ils & Legal",Inactive,,,Y,,,,,,Agency,,EQUIPMENT MGT,,Stock Management,HO Logistics Dept,,INDUSTRIAL ASSETS,,,,,,Logistics,Stock Management,,,,,,,
654,,Manage VGM issues,VGM,VGM,Manage VGM issues,"Ops, Log, Ils & Legal",Inactive,,,Y,,,,,,,,,,,,,,,,,,,Operations SSE,VGM,,,,,,,
655,,MDM process,CEVA process,MDM process,MDM process,Ceva Logistics,Inactive,,,Y,Per nb of tickets received in a month,,,,LOGISTICS,Head Office,,,CEVA process,,HO CEVA GBS Dept,,Freight Management,,Freight Management,,,,CEVA process,MDM process,,,,,,,
656,,Miami Import TLI,Commercial Support,Pricing Admin Activities,Miami Import TLI,Sales & Customer Care,Inactive,,,Y,,,,,,,,,,Pricing Admin Activities,,,,,,,,,Commercial Support,Pricing Admin Activities,,,,,,,
657,,Miami Import TLI  (only LATAM),Commercial Support,Pricing Admin Activities,Miami Import TLI  (only LATAM),Sales & Customer Care,Inactive,,,Y,,,,,,,,,,Pricing Admin Activities,,,,,,,,,Commercial Support,Pricing Admin Activities,,,,,,,
658,,MILDOC,Customer Care,Service Delivery Export,MILDOC,Sales & Customer Care,Inactive,,,Y,,,,,,,,,,Service Delivery Export,,,,,,,,,Documentation,Service Delivery Export,,,,,,,
659,,Military and Government Export Documentation,Customer Care,Service Delivery Export,Military and Government Export Documentation,Sales & Customer Care,Inactive,,,Y,,,,,,,,,,Service Delivery Export,,,,,,,,,Documentation,Service Delivery Export,,,,,,,
660,,Misconnection,Customer Care,Customer Service,Misconnection,Sales & Customer Care,Inactive,,,Y,,,,,,,,,,Customer Service,,,,,,,,,Other Customer care,Customer Service,,,,,,,
661,,Misrouted EDI Management,HO Customer Care,eCommerce Support,Misrouted EDI Management,Sales & Customer Care,Inactive,,,Y,,,,,,,,,,eCommerce Support,,,,,,,,,Other Customer care,HO ecommerce Data quality Management,,,,,,,
662,,Misrouted EDI Management (RTM),HO Customer Care,eCommerce Support,Misrouted EDI Management (RTM),Sales & Customer Care,Inactive,,,Y,Per nb of requests,Nb of BLs actioned against the report,"<div class=""ExternalClass5DFE01B9C50A430D9E0B8625E63976D2""><div><b><span style=""color&#58;black;"">​</span>CIRA</b><p>Misrouted reports</p></div></div>",,SHIPPING,Head Office,202112,CUSTOMER CARE,"Booking, Doc & FAI",eCommerce Support,HO Digital Agency Dept,,BUSINESS,,Sales & Customer Care,,,,Other Customer care,eCommerce Support,,,,"<div class=""ExternalClassA98D63E0C5DD46838397C657D8080B7E""><div style=""font-family&#58;Calibri, Arial, Helvetica, sans-serif;font-size&#58;11pt;color&#58;rgb(0, 0, 0);""><span style=""color&#58;black;"">​<u><span style=""font-size&#58;11.0pt;font-family&#58;&quot;Calibri&quot;,sans-serif;color&#58;#0563C1;""><a href=""https&#58;//ssc-gccm.cma-cgm.com/"">https&#58;//ssc-gccm.cma-cgm.com/</a></span></u></span><br></div></div>",,,
663,,Missing MRN,HO Customer Care,HO Documentation,Missing MRN,Customer Care,Inactive,,"GBSI receives Missing Movement Reference Number data from C-report daily with error status, GBSI team to trigger the RFIs with POL & Transshipment to clear the errors and to perform re-fling until MRN is generated.",Y,Per BL,,,,SHIPPING,Head Office,202403,Customer Care,"Booking, Doc & FAI",HO Documentation,HO Documentation Dept,,BUSINESS,,Sales & Customer Care,,,,Documentation,HO Documentation,,,,,,,
664,,MNR - maintenance and repair,Logistics,Equipment management,MNR - maintenance and repair,"Ops, Log, Ils & Legal",Inactive,,,Y,,,,,,,,,,Equipment management,,,,,,,,,Logistics,Equipment Management,,,,,,,
665,,MNR invoicing,Customer Care,Customer Service,MNR invoicing,Sales & Customer Care,Inactive,,,Y,,,,,,,,,,Customer Service,,,,,,,,,Other Customer care,Customer Service,,,,,,,
666,,Mother Quote for ARO / DQ Tariff,Commercial Support,Pricing Support,Mother Quote for ARO / DQ Tariff,Sales & Customer Care,Inactive,,,Y,,,,,,,,,,Pricing Support,,,,,,,,,Commercial,Pricing Support,,,,,,,
667,,MSR (Market Selling Rate),Global Pricing Management,Tender Management,MSR (Market Selling Rate),Ceva Logistics,Inactive,,,Y,Per nb of Tariffs processed in a month,,,,LOGISTICS,Head Office,,,Global Pricing Management,,HO CEVA GBS Dept,,Freight Management,,Freight Management,,,,Global Pricing Management,Tender Management,,,,,,,
668,,MyCEVA,Global Customer Onboarding,OneID,MyCEVA,Ceva Logistics,Inactive,,,Y,Per nb of customer accounts validated in a month,,,,LOGISTICS,Head Office,,,Global Customer Onboarding,,HO CEVA GBS Dept,,Freight Management,,Freight Management,,,,Global Customer Onboarding,OneID,,,,,,,
669,,NAMCS,Customer Care,Customer Service,NAMCS,Sales & Customer Care,Inactive,,,Y,,,,,,,,,,Customer Service,,,,,,,,,Other Customer care,Customer Service,,,,,,,
670,,Netting,Record to report,Record to report,Netting,Finance,Inactive,,,Y,Per netting report,,,,,,,,,Accounting,HO Accounting Dept,,FINANCE,,Finance & performance,,,,Record to report,Record to report,,,,,,,
671,,NIKE,Customer Care,Customer Service,NIKE,Sales & Customer Care,Inactive,,,Y,,,,,,,,,,Customer Service,,,,,,,,,Other Customer care,Customer Service,,,,,,,
672,,Norfolk Export TLI,Commercial Support,Pricing Admin Activities,Norfolk Export TLI,Sales & Customer Care,Inactive,,,Y,,,,,,,,,,Pricing Admin Activities,,,,,,,,,Commercial Support,Pricing Admin Activities,,,,,,,
673,,Norfolk Export TLI (all trades US export),Commercial Support,Pricing Admin Activities,Norfolk Export TLI (all trades US export),Sales & Customer Care,Inactive,,,Y,,,,,,,,,,Pricing Admin Activities,,,,,,,,,Commercial Support,Pricing Admin Activities,,,,,,,
674,,Norfolk F2F,Commercial Support,Pricing Support,Norfolk F2F,Sales & Customer Care,Inactive,,,Y,,,,,,,,,,Pricing Support,,,,,,,,,Commercial,Pricing Support,,,,,,,
675,,Norfolk F2F or  Foreign to Foreign,Commercial Support,Pricing Support,Norfolk F2F or  Foreign to Foreign,Sales & Customer Care,Inactive,,,Y,,,,,,,,,,Pricing Support,,,,,,,,,Commercial,Pricing Support,,,,,,,
676,,Norfolk Foreign to foreign,Commercial Support,Pricing Support,Norfolk Foreign to foreign,Sales & Customer Care,Inactive,,,Y,,,,,,,,,,Pricing Support,,,,,,,,,Commercial,Pricing Support,,,,,,,
677,Yes,US Export Sales Guidelines,Commercial,Sales Support,US Export Sales Guidelines,Commercial & Add Value Activities,Active,Delivery,Norfolk Guideline Quoting - This task involved sending Pricing Quotes to customer for US Exports lanes. using the Tarriff Guidelines.,Y,Per nb of requests,Per nb of requests,,Thomas Cassuto,SHIPPING,Agency,,Line Management,Commercial,,GEN Department,,Business,OGU_201811,Lines Management,Business - Commercial,,,Commercial,Sales Support,,,GBS - Commercial Shipping Delivery,,,,
678,,Norfolk TLI & Contract,Commercial Support,Pricing Admin Activities,Norfolk TLI & Contract,Sales & Customer Care,Inactive,,,Y,,,,,,,,,,Pricing Admin Activities,,,,,,,,,Commercial Support,Pricing Admin Activities,,,,,,,
679,,Norfolk TLI and contract,Commercial Support,Pricing Admin Activities,Norfolk TLI and contract,Sales & Customer Care,Inactive,,,Y,,,,,,,,,,Pricing Admin Activities,,,,,,,,,Commercial Support,Pricing Admin Activities,,,,,,,
680,,Norfolk Upload,Commercial Support,Pricing Admin Activities,Norfolk Upload,Sales & Customer Care,Inactive,,,Y,,,,,,,,,,Pricing Admin Activities,,,,,,,,,Commercial Support,Pricing Admin Activities,,,,,,,
681,,Norkolk SC upload to LARA,Commercial Support,Pricing Admin Activities,Norkolk SC upload to LARA,Sales & Customer Care,Inactive,,,Y,,,,,,,,,,Pricing Admin Activities,,,,,,,,,Commercial Support,Pricing Admin Activities,,,,,,,
682,,NVR,Cargo Ops,Cargo Readiness,NVR,Sales & Customer Care,Inactive,,,Y,,,,,,,,,,Cargo Readiness,,,BUSINESS,,,,,,Customer service - Cargo Readiness,Cargo Readiness,,,,,,,
683,,NVR - GRS,Cargo Ops,Cargo Readiness,NVR - GRS,Sales & Customer Care,Inactive,,,Y,,,,,,,,,,Cargo Readiness,,,BUSINESS,,,,,,Customer service - Cargo Readiness,Cargo Readiness,,,,,,,
684,Yes,Oasis / Scanning,Procure to pay,Procure to pay,Oasis / Scanning,Finance,Active,Delivery,Scanning the Hard copies of Agency archived invoices in Oasis tool ,Y,Per nb of Invoices Scanned,"Scanning the Hard copies of Agency archived invoices in Oasis tool 
",,,SHIPPING,Head Office,,1. Payables,Procure to pay,Procure to pay,HO Cost Control Dept,,Finance,OGU_201655,Finance & performance,Finance,,,Procure to pay,Other Procure to Pay,,,GBS - Finance Logistics Delivery,,,Yes,
692,Yes,Off hire,Logistics,Equipment management,Off hire,"Shipping Ops, Log & Interm",Active,Delivery,,Y,Per nb of containers,"Deactivate container in LARA. Request the returned instruction by contacting the various leasing companies.
","<div class=""ExternalClass022C13F2E649465BA8D7C47457C1E697""><div style=""font-family&#58;Calibri, Arial, Helvetica, sans-serif;font-size&#58;11pt;color&#58;rgb(0, 0, 0);""><span style=""color&#58;black;"">​Manual excel</span><br></div></div>",,SHIPPING,Agency,,Equipment Mgt,Logistics,Off Hire,HO Logistics Dept,,Industrial Assets,OGU_201699,Logistics & Operations,Ind. Assets - Container Fleet Management,,,Container Fleet Management,Equipment Management,,,GBS - Container Fleet Management Shipping Delivery,,,,
693,Yes,Off Tender,Commercial,Global Tender Support,Off Tender,Commercial & Add Value Activities,Active,Delivery,"To handle spot rate requests , Out of tender rates requests from customers",Y,Per nb of quote lines,Per nb of quote lines,"<div class=""ExternalClass9A4A645FC8E543EB8A9E6ADE19D04BE9""><div style=""font-family&#58;Calibri, Arial, Helvetica, sans-serif;font-size&#58;11pt;color&#58;rgb(0, 0, 0);""><span style=""color&#58;black;""><b>​CIRA</b><div style=""margin-top&#58;0px;margin-bottom&#58;0px;""><span style=""font-size&#58;11.0pt;font-family&#58;&quot;Calibri&quot;,sans-serif;color&#58;black;"">Off
Tender Dump Report , USSC Amendment from CIRA Dashboard</span><br></div></span><br></div></div>",Thomas Cassuto,SHIPPING,HO / Agency,,Line Management,Commercial,Global Tender Support,HO Global Account Dept,,Business,OGU_201692,Lines Management,Business - Commercial,,,Commercial,Global Tender Support,,,GBS - Commercial Shipping Delivery,"<div class=""ExternalClassBF1EFDC758FF4C3FBB9E71C98D4A0943""><div style=""font-family&#58;Calibri, Arial, Helvetica, sans-serif;font-size&#58;11pt;color&#58;rgb(0, 0, 0);""><span style=""color&#58;black;"">​<span style=""font-size&#58;11.0pt;font-family&#58;&quot;Calibri&quot;,sans-serif;color&#58;black;""><a href=""http&#58;//10.97.65.55/tender_management/login"">http&#58;//10.97.65.55/tender_management/login</a></span></span><br></div></div>",,No,
694,,Offhire,Logistics,Equipment management,Offhire,"Ops, Log, Ils & Legal",Inactive,,,Y,,,,,,,,,,Equipment management,,,,,,,,,Logistics,Equipment Management,,,,,,,
695,,OneID,Global Customer Onboarding,OneID,OneID,Ceva Logistics,Inactive,,,Y,Per nb of OneID requests processed in a month,,,,LOGISTICS,Head Office,,,Global Customer Onboarding,,HO CEVA GBS Dept,,Freight Management,,Freight Management,,,,Global Customer Onboarding,OneID,,,,,,,
696,,OneScan,Global Document Indexing,OneScan,OneScan,Ceva Logistics,Inactive,,,Y,Per nb of Documents categorized & Indexed,,,,LOGISTICS,Head Office,,,Global Document Indexing,,HO CEVA GBS Dept,,Freight Management,,Freight Management,,,,Global Document Indexing,OneScan,,,,,,,
697,,Operations support,Operations,Vessel Ops desk,Operations support,"Ops, Log, Ils & Legal",Inactive,,,Y,,,,,,,,,,Vessel Operations,,,,,,,,,Operations,Vessel Operations,,,,,,,
698,,Operations Support - Costing,Finance support,Finance support,Operations Support - Costing,Finance,Inactive,,,Y,Per Vendor Master form raised,,,,,Agency,,3. Accounting,Record to Report,Finance support,HO Cost Control Dept,,FINANCE,,Finance & performance,,,,Record to report,Finance support,,,,,,,
699,,Operations Support – Costing (APL),F&A,Finance support,Operations Support – Costing (APL),Finance,Inactive,,,Y,,,,,,,,,,Finance support,,,FINANCE,,Finance & performance,,,,Record to report,Finance support,,,,,,,
700,,Ops Assistant,Operations,Operations assistant,Ops Assistant,"Ops, Log, Ils & Legal",Inactive,,,Y,,,,,,,,,,Operations assistant,,,BUSINESS,,,,,,Operations,Operations assistant,,,,,,,
701,,Over Weight Updation,Logistics,Equipment management,Over Weight Updation,"Ops, Log, Ils & Legal",Inactive,,,Y,,,,,,,,,,Equipment management,,,,,,,,,Logistics,Equipment Management,,,,,,,
702,,Partner B Plan upload,Operations,Operations assistant,Partner B Plan upload,"Ops, Log, Ils & Legal",Inactive,,,Y,,,,,,,,,,Operations assistant,,,BUSINESS,,,,,,Operations,Operations assistant,,,,,,,
703,Yes,Partner Bay Plan upload,Operations,Operations assistant,Partner Bay Plan upload,"Shipping Ops, Log & Interm",Active,Delivery,,Y,Per Vessel Call,,"<div class=""ExternalClass56F186CDD620414A87618C383DA72BCA""><div style=""font-family&#58;Calibri, Arial, Helvetica, sans-serif;font-size&#58;11pt;color&#58;rgb(0, 0, 0);""><span style=""color&#58;black;"">​<span style=""font-family&#58;Calibri, Arial, Helvetica, sans-serif;background-color&#58;rgb(255, 255, 255);display&#58;inline !important;"">​Manual excel tracker</span></span><br></div></div>",,SHIPPING,Head Office,,Lines Operations,Lines operations,Operations assistant,HO Lines Operations Dept,,Business,OGU_201713,Lines Management,Business - Operations,,,Lines operations,Operations Assistance,,,GBS - Intermodal and Operations Shipping Delivery,,,,
704,Yes,Partner Change of Destination,Operations,Operations assistant,Partner Change of Destination,"Shipping Ops, Log & Interm",Active,Delivery,,Y,Per COD request,,"<div class=""ExternalClassCE48EC02C76B4C71A2399DBED51EC8B6""><div style=""font-family&#58;Calibri, Arial, Helvetica, sans-serif;font-size&#58;11pt;color&#58;rgb(0, 0, 0);""><span style=""color&#58;black;"">​<span style=""font-family&#58;Calibri, Arial, Helvetica, sans-serif;background-color&#58;rgb(255, 255, 255);display&#58;inline !important;"">​Manual excel tracker</span></span><br></div></div>",,SHIPPING,Head Office,,Lines Operations,Lines operations,Operations assistant,HO Lines Operations Dept,,Business,OGU_201713,Lines Management,Business - Operations,,,Lines operations,Operations Assistance,,,GBS - Intermodal and Operations Shipping Delivery,,,,
705,Yes,Partner Compliance,Customer Master Data Mgt,Partner data management,Partner Compliance,"Shipping Ops, Log & Interm",Active,Delivery,,Y,"Per nb of Partner Codes / Bookings (Approved, Denied, Amendments, OFAC Scans Reports, Load & OCEAN, SDN Updates, EU Updates, Online Alerts)",Partner Compliance department ensure that parties are compliant with international sanctions (GBSI),"<div class=""ExternalClass6AA08C784A0848808C6EEA3F6462BDCF""><div style=""font-family&#58;Calibri, Arial, Helvetica, sans-serif;font-size&#58;11pt;color&#58;rgb(0, 0, 0);""><span style=""color&#58;black;"">​MyCDM</span><br></div></div>",,SHIPPING,Head Office,,IT,"Booking, Doc & FAI",Partner data management,HO Efficio project Dept,,IT,OGU_201722,Finance & Performance,Business - Customer Care,,,Partner Data Management,Partner data management - customer,,,GBS - Data Management Delivery,"<div class=""ExternalClass0E4C41B809FB457697C0C7619C32A776""><div style=""font-family&#58;Calibri, Arial, Helvetica, sans-serif;font-size&#58;11pt;color&#58;rgb(0, 0, 0);""><span style=""color&#58;black;""><a href=""/sites/CMA-GlobalBusinessServices/Lists/GBS%20Process/​https&#58;//cmacgmgroup.eu.qlikcloud.com/sense/app/b7a2065a-a760-46d9-a190-85d1e975a27e/overview/hubUrl//explore/spaces/61698492dffabcfafe200b29"" title=""​Link"">​Link</a></span><br></div></div>",,,
706,,Partner data management,Master data management,Partner data management,Partner data management,"Ops, Log, Ils & Legal",Inactive,,,Y,,,,,,,,,,Partner data management,,,,,,,,,Partner Data Management,Partner data management - customer,,,,,,,
707,Yes,Partner Flexitank request,Operations,Operations assistant,Partner Flexitank request,"Shipping Ops, Log & Interm",Active,Delivery,,Y,Per Flexitank request,,"<div class=""ExternalClass23D1CC3164DD43DD902F475C02E22F0E""><div style=""font-family&#58;Calibri, Arial, Helvetica, sans-serif;font-size&#58;11pt;color&#58;rgb(0, 0, 0);""><span style=""color&#58;black;"">​<span style=""font-family&#58;Calibri, Arial, Helvetica, sans-serif;background-color&#58;rgb(255, 255, 255);display&#58;inline !important;"">​Manual excel tracker</span></span><br></div></div>",,SHIPPING,Head Office,,Lines Operations,Lines operations,Operations assistant,HO Lines Operations Dept,,Business,OGU_201713,Lines Management,Business - Operations,,,Lines operations,Operations Assistance,,,GBS - Intermodal and Operations Shipping Delivery,,,,
708,Yes,Partner Groups,Customer Master Data Mgt,Partner data management,Partner Groups,"Shipping Ops, Log & Interm",Active,Delivery,"Create or Up-date the Business Partners hierarchy, - for all entities that are belonging to the same Group - in order to identify the relationship from the lower level Business partrner to the Ultimate Owner - top entity -. ",Y,Number of Business Partner,"Per nb of Ultimate Owner (Approved, Denied, Amendment, Groups to create, Cleaning & Global A/C)","<div class=""ExternalClass29660007AF4A48E4AA6AB69803B7FE2F""><div style=""font-family&#58;Calibri, Arial, Helvetica, sans-serif;font-size&#58;11pt;color&#58;rgb(0, 0, 0);""><span style=""color&#58;black;"">​MyCDM</span><br></div></div>",,SHIPPING,Head Office,,IT,"Booking, Doc & FAI",Partner data management,HO Efficio project Dept,,IT,OGU_201722,Finance & Performance,Business - Customer Care,,,Partner Data Management,Partner data management - customer,,,GBS - Data Management Delivery,"<div class=""ExternalClassB8BA7131120245D19EDC30412E493BEE""><div style=""font-family&#58;Calibri, Arial, Helvetica, sans-serif;font-size&#58;11pt;color&#58;rgb(0, 0, 0);""><span style=""color&#58;black;""><a href=""/sites/CMA-GlobalBusinessServices/Lists/GBS%20Process/​https&#58;//cmacgmgroup.eu.qlikcloud.com/sense/app/b7a2065a-a760-46d9-a190-85d1e975a27e/overview/hubUrl//explore/spaces/61698492dffabcfafe200b29"" title=""​link"">​link</a></span><br></div></div>",,,
709,Yes,Partner information management,Customer Master Data Mgt,Partner data management,Partner information management,"Shipping Ops, Log & Interm",Active,Delivery,,Y,"Per nb of Partner Codes (Approved, Denied & Amendment)","Per nb of Partner Codes (Approved, Denied & Amendment)",<div>MyCDM</div>,,SHIPPING,Head Office,,IT,"Booking, Doc & FAI",Partner data management,HO Efficio project Dept,,IT,OGU_201722,Finance & Performance,Business - Customer Care,,,Partner Data Management,Partner data management - customer,True,,GBS - Data Management Delivery,"<div class=""ExternalClassE3973CB0A8664135A2968E81EFB0AA8F""><div style=""font-family&#58;Calibri, Arial, Helvetica, sans-serif;font-size&#58;11pt;color&#58;rgb(0, 0, 0);""><span style=""color&#58;black;"">​<p style=""margin&#58;0cm;font-size&#58;11pt;font-family&#58;Calibri, sans-serif;""><span lang=""EN-IN"" style=""""><a href=""https&#58;//cmacgmgroup.eu.qlikcloud.com/sense/app/b7a2065a-a760-46d9-a190-85d1e975a27e/overview/hubUrl//explore/spaces/61698492dffabcfafe200b29"" target=""_blank"" title=""https&#58;//cmacgmgroup.eu.qlikcloud.com/sense/app/b7a2065a-a760-46d9-a190-85d1e975a27e/overview/huburl/%2fexplore%2fspaces%2f61698492dffabcfafe200b29"">https&#58;//cmacgmgroup.eu.qlikcloud.com/sense/app/b7a2065a-a760-46d9-a190-85d1e975a27e/overview/hubUrl/%2Fexplore%2Fspaces%2F61698492dffabcfafe200b29</a></span></p></span><br></div></div>",,Yes,
710,,Partner Information management + CRM Admin Compliance,Operations,Operations assistant,Partner Information management + CRM Admin Compliance,"Ops, Log, Ils & Legal",Inactive,,,Y,,,,,,,,,,Operations assistant,,,BUSINESS,,,,,,Lines operations,Operations assistant,,,,,,,
711,Yes,Partner OOG request,Operations,Operations assistant,Partner OOG request,"Shipping Ops, Log & Interm",Active,Delivery,,Y,Per OOG request,,"<div class=""ExternalClass9229831D26EB4B3A934640560DD3B478""><div style=""font-family&#58;Calibri, Arial, Helvetica, sans-serif;font-size&#58;11pt;color&#58;rgb(0, 0, 0);""><span style=""color&#58;black;"">​<span style=""font-family&#58;Calibri, Arial, Helvetica, sans-serif;background-color&#58;rgb(255, 255, 255);display&#58;inline !important;"">​Manual excel tracker</span></span><br></div></div>",,SHIPPING,Head Office,,Lines Operations,Lines operations,Operations assistant,HO Lines Operations Dept,,Business,OGU_201713,Lines Management,Business - Operations,,,Lines operations,Operations Assistance,,,GBS - Intermodal and Operations Shipping Delivery,,,,
712,Yes,Partner schedule update,Operations,Operations assistant,Partner schedule update,"Shipping Ops, Log & Interm",Active,Delivery,,Y,Per Vessel,,"<div class=""ExternalClassCADC1D860BBD4FCE90159EA7F187E848""><div style=""font-family&#58;Calibri, Arial, Helvetica, sans-serif;font-size&#58;11pt;color&#58;rgb(0, 0, 0);""><span style=""color&#58;black;"">​<span style=""font-family&#58;Calibri, Arial, Helvetica, sans-serif;background-color&#58;rgb(255, 255, 255);display&#58;inline !important;"">​Manual excel tracker</span></span><br></div></div>",,SHIPPING,Head Office,,Lines Operations,Lines operations,Operations assistant,HO Lines Operations Dept,,Business,OGU_201713,Lines Management,Business - Operations,,,Lines operations,Operations Assistance,,,GBS - Intermodal and Operations Shipping Delivery,,,,
713,Yes,Payroll checking,Record to report,Record to report,Payroll checking,Finance,Active,Delivery,Reviewing the payroll components for Seafarers and posting the necessary journals in the ERP,N,Per nb of Vessels for which Payroll checked,Reviewing the payroll components for Seafarers and posting the necessary journals in the ERP,,,SHIPPING,Head Office,,3. Accounting,Record to report,Accounting,HO Accounting Dept,,Finance,OGU_201657,Finance & performance,Finance,,,Record to report,Other Record to Report,,,GBS - Finance Logistics Delivery,,,No,
714,,PCR,Operations,Cargo Ops desk,PCR,"Ops, Log, Ils & Legal",Inactive,,,Y,,,,,,,,,,PCR,,,BUSINESS,,,,,,Operations,Cargo Operations,,,,,,,
715,,PCR validation,Operations,Operations assistant,PCR validation,"Ops, Log, Ils & Legal",Inactive,,,Y,Per Port call,,"<div class=""ExternalClass58B0CC338B904D9CB1A53BDDE24C05F4""><div style=""font-family&#58;Calibri, Arial, Helvetica, sans-serif;font-size&#58;11pt;color&#58;rgb(0, 0, 0);""><span style=""color&#58;black;"">​<span style=""font-family&#58;Calibri, Arial, Helvetica, sans-serif;background-color&#58;rgb(255, 255, 255);display&#58;inline !important;"">​Manual excel tracker</span></span><br></div></div>",,SHIPPING,Agency,202312,LINES OPERATIONS,Lines operations,PCR,HO Lines Operations Dept,,BUSINESS,,Lines Management,,,,Lines operations,Operations assistant,,,,,,,
716,,PCR/ 3PFOR,Operations,Cargo Ops desk,PCR/ 3PFOR,"Ops, Log, Ils & Legal",Inactive,,,Y,,,,,,,,,,PCR,,,BUSINESS,,,,,,Operations,Cargo Operations,,,,,,,
717,,PCR/ 3PFOR - Amendment,Operations,Cargo Operations,PCR/ 3PFOR - Amendment,"Ops, Log, Ils & Legal",Inactive,,,Y,Per nb of PCR Amendment Completed,,,,,,,,,PCR,,,BUSINESS,,,,,,Operations,Cargo Operations,,,,,,,
718,Yes,PCR/ 3PFOR - Creation & Amendment,Operations,Cargo Operations,PCR/ 3PFOR - Creation & Amendment,"Shipping Ops, Log & Interm",Active,Delivery,,Y,Per Vessel calls(PCR Creation + TPFOR Creation + PCR and TPFOR amendments),"Port call report is a process of reconciling data received from Terminal, ship manager and Operation team and the output (PCR) is utilized by the various parties in Operations
","<div class=""ExternalClassA578E4038DC04EBDB86E60D570EAD88A""><div><span style=""color&#58;black;"">​</span><b>Corsair &amp; manual excel tracker</b></div><div><p><i><u>Report&#58;</u>&#160;Schedule from data mart</i></p><p><i><u>Filters&#58;</u> Main voyage - Yes, Include external service - Yes</i></p><p><br></p><p><br></p></div></div>",,SHIPPING,Agency,,Lines Operations,Operations,PCR,HO Operations Dept,True,Business,OGU_201709,Logistics & Operations,Business - Operations,,,Agency Operations,Cargo Operations,True,,GBS - Intermodal and Operations Shipping Delivery,"<div class=""ExternalClass64F33469CCE44AC48C78D5AD6FAF4687""><div style=""font-family&#58;Calibri, Arial, Helvetica, sans-serif;font-size&#58;11pt;color&#58;rgb(0, 0, 0);""><span style=""color&#58;black;""><a href=""https&#58;//corsair.cma-cgm.com/ExtractionManager/ExtractionList"" title=""​Corsair link""><i><u>​Corsair link</u></i></a></span><br></div></div>",,Yes,
719,,Post Sailing Management,Operations,Cargo Ops desk,Post Sailing Management,"Ops, Log, Ils & Legal",Inactive,,,Y,,,,,,,,,,Cargo Operations,,,,,,,,,Operations,Cargo Operations,,,,,,,
720,,Post Sailing Management - Booking level,Operations,Post sailing,Post Sailing Management - Booking level,"Ops, Log, Ils & Legal",Inactive,,,Y,Per nb of bookings,,,,,,,,,Cargo Operations,,,,,,,,,Operations,Cargo Operations,,,,,,,
721,,Post Sailing Management - Port call level,Operations,Post sailing,Post Sailing Management - Port call level,"Ops, Log, Ils & Legal",Inactive,,,Y,Per Vessel calls + per brand,,,,,,,,,Cargo Operations,,,,,,,,,Operations,Cargo Operations,,,,,,,
722,,Post Sailing Management - Reconciliation,Operations,Post sailing,Post Sailing Management - Reconciliation,"Ops, Log, Ils & Legal",Inactive,,,Y,Per reconciliation per vessel call and brand,,,,,,,,,Cargo Operations,,,,,,,,,Operations,Cargo Operations,,,,,,,
723,Yes,Purchase Order,Procure to pay,Purchase Order,Purchase Order,Finance,Active,Delivery,Creation of Purchase Orders in ERP to allow booking and matching of supplier invoices,Y,Per Purchase Order,Creation of Purchase Orders in ERP to allow booking and matching of supplier invoices,<div>SAP</div>,,SHIPPING,Agency,,1. Payables,Procure to pay,Purchase Order,HO Accounting Dept,,Finance,OGU_201655,Finance & performance,Finance,,,Procure to pay,Other Procure to Pay,,,GBS - Finance Logistics Delivery,,,Yes,
724,,Quantified Claims,Legal,Maritime Claims,Quantified Claims,"Ops, Log, Ils & Legal",Inactive,,,Y,,,,,,,,,,Maritime Claims,,,,,,,,,Legal,Maritime Claims,,,,,,,
725,,Query resolution,Customer Care,Customer Service,Query resolution,Sales & Customer Care,Inactive,,,Y,,,,,,,,,,Customer Service,,,,,,,,,Other Customer care,Customer Service,,,,,,,
730,Yes,"Recharges, Actuals & Accruals",Record to report,Record to report,"Recharges, Actuals & Accruals",Finance,Active,Delivery,Preform the PL analysis and booking of accrual and Recharges journal entries,Y,Per nb of uploaded entries,Preform the PL analysis and booking of accrual and Recharges journal entries,,,SHIPPING,Head Office,,3. Accounting,Record to report,Accounting,HO Accounting Dept,,Finance,OGU_201660,Finance & performance,Finance,,,Record to report,Other Record to Report,,,GBS - Finance Logistics Delivery,,,No,
731,Yes,Reconciliation,Record to report,Record to report,Reconciliation,Finance,Active,Delivery,"Analyze and Reconcile, CTM clearing account, Cash on board, Bonded stores inventory, Bonded stores clearing, Leisure box account, Payroll expenses, CPF clearing, Filipino seafarers’ wages accounts, Cash advance on board account",Y,Per GL account reconciled,"Analyse and Reconcile, CTM clearing account, Cash on board, Bonded stores inventory, Bonded stores clearing, Leisure box account, Payroll expenses, CPF clearing, Filipino seafarers’ wages accounts, Cash advance on board account",,,ALL BUs,Head Office,,3. Accounting,Record to report,Accounting,HO Accounting Dept,,Finance,OGU_201659,Finance & performance,Finance,,,Record to report,Bank Reconciliation,,,GBS - Finance Logistics Delivery,,,Yes,
732,,Recovery,Legal,Maritime Claims,Recovery,"Ops, Log, Ils & Legal",Inactive,,,Y,Per nb of notifications,"Recovery process related to paid out claims. Exclusive process designed by HO legal to systematically recover from vendors due to pay out at cargo claims.
","<div class=""ExternalClassB966DAD39DB84B429264805DAD58A29E""><div style=""font-family&#58;Calibri, Arial, Helvetica, sans-serif;font-size&#58;11pt;color&#58;rgb(0, 0, 0);""><span style=""color&#58;black;"">​<span style=""font-family&#58;Calibri, Arial, Helvetica, sans-serif;background-color&#58;rgb(255, 255, 255);display&#58;inline !important;"">​Manual excel file</span></span><br></div></div>",,SHIPPING,Head Office,202312,LEGAL,Legal,Maritime Claims,HO Legal Dept,,LEGAL,,Finance & Performance,,,,Legal,Maritime Claims,,,,,,Yes,
733,,Reefers Claims,Legal,Maritime Claims,Reefers Claims,"Ops, Log, Ils & Legal",Inactive,,,Y,Per nb of notifications,,<div>Manual Excel file</div>,,,Head Office,202312,LEGAL,Legal,Maritime Claims,HO Legal Dept,,LEGAL,,Finance & Performance,,,,Legal,Maritime Claims,True,,,"<div class=""ExternalClassA6D31BBC620946B6B9096DACFCBB2D80""><div style=""font-family&#58;Calibri, Arial, Helvetica, sans-serif;font-size&#58;11pt;color&#58;rgb(0, 0, 0);""><span style=""color&#58;black;"">​NAP</span><br></div></div>",,,
734,,Reefers Ops-claims,Legal,Maritime Claims,Reefers Ops-claims,"Ops, Log, Ils & Legal",Inactive,,,Y,,,,,,,,,,Maritime Claims,,,LEGAL,,,,,,Legal,Maritime Claims,,,,,,,
735,,Reporting,F&A,Record to report,Reporting,Finance,Inactive,,,Y,,,,,,,,,,Accounting,,,FINANCE,,Finance & performance,,,,Record to report,Record to report,,,,,,,
736,Yes,Revenue Control,Order to cash,Revenue Control,Revenue Control,Finance,Active,Delivery,Revenue Controllers manage the freight control in QL tool (Qualitatif Line - HO Revenue control developed tool) ; primarily exporting LARA data and comparing with freight manifested vs SQ/Tariff/ SVC.,Y,Per BL of Lading,Manage the freight control in QL tool (Qualitatif Line - HO Revenue control developed tool) ; primarily exporting LARA data and comparing with freight manifested vs SQ/Tariff/ SVC.,<div>LARA</div>,,SHIPPING,Head Office,,2. Receivables,Order to cash,Order to cash,HO revenue control Dept,,Finance,OGU_201617,Finance & performance,Finance,,,Order to cash,Revenue Control,,,GBS - Finance Shipping Delivery,,,Yes,
737,,RF,Master data management,HO data Management,RF,"Ops, Log, Ils & Legal",Inactive,,,Y,,,,,,,,,,,,,,,,,,,Partner Data Management,HO partnership agreement data management,,,,,,,
738,,Rolling BLs,Customer Care,Customer Service,Rolling BLs,Sales & Customer Care,Inactive,,,Y,,,,,,,,,,Customer Service,,,,,,,,,Other Customer care,Customer Service,,,,,,,
739,Yes,Routing Finder,Commercial Routing,HO Routing finder,Routing Finder,"Shipping Ops, Log & Interm",Active,Delivery,,Y,Per nb of Routing Instruction,"Handle Invalid routing instructions in the Dashboard file from HO. Propose connection from once service to another or voyage is missed, ask confirmation to the commercial manager \ agency \ 3PF, and update it in Routing Finder setup tool.
","<div class=""ExternalClassA06EF91AEFC3445EB96175F3BB9ED7D2""><div style=""font-family&#58;Calibri, Arial, Helvetica, sans-serif;font-size&#58;11pt;color&#58;rgb(0, 0, 0);""><span style=""color&#58;black;"">​<span style=""font-family&#58;Calibri, Arial, Helvetica, sans-serif;background-color&#58;rgb(255, 255, 255);display&#58;inline !important;"">​Manual excel</span></span><br></div></div>",,SHIPPING,Head Office,,Line Management,Lines Operations,,HO Efficio project Dept,,Business,OGU_201724,Finance & Performance,Business - Customer Care,,,Commercial Routing,Corporate Routing Finder,,,GBS - Data Management Delivery,,,,
740,,Sales support,Customer Care,Customer Service,Sales support,Sales & Customer Care,Inactive,,,Y,,,,,,,,,,Customer Service,,,,,,,,,Other Customer care,Customer Service,,,,,,,
742,Yes,Securitisation,Order to cash,Credit Management,Securitisation,Finance,Active,Delivery,"All the cash received in the dedicated bank accounts are swept into centralized bank accounts of CMA CGM & ANL Securities BV and then transferred to CMA CGM SA as part of Securitization program. The team is responsible for book keeping and accounting activities for CC Securities BV entity.
",Y,Per nb of report by month,All the cash received in the dedicated bank accounts are swept into centralized bank accounts of CMA CGM & ANL Securities BV and then transferred to CMA CGM SA as part of Securitization program. The team is responsible for book keeping and accounting activities for CC Securities BV entity.,,,SHIPPING,Head Office,,2. Receivables,Order to cash,Credit Management,HO Credit Management Dept,,Finance,OGU_201616,Finance & performance,Finance,,,Order to cash,Credit Management,,,GBS - Finance Shipping Delivery,,,No,
743,Yes,Self Billing,Procure to pay,AP Booking,Self Billing,Finance,Active,Delivery,TO Self Billing invoices are reconciled in LARA using self billing number. Self billing will be created by grouping all of the TO / container number for a given period. This will simplify the process.,Y,Per nb of containers to which self bill reference is assigned,"Transport Order Self Billing invoices are reconciled in LARA using self billing number. Self billing will be created by grouping all of the TO / container number for a given period. This will simplify the process.
",,,SHIPPING,Agency,,1. Payables,Procure to pay,Procure to pay,HO Cost Control Dept,,Finance,OGU_201655,Finance & performance,Finance,,,Procure to pay,Accounts Payable Booking,,,GBS - Finance Logistics Delivery,,,Yes,
745,,Service Contract,Commercial Support,Pricing Admin Activities,Service Contract,Sales & Customer Care,Inactive,,,Y,,,,,,,,,,Pricing Admin Activities,,,,,,,,,Commercial Support,Pricing Admin Activities,,,,,,,
747,,Sludge invoicing,Order to cash,AR invoicing,Sludge invoicing,Finance,Inactive,,Reconcile survey report in Shiptech tool & Creation of customer invoice in SIREN & send to HO Energy team,Y,Per number of survey reports,Reconcile survey report in Shiptech tool & Creation of customer invoice in SIREN & send to HO Energy team,,HO Bunkering dpt,SHIPPING,Head Office,,2. Receivables,Order to cash,Order to cash,HO Bunkering Dept,,FINANCE,,Finance & performance,,,,Order to cash,AR invoicing,,,,,,Yes,
748,Yes,Special Bookings,Customer Care,Booking,Special Bookings,Customer Care,Active,Delivery,"Bookings with special cargo (Generally considered as Hazardous, OOG [out of Gauge], & Flexi bookings",Y,Per nb of  Bookings Confirmed,"Bookings with special cargo (Generally considered as Hazardous, OOG [out of Gauge], & Flexi bookings","<div class=""ExternalClassE85BEC8F9ABE4629A9B4D657CB5525F2""><div style=""margin&#58;0px;background-color&#58;rgb(255, 255, 255);""><b><span style=""margin&#58;0px;color&#58;black;"">​</span>QlikSense Dashboard</b></div><div style=""margin&#58;0px;background-color&#58;rgb(255, 255, 255);""><p style=""margin&#58;0px;""><i><u>App&#58;</u><span>&#160;</span>Booking performance &amp; TAT dashboard</i><br></p><p style=""margin&#58;0px;""><i><u>Sheet&#58;</u><span>&#160;</span>SSC Export Sheet</i></p></div><br></div>",,SHIPPING,Agency,,Customer Care,"Booking, Doc & FAI",Booking,HO GEN Dept,,Business,OGU_201665,Sales & Customer Care,Business - Customer Care,,,Service Delivery,Booking,,"Due to Customer care HO alignment
PL 1 - Changed from Booking to Service Delivery",GBS - Customer Care Shipping Delivery,"<div class=""ExternalClass37959326FF424DF2A8E6BC3DD8C77C67""><div style=""font-family&#58;Calibri, Arial, Helvetica, sans-serif;font-size&#58;11pt;color&#58;rgb(0, 0, 0);""><span style=""color&#58;black;""><i><a href=""https&#58;//cmacgmgroup.eu.qlikcloud.com/sense/app/000a1e32-af0e-4505-a5b1-ea9077eaf4a6/sheet/11b9c141-e25a-40dc-b609-a555c1338c54/state/analysis/hubUrl//explore/spaces/all"" title=""​​QlikSense TAT dashboard""><span style=""color&#58;black;"">​</span>​Qlik Cloud Dashboard</a></i></span><br></div></div>",Top cost,Yes,
752,Yes,Specific DDSM Support - Other Activities linked to Voyage,DDSM,DDSM,Specific DDSM Support - Other Activities linked to Voyage,Customer Care,Active,Delivery,Updating of Clock Setup,Y,Per voyage,"Updating of D&D Clock Setup
","<div class=""ExternalClass53209C9C37A443B2B79F14C9C04925A2""><div style=""font-family&#58;Calibri, Arial, Helvetica, sans-serif;font-size&#58;11pt;color&#58;rgb(0, 0, 0);""><span style=""color&#58;black;"">​</span>CIRA</div><div style=""font-family&#58;Calibri, Arial, Helvetica, sans-serif;font-size&#58;11pt;color&#58;rgb(0, 0, 0);""><p><br></p><p>Categorise activities based on action_type</p><p>applicable only for US, Singapore Ireland</p><p><br></p></div></div>",,SHIPPING,Agency,,Customer Care,DDSM,DDSM,HO 	Demurrages & Detentions - Finance Dept,,Business,OGU_202088,Sales & Customer Care,Business - Customer Care,,,Service Delivery,DDSM,,"Due to Customer care HO alignment
PL 1 - DDSM to Service Delivery",GBS - Customer Care Shipping Delivery,"<div class=""ExternalClass89CC0BD01F804A6E84700A8528F3947A""><div style=""font-family&#58;Calibri, Arial, Helvetica, sans-serif;font-size&#58;11pt;color&#58;rgb(0, 0, 0);""><a href=""http&#58;//10.13.44.62/oneddsm/"" title=""CIRA DDSM""><i><u>CIRA DDSM</u></i></a></div></div>",,,
753,Yes,Specific DDSM Support - Other Activities Reporting,DDSM,DDSM,Specific DDSM Support - Other Activities Reporting,Customer Care,Active,Delivery,Publish reports to agencies eg Depo report in Singapore or invoice summary report,Y,Per report,,"<div class=""ExternalClass2B61878F4D1443BBA391B947A08D8AFA""><div style=""font-family&#58;Calibri, Arial, Helvetica, sans-serif;font-size&#58;11pt;color&#58;rgb(0, 0, 0);""><span style=""color&#58;black;"">​</span></div><div style=""font-family&#58;Calibri, Arial, Helvetica, sans-serif;font-size&#58;11pt;color&#58;rgb(0, 0, 0);""><span style=""color&#58;black;""><div style=""margin&#58;0px;font-family&#58;Calibri, Arial, Helvetica, sans-serif;font-size&#58;11pt;""><span style=""margin&#58;0px;color&#58;black;"">​</span>CIRA</div><div style=""margin&#58;0px;font-family&#58;Calibri, Arial, Helvetica, sans-serif;font-size&#58;11pt;""><p style=""margin&#58;0px;""><br></p><p style=""margin&#58;0px;"">Categorise activities based on action_type</p><p style=""margin&#58;0px;"">applicable only for US, Singapore Ireland</p><p style=""margin&#58;0px;""><br style=""font-size&#58;14.6667px;background-color&#58;rgb(255, 255, 255);""></p></div></span><br></div></div>",,SHIPPING,Agency,,Customer Care,DDSM,DDSM,HO 	Demurrages & Detentions - Finance Dept,,Business,OGU_202088,Sales & Customer Care,Business - Customer Care,,,Service Delivery,DDSM,,"Due to Customer care HO alignment
PL 1 - DDSM to Service Delivery",GBS - Customer Care Shipping Delivery,"<div class=""ExternalClass39A3287232C54AF8B4C7588CB78E769C""><div style=""font-family&#58;Calibri, Arial, Helvetica, sans-serif;font-size&#58;11pt;color&#58;rgb(0, 0, 0);""><span style=""color&#58;black;""><a href=""http&#58;//10.13.44.62/oneddsm/"" title=""​CIRA DDSM""><i><u>​CIRA DDSM</u></i></a></span><br></div></div>",,,
754,Yes,Specific DDSM Support - Other Activities,DDSM,DDSM,Specific DDSM Support - Other Activities,Customer Care,Active,Delivery,"Transfer out rejections, regular activities",Y,Per Invoice/BL,DDSM Support activities performed per BL/invoice like Cancelation of D&D invoice or Rejection,"<div class=""ExternalClass57405BCF61FE4106AED9CF867CB87B5E""><div style=""font-family&#58;Calibri, Arial, Helvetica, sans-serif;font-size&#58;11pt;color&#58;rgb(0, 0, 0);""><div style=""margin&#58;0px;background-color&#58;rgb(255, 255, 255);font-family&#58;Calibri, Arial, Helvetica, sans-serif;font-size&#58;11pt;""><span style=""margin&#58;0px;color&#58;black;"">​</span></div><div style=""margin&#58;0px;background-color&#58;rgb(255, 255, 255);font-family&#58;Calibri, Arial, Helvetica, sans-serif;font-size&#58;11pt;""><span style=""margin&#58;0px;color&#58;black;""><div style=""margin&#58;0px;""><span style=""margin&#58;0px;"">​</span>CIRA</div><div style=""margin&#58;0px;""><p style=""margin&#58;0px;""><br></p><p style=""margin&#58;0px;"">Categorise activities based on action_type</p><p style=""margin&#58;0px;"">applicable only for US, Singapore Ireland</p><p style=""margin&#58;0px;""><br style=""font-size&#58;14.6667px;background-color&#58;rgb(255, 255, 255);""></p></div></span></div><br><br></div></div>",,SHIPPING,Agency,,Customer Care,DDSM,DDSM,HO 	Demurrages & Detentions - Finance Dept,,Business,OGU_202088,Sales & Customer Care,Business - Customer Care,,,Service Delivery,DDSM,True,"Due to Customer care HO alignment
PL 1 - DDSM to Service Delivery",GBS - Customer Care Shipping Delivery,"<div class=""ExternalClass5EB650B8F71E4FC8924CFE8F1918612B""><div style=""font-size&#58;11pt;""><u><i><a href=""http&#58;//10.13.44.62/oneddsm/"" title=""​CIRA DDSM""><span style=""color&#58;black;font-family&#58;Calibri, Arial, Helvetica, sans-serif;"">​</span><font color=""#0563c1"" face=""Calibri, sans-serif"">CIRA DDSM</font></a></i></u></div></div>",,,
755,,Specific Log support,Logistics,Equipment management,Specific Log support,"Ops, Log, Ils & Legal",Inactive,,,Y,,,,,,,,,,Specific Log support,,,,,,,,,Logistics,Equipment Management,,,,,,,
756,Yes,Specific log support - EER,Logistics,Specific Log support,Specific log support - EER,"Shipping Ops, Log & Interm",Active,Delivery,,Y,Per nb of bookings,"Clear the booking related errors for external shipping companies
","<div class=""ExternalClassB30062D992B24A76B3CA1B8A8C4D3EA3""><div style=""font-family&#58;Calibri, Arial, Helvetica, sans-serif;font-size&#58;11pt;color&#58;rgb(0, 0, 0);""><span style=""color&#58;black;"">​CIRA<p><br></p><p>Report&#58;&#160;MANUAL INDEXING EXPORT</p><p><span style=""font-size&#58;11pt;"">Reports -&gt; Manage Export -&gt; (Date Range, Report name from Drop Down and Countries) needs to be selected -&gt; Submit</span><br></p></span><br></div></div>",,SHIPPING,Agency,,Equipment Mgt,Logistics,Specific Log support,HO Logistics Dept,,Industrial Assets,OGU_201699,Logistics & Operations,Ind. Assets - Container Fleet Management,,,Container Fleet Management,Equipment Management,,,GBS - Container Fleet Management Shipping Delivery,"<div class=""ExternalClass136EF92C26B648C0B1FFD13DE511A38A""><div style=""font-family&#58;Calibri, Arial, Helvetica, sans-serif;font-size&#58;11pt;color&#58;rgb(0, 0, 0);""><span style=""color&#58;black;"">​<a href=""http&#58;//10.13.44.228/cira_equipment_chn/"">http&#58;//10.13.44.228/cira_equipment_chn/</a></span><br></div></div>",,,
757,,Specific log support - Empty booking creation,Logistics,Equipment Management,Specific log support - Empty booking creation,"Ops, Log, Ils & Legal",Inactive,,,Y,Per nb of bookings,"Create Empty booking / SIPA in LARA for repositioning Carrier Owned empty containers.
","<div class=""ExternalClass386C562E2CC64A08B6C817EB949B8ACA""><div style=""font-family&#58;Calibri, Arial, Helvetica, sans-serif;font-size&#58;11pt;color&#58;rgb(0, 0, 0);""><span style=""color&#58;black;"">​LARA (PL/SQL8)<p><br></p><p><br></p></span><br></div></div>",,SHIPPING,Agency,,EQUIPMENT MGT,Logistics,Empty Booking,HO Logistics Dept,,INDUSTRIAL ASSETS,,Logistics & Operations,,,,Logistics,Equipment Management,,,,"<div class=""ExternalClassF428A3308ED04E1E998359913A871F6C""><div style=""font-family&#58;Calibri, Arial, Helvetica, sans-serif;font-size&#58;11pt;color&#58;rgb(0, 0, 0);""><span style=""color&#58;black;"">​<a href=""https&#58;//apps.cma-cgm.com/Citrix/CMACGMWeb/"">https&#58;//apps.cma-cgm.com/Citrix/CMACGMWeb/</a></span><br></div></div>",,,
758,Yes,Specific log support - Laden Exec,Logistics,Specific Log support,Specific log support - Laden Exec,"Shipping Ops, Log & Interm",Active,Delivery,,Y,Per nb of containers,"Link the container into booking as per received mail. Monitor the terminal website after one hour to verify if the container details are displayed. If the details are not found, update them manually.
","<div class=""ExternalClass3A5B0195DC8E40FCBBE2AC93F4EB90B1""><div style=""font-family&#58;Calibri, Arial, Helvetica, sans-serif;font-size&#58;11pt;color&#58;rgb(0, 0, 0);""><span style=""color&#58;black;"">​CIRA</span><br></div></div>",,SHIPPING,Agency,,Equipment Mgt,Logistics,Specific Log support,HO Logistics Dept,,Industrial Assets,OGU_201699,Logistics & Operations,Ind. Assets - Container Fleet Management,,,Container Fleet Management,Equipment Management,,,GBS - Container Fleet Management Shipping Delivery,"<div class=""ExternalClassD760DB1591314777873AB5A5A93C083D""><div style=""font-family&#58;Calibri, Arial, Helvetica, sans-serif;font-size&#58;11pt;color&#58;rgb(0, 0, 0);""><span style=""color&#58;black;"">​<a href=""http&#58;//10.13.44.228/cira_equipment_chn/"">http&#58;//10.13.44.228/cira_equipment_chn/</a></span><br></div></div>",,,
759,,Specific log support - Manual Others,Logistics,Equipment tracking failure,Specific log support - Manual Others,"Ops, Log, Ils & Legal",Inactive,,,Y,Per container moves,,,,,,,,,Specific Log support,,,,,,,,,Logistics,Equipment Management,,,,,,,
760,Yes,Specific log support - Partner code creation,Logistics,Specific Log support,Specific log support - Partner code creation,"Shipping Ops, Log & Interm",Active,Delivery,,Y,Per Partner code,"Create partner profile and SCAC code for new trucker
","<div class=""ExternalClassD55436992F534F07A8A55A4EC36ADC22""><div style=""font-family&#58;Calibri, Arial, Helvetica, sans-serif;font-size&#58;11pt;color&#58;rgb(0, 0, 0);""><span style=""color&#58;black;"">​LARA (PL/SQL8)</span><br></div></div>",,SHIPPING,Agency,,Equipment Mgt,Logistics,Specific Log support,HO Logistics Dept,,Industrial Assets,OGU_201699,Logistics & Operations,Ind. Assets - Container Fleet Management,,,Container Fleet Management,Equipment Management,,,GBS - Container Fleet Management Shipping Delivery,"<div class=""ExternalClassE2C404B660504B65AA268089D4521E96""><div style=""font-family&#58;Calibri, Arial, Helvetica, sans-serif;font-size&#58;11pt;color&#58;rgb(0, 0, 0);""><span style=""color&#58;black;"">​<a href=""https&#58;//apps.cma-cgm.com/Citrix/CMACGMWeb/"">https&#58;//apps.cma-cgm.com/Citrix/CMACGMWeb/</a></span><br></div></div>",,,
762,Yes,Specific log support - UCR,Logistics,Specific Log support,Specific log support - UCR,"Shipping Ops, Log & Interm",Active,Delivery,,Y,Per nb of containers,,"<div class=""ExternalClassF8C66F50205D42C2A4E218801DA4B020""><div style=""font-family&#58;Calibri, Arial, Helvetica, sans-serif;font-size&#58;11pt;color&#58;rgb(0, 0, 0);""><span style=""color&#58;black;"">​CIRA</span><br></div></div>",,SHIPPING,Agency,,Equipment Mgt,Logistics,Specific Log support,HO Logistics Dept,,Industrial Assets,OGU_201699,Logistics & Operations,Ind. Assets - Container Fleet Management,,,Container Fleet Management,Equipment Management,,,GBS - Container Fleet Management Shipping Delivery,"<div class=""ExternalClass92F5424FB0014613AB276CF4C144CB79""><div style=""font-family&#58;Calibri, Arial, Helvetica, sans-serif;font-size&#58;11pt;color&#58;rgb(0, 0, 0);""><span style=""color&#58;black;"">​<a href=""http&#58;//10.13.44.228/cira_equipment_chn/"">http&#58;//10.13.44.228/cira_equipment_chn/</a></span><br></div></div>",,,
764,,Spot Condition and OTR (one time request),Commercial Support,Pricing Admin Activities,Spot Condition and OTR (one time request),Sales & Customer Care,Inactive,,,Y,,,,,,,,,,Pricing Admin Activities,,,,,,,,,Commercial Support,Pricing Admin Activities,,,,,,,
765,,SPOT SQ,Commercial Support,Pricing Support,SPOT SQ,Sales & Customer Care,Inactive,,,Y,,,,,,,,,,Pricing Support,,,,,,,,,Commercial,Pricing Support,,,,,,,
766,,SriLanka Regulatory,Customer Care,Service Delivery Import,SriLanka Regulatory,Sales & Customer Care,Inactive,,,N,,,,,,,,,,Service Delivery Import,,,,,,,,,Documentation,Service Delivery Import,,,,,,,
767,Yes,SSE FILING (SHANGAI SHIPPING EXCHANGE),Commercial,Sales Support,SSE FILING (SHANGAI SHIPPING EXCHANGE),Commercial & Add Value Activities,Active,Delivery,,Y,Per line items,,,Thomas Cassuto,SHIPPING,Agency,,Line Management,Commercial,,GEN Department,,Business,OGU_201811,Lines Management,Business - Commercial,,,Commercial,Sales Support,,,GBS - Commercial Shipping Delivery,,,No,
768,Yes,Standard Bookings,Customer Care,Booking,Standard Bookings,Customer Care,Active,Delivery,"Bookings does not have any special cargo, requirements is termed as Standard Bookings including Reefers (General Purpose cargo)",Y,Per nb of Bookings Confirmed,"Bookings does not have any special cargo, requirements is termed as Standard Bookings including Reefers (General Purpose cargo)
","<div class=""ExternalClass28F5D4CF0B1D49AE91AE7C22F2D55AFA""><b><span style=""color&#58;black;"">​</span>QlikSense Dashboard</b></div><div class=""ExternalClass28F5D4CF0B1D49AE91AE7C22F2D55AFA""><p><i style=""font-weight&#58;inherit;""><u>App&#58;</u> Booking performance &amp; TAT dashboard</i><br></p><p><i><u>Sheet&#58;</u> SSC Export Sheet</i></p></div>",,SHIPPING,Agency,,Customer Care,"Booking, Doc & FAI",Booking,HO GEN dept,True,Business,OGU_201665,Sales & Customer Care,Business - Customer Care,,,Service Delivery,Booking,True,"Due to Customer care HO alignment
PL 1 - Changed from Booking to Service Delivery",GBS - Customer Care Shipping Delivery,"<div class=""ExternalClass0848AACD84D7401EBA892CA2E00BFBDA""><span lang=""EN-US"" style=""font-size&#58;10.0pt;font-family&#58;&quot;Verdana&quot;,sans-serif;color&#58;#4472C4;""><a href=""https&#58;//cmacgmgroup.eu.qlikcloud.com/sense/app/e3930607-7de6-4653-bb35-d80339e943a7/sheet/1d5e43a7-bd82-4873-988b-8e671a7f3aa6/state/analysis""><span>Booking Process Performance - Home | Sheet - Qlik Sense
(qlikcloud.com)</span></a>). </span></div>",Top Budget,Yes,
769,,Storage,DDSM,DDSM,Storage,"Ops, Log, Ils & Legal",Inactive,,,Y,,,,,,,,,,DDSM,,,,,,,,,DDSM,DDSM,,,,,,,
772,,Supplier Relationship Management - Partner Grouping,Management IT,Partner data management,Supplier Relationship Management - Partner Grouping,"Ops, Log, Ils & Legal",Inactive,,,Y,Per nb of Partner Codes,,"<div class=""ExternalClassA5065157C7E246F59B490C34E3F56019""><div style=""font-family&#58;Calibri, Arial, Helvetica, sans-serif;font-size&#58;11pt;color&#58;rgb(0, 0, 0);""><span style=""color&#58;black;"">MyCDM</span><br></div></div>",,SHIPPING,Head Office,202312,IT,Procurement,Partner data management,HO Procurement Dept,,IT,,Finance & Performance,,,,Partner Data Management,Partner data management supplier,,,,"<div class=""ExternalClassAB5532481C314FD9B87817BEB7D826CC""><div style=""font-family&#58;Calibri, Arial, Helvetica, sans-serif;font-size&#58;11pt;color&#58;rgb(0, 0, 0);""><span style=""color&#58;black;"">​<a href=""/sites/CMA-GlobalBusinessServices/Lists/GBS%20Process/​https&#58;//cmacgmgroup.eu.qlikcloud.com/sense/app/b7a2065a-a760-46d9-a190-85d1e975a27e/overview/hubUrl//explore/spaces/61698492dffabcfafe200b29"" title=""link"">link</a><a href=""/sites/CMA-GlobalBusinessServices/Lists/GBS%20Process/​https&#58;//cmacgmgroup.eu.qlikcloud.com/sense/app/b7a2065a-a760-46d9-a190-85d1e975a27e/overview/hubUrl//explore/spaces/61698492dffabcfafe200b29"" title="" ​https&#58;//cmacgmgroup.eu.qlikcloud.com/sense/app/b7a2065a-a760-46d9-a190-85d1e975a27e/overview/hubUrl/%2Fexplore%2Fspaces%2F61698492dffabcfafe200b29"">&#160;</a></span><br></div></div>",,,
773,Yes,Supplier Qualification - Loi Sapin 2,Supplier qualification,Supplier qualification,Supplier Qualification - Loi Sapin 2,Procurement,Active,Delivery,,Y,Per nb of Partner Codes,,,,SHIPPING,Head Office,,General Procurement,Procurement,Partner Data Management Supplier,HO Procurement Dept,,Industrial Assets,OGU_201725,,Ind. Assets - Procurement,,,Procurement - General,Supplier qualification,,"PL3 Moved from ""Shipping Ops, Log & Interm"" To Procurement from
and aligned PL1 to Procurement - General 01st of Oct, 2026.",GBS - Procurement Shipping Delivery,,,,
774,,Supplier Relationship Management – SAPIN 2 Law,Master data management,Partner data management,Supplier Relationship Management – SAPIN 2 Law,"Ops, Log, Ils & Legal",Inactive,,,Y,,,,,,,,,,Partner data management,,,,,,,,,Partner Data Management,Partner data management supplier,,,,,,,
775,,SVC,Commercial Support,Pricing Admin Activities,SVC,Sales & Customer Care,Inactive,,,Y,,,,,,,,,,Pricing Admin Activities,,,,,,,,,Commercial Support,Pricing Admin Activities,,,,,,,
776,Yes,SVC Send for signature & FMC Filing,Commercial,Service Contracts,SVC Send for signature & FMC Filing,Commercial & Add Value Activities,Active,Delivery,Sending contract to customer for signature and filing the signed contracts with FMC,Y,Per nb of requests,Per nb of requests,,Thomas Cassuto,SHIPPING,Agency,,Line Management,Commercial,,HO Lines Dept,,Business,OGU_201693,Lines Management,Business - Commercial,,,Commercial,Service Contracts,,,GBS - Commercial Shipping Delivery,,,No,
778,Yes,SVC Creation (Proposal & Amendment),Commercial,Service Contracts,SVC Creation (Proposal & Amendment),Commercial & Add Value Activities,Active,Delivery,To handle service contracts Proposals and amendments for customers in group template,Y,Per nb of contracts + nb of amendments + nb of quote lanes,Per nb of contracts + nb of amendments + nb of quote lanes,,Thomas Cassuto,SHIPPING,Agency,,Line Management,Commercial,,HO Lines Dept,True,Business,OGU_201693,Lines Management,Business - Commercial,,,Commercial,Service Contracts,,,GBS - Commercial Shipping Delivery,,,No,
779,Yes,SVC Upload,Commercial,Service Contracts,SVC Upload,Commercial & Add Value Activities,Active,Delivery,To upload the service contract rates in LARA to be available for auto-freighting,Y,Per nb of uploads + nb of quote lanes,Per nb of uploads + nb of quote lanes,,Thomas Cassuto,SHIPPING,Agency,,Line Management,Commercial,,HO Lines Dept,,Business,OGU_201693,Lines Management,Business - Commercial,,,Commercial,Service Contracts,,,GBS - Commercial Shipping Delivery,,,No,
780,,Tariff Book Maintenance,Commercial Support,Pricing Support,Tariff Book Maintenance,Sales & Customer Care,Inactive,,To amend and manage surcharges in existing tariffs (GTB/CTB/TTB) based of requests received,Y,Per nb of line items,,,,SHIPPING,Head Office,202307,LINE MANAGEMENT,Commercial,Pricing Support,HO Lines Dept,,BUSINESS,,Lines Management,,,,Commercial,Pricing Support,,,,,,,
782,,TBI - To be Invoiced,DDSM,DDSM,TBI - To be Invoiced,"Ops, Log, Ils & Legal",Inactive,,,Y,,,,,,,,,,DDSM,,,,,,,,,DDSM,DDSM,,,,,,,
783,,Project TBI Improvement,Project,DDSM,Project TBI Improvement,Customer Care,Inactive,Delivery,,Y,Support,,"<div class=""ExternalClassE37AFE7B93DA4F488673156FF52C8BF4""><div style=""font-family&#58;Calibri, Arial, Helvetica, sans-serif;font-size&#58;11pt;color&#58;rgb(0, 0, 0);""><span style=""color&#58;black;"">​Manual excel tracker</span><br></div></div>",,SHIPPING,Head Office,,Customer Care,DDSM,DDSM,HO 	Demurrages & Detentions - Finance Dept,,Business,OGU_201675,Sales & Customer Care,Business - Customer Care,,,DDSM,Project - DDSM,,,GBS - Customer Care Shipping Delivery,,,No,
784,,Tender Audit,Commercial Support,Global Tender Support,Tender Audit,Sales & Customer Care,Inactive,,,Y,,,,,,,,,,Global Tender Support,,,,,,,,,Commercial Support,Global Tender Support,,,,,,,
785,,Tender IFF,Commercial Support,Global Tender Support,Tender IFF,Sales & Customer Care,Inactive,,,Y,,,,,,,,,,Global Tender Support,,,,,,,,,Commercial Support,Global Tender Support,,,,,,,
787,Yes,Tender Management,Commercial,Global Tender Support,Tender Management,Commercial & Add Value Activities,Active,Delivery,"Work on all tender rounds launched by customers, consolidation of offers from pricers , intermodal team and completing tender files for submission to customer ",Y,Per nb of quote lines,Per nb of quote lines,"<div class=""ExternalClass23023787988444BAB5CF9C7FFF4CC74B""><div style=""font-family&#58;Calibri, Arial, Helvetica, sans-serif;font-size&#58;11pt;color&#58;rgb(0, 0, 0);""><span style=""color&#58;black;"">​Excel dashboard</span><br></div></div>",Thomas Cassuto,SHIPPING,HO / RO / Agency,,Line Management,Commercial,,HO Global Account Dept,True,Business,OGU_201692,Lines Management,Business - Commercial,,,Commercial,Global Tender Support,,,GBS - Commercial Shipping Delivery,,Top Budget,No,
788,,Third Party Feeder,Operations,Third Party Feeder,Third Party Feeder,"Ops, Log, Ils & Legal",Inactive,,,Y,,,,,,,,,,Third Party Feeder,,,,,,,,,Operations,Third Party Feeder,,,,,,,
789,Yes,Third Party Feeder Schedule,Operations,Third Party Feeder,Third Party Feeder Schedule,"Shipping Ops, Log & Interm",Active,Delivery,,Y,Per nb of Voyage Created & Amended,,"<div class=""ExternalClass196254948DE747DD955460D7B013EB45""><div style=""font-family&#58;Calibri, Arial, Helvetica, sans-serif;font-size&#58;11pt;color&#58;rgb(0, 0, 0);""><span style=""color&#58;black;"">​<span><br></span><div>​Corsair &amp; manual excel tracker<br></div><div>Report&#58;&#160;Schedule from data mart<br></div><div>Filters&#58; Main voyage - Yes, Include external service - Yes<br></div><span></span></span><br></div></div>",,SHIPPING,Agency,,Lines Operations,Operations,Third Party Feeder,HO Operations Dept,,Business,OGU_201711,Logistics & Operations,Business - Operations,,,Agency Operations,Third Party Feeder Schedule,,,GBS - Intermodal and Operations Shipping Delivery,"<div class=""ExternalClass50A8E93792494ABB9345ED6B21426623""><div style=""font-family&#58;Calibri, Arial, Helvetica, sans-serif;font-size&#58;11pt;color&#58;rgb(0, 0, 0);""><span style=""color&#58;black;""><span><i><u><a href=""https&#58;//corsair.cma-cgm.com/ExtractionManager/ExtractionList"" title=""Corsair link"">Corsair link</a></u></i><br></span></span></div><div style=""font-family&#58;Calibri, Arial, Helvetica, sans-serif;font-size&#58;11pt;color&#58;rgb(0, 0, 0);""><span style=""color&#58;black;""><span></span></span><br></div></div>",,,
790,Yes,US TLI Management,Commercial,Tariff Support,US TLI Management,Commercial & Add Value Activities,Active,Delivery,"This task involves managing Tariff Line Items (TLI) for both export and import operations, ensuring accurate data entry, updates and  filing /Publishing of rates on our public price system (online)",Y,Per nb of TLI + nb of Quote lanes,Per nb of TLI + nb of Quote lanes,,Thomas Cassuto,SHIPPING,Agency,,Line Management,Commercial,,HO Lines Dept,,Business,OGU_201691,Lines Management,Business - Commercial,,,Commercial,Tariff Support,,,GBS - Commercial Shipping Delivery,,,No,
793,,Transhipment Cargo Readiness Check,Cargo Ops,Cargo Readiness,Transhipment Cargo Readiness Check,Sales & Customer Care,Inactive,,,Y,,,,,,,,,,Cargo Readiness,,,BUSINESS,,,,,,Customer service - Cargo Readiness,Cargo Readiness,,,,,,,
794,Yes,Transshipment support,Operations,Transhipment & Connection desk,Transshipment support,"Shipping Ops, Log & Interm",Active,Delivery,,Y,Per Container,Nb of container,"<div class=""ExternalClassA05A171A1A764AC9B43E2B78A94395C1""><div><span style=""color&#58;black;"">​</span>Manual excel tracker</div></div>",,SHIPPING,Agency,October 2021,Lines Operations,Operations,Transhipment & Connection desk,HO Operations Dept,True,Business,OGU_201710,Logistics & Operations,Business - Operations,,,Agency Operations,Transshipment and Connection Desk,,,GBS - Intermodal and Operations Shipping Delivery,,,,
795,,Treasury,F&A,Record to report,Treasury,Finance,Inactive,,,Y,,,,,,,,,,HO Record to report,,,FINANCE,,,,,,Record to report,HO Record to report,,,,,,,
796,Yes,Treasury Reporting,Record to report,HO Record to report,Treasury Reporting,Finance,Active,Delivery,"Reconciling the Cash flow with Bank flow. Reporting the Cash inflow and outflow for CMA CGM.  Cash analytics : Identification of transaction and allocation mapping for treasury reporting (Supplier / Taxes etc.,) (LOGISTICS). Kyriba : Identification of transaction and allocation mapping for treasury reporting (Supplier / Taxes etc.,)",Y,Per Nb of Line items of reconciliations,"Reconciling the Cash flow with Bank flow. Reporting the Cash inflow and outflow for CMA CGM.
",,,SHIPPING,NA,,3. Accounting,Record to report,HO Record to report,HO Treasury Dept,,Finance,OGU_201659,Finance & performance,Finance,,,Record to report,Cash Management,,,GBS - Finance Logistics Delivery,,,No,
799,,US EDI ISF5,HO Customer Care,HO Documentation,US EDI ISF5,Customer Care,Inactive,,"GBSI team will receive an email notification (from hoamtrix@cma-cgm.com) if any HS code discrepancies for US related shipments. Based on the Errors, HO Docs team needs to trigger an email to POL  & Transshipment for Correction of HS Code.",Y,Per BL,,,,SHIPPING,Head Office,202403,Customer Care,"Booking, Doc & FAI",HO Documentation,HO Documentation Dept,,BUSINESS,,Sales & Customer Care,,,,Documentation,HO Documentation,,,,,,,
800,Yes,US Export BID's Pricing,Line Management,Pricing & Line Support,US Export BID's Pricing,Commercial & Add Value Activities,Active,Delivery,"This task involves providing pricing support for export bids, coordinating with teams to ensure accurate and competitive lane rate submissions based on tender requirements.",Y,Per nb of quote lines,Per nb of quote lines,"<div class=""ExternalClass0D6F7884E72C42C9B5FA682A210D1B92""><div style=""font-family&#58;Calibri, Arial, Helvetica, sans-serif;font-size&#58;11pt;color&#58;rgb(0, 0, 0);""><span style=""color&#58;black;"">​Excel Dashboard</span><br></div></div>",Olivier Nivoix,SHIPPING,Agency,,Line Management,Commercial,,HO Global Excellence Network,,Business,OGU_201696,Lines Management,Business - Commercial,,,Lines Management,Pricing and Line Support,,,GBS - Commercial Shipping Delivery,,,No,
801,,US Service Contract,Commercial Support,Pricing Admin Activities,US Service Contract,Sales & Customer Care,Inactive,,,Y,,,,,,,,,,Pricing Admin Activities,,,,,,,,,Commercial Support,Pricing Admin Activities,,,,,,,
802,,Users support C&Me,IT services,Users support,Users support C&Me,IT Services,Inactive,,,Y,Per nb of tickets,,,,,Head Office,Until Nov 2021,,IT services,,HO IT Dept,,IT,,IT,,,,IT services,Users support,,,,,,,
803,,Users support Credit application,IT services,Users support,Users support Credit application,IT Services,Inactive,,,Y,Per nb of tickets,,,,,Head Office,Until Nov 2021,,IT services,,HO IT Dept,,IT,,IT,,,,IT services,Users support,,,,,,,
804,,Users support GetPaid,IT services,Users support,Users support GetPaid,IT Services,Inactive,,,Y,Per nb of tickets,,,,,Head Office,Until Nov 2021,,IT services,,HO IT Dept,,IT,,IT,,,,IT services,Users support,,,,,,,
805,,Users support IT Smart,IT services,Users support,Users support IT Smart,IT Services,Inactive,,,Y,,,,,,Head Office,Until Nov 2021,,IT services,,HO IT Dept,,IT,,IT,,,,IT services,Users support,,,,,,,
807,,Users support Ocean,IT services,Users support,Users support Ocean,IT Services,Inactive,,,Y,Per nb of tickets,,,,,Head Office,Until Nov 2021,,IT services,,HO IT Dept,,IT,,IT,,,,IT services,Users support,,,,,,,
808,,Users support Orchestra,IT services,Users support,Users support Orchestra,IT Services,Inactive,,,Y,,,,,,Head Office,,,IT services,,HO IT Dept,,IT,,IT,,,,IT services,Users support,,,,,,,
809,,Users support VCR,IT services,Users support,Users support VCR,IT Services,Inactive,,,Y,Per nb of tickets,,,,,Head Office,Until Nov 2021,,IT services,,HO IT Dept,,IT,,IT,,,,IT services,Users support,,,,,,,
811,Yes,Vendor Master Data administration,Procure to pay,AP Master Data Mgt,Vendor Master Data administration,Finance,Active,Delivery,Review all the documents as per VMD compliance matrix and perform creation or amendment of vendor in ERP tools as appropriate,Y,Per nb of requests,Review all the documents as per VMD compliance matrix and perform creation or amendment of vendor in ERP tools as appropriate,,,ALL BUs,Agency,,1. Payables,Procure to pay,Procure to pay,HO Cost control Dept,,Finance,OGU_201650,Finance & performance,Finance,,,Procure to pay,Accounts Payable Master Data Management,,,GBS - Finance Logistics Delivery,,,Yes,
813,,Vessel delay process,Customer Care,Customer Service,Vessel delay process,Sales & Customer Care,Inactive,,,Y,,,,,,,,,,Customer Service,,,,,,,,,Other Customer care,Customer Service,,,,,,,
814,,VGM,VGM,VGM,VGM,"Ops, Log, Ils & Legal",Inactive,,,Y,,,,,,,,,,,,,,,,,,,Operations SSE,VGM,,,,,,,
815,,VGM Chasing,VGM,VGM,VGM Chasing,"Ops, Log, Ils & Legal",Inactive,,,Y,,,,,,,,,,,,,,,,,,,Operations SSE,VGM,,,,,,,
816,Yes,VGM chasing and or issue Management,Operations SSE,VGM,VGM chasing and or issue Management,"Shipping Ops, Log & Interm",Active,Delivery,,Y,Per nb of containers chased,,"<div class=""ExternalClassABDF65EB2A85418CAB13A6522568DCE1""><div style=""font-family&#58;Calibri, Arial, Helvetica, sans-serif;font-size&#58;11pt;color&#58;rgb(0, 0, 0);""><span style=""color&#58;black;"">​</span><span style=""color&#58;black;""><b>​VIRA</b><p><br></p></span></div><div style=""font-family&#58;Calibri, Arial, Helvetica, sans-serif;font-size&#58;11pt;color&#58;rgb(0, 0, 0);""><span style=""color&#58;black;""><p>Report&#58;&#160;Daily Status Report</p><div style=""margin-top&#58;0px;margin-bottom&#58;0px;"">Login to VIRA tool &gt;&#160;<span style=""font-size&#58;11pt;"">Go to Report Management Tab &gt;&#160;</span><span style=""font-size&#58;11pt;"">Report type - select Daily Status Report &gt;&#160;&#160;</span><span style=""font-size&#58;11pt;"">Select From and To Date &amp; time &gt;&#160;</span><span style=""font-size&#58;11pt;"">Click on download</span></div></span><br></div></div>",,SHIPPING,Head Office,,Operational Efficiency,Operations,,HO Security Safety & Environment Dept,,Industrial Assets,OGU_201720,Logistics & Operations,Ind. Assets - QSSE,,,SSE Operations,Verified Gross Mass VGM,,,GBS - Quality Safety Security and Environment Shipping Delivery,"<div class=""ExternalClass8DF079FC19DF4B5BAD043A65FFD154CA""><div style=""font-family&#58;Calibri, Arial, Helvetica, sans-serif;font-size&#58;11pt;color&#58;rgb(0, 0, 0);""><span style=""color&#58;black;"">​<a href=""https&#58;//ssc-vgm.cma-cgm.com/Home/Index"">https&#58;//ssc-vgm.cma-cgm.com/Home/Index</a></span><br></div></div>",,,
817,,VGM No-data follow up,VGM,VGM,VGM No-data follow up,"Ops, Log, Ils & Legal",Inactive,,,Y,,,,,,,,,,,,,,,,,,,Operations SSE,VGM,,,,,,,
820,Yes,Webmaps,Add Value Activities,Business Presentation Design,Webmaps,"Shipping Ops, Log & Interm",Active,Delivery,,Y,Per nb of Ports calls,,"<div class=""ExternalClass5F37226263D2403AA641F097FE161B42""><div style=""font-family&#58;Calibri, Arial, Helvetica, sans-serif;font-size&#58;11pt;color&#58;rgb(0, 0, 0);""><span style=""color&#58;black;"">​</span><span style=""color&#58;black;"">​SharePoint<p><br></p><div style=""margin-top&#58;0px;margin-bottom&#58;0px;"">Weekly and Monthly working files<br></div></span><br></div></div>",Ludovic Renou,SHIPPING,Head Office,,Line Management,Commercial,,HO Marketing Dept,,Business,0,,0,,,Lines operations,Operations Assistance,,,0,"<div class=""ExternalClass8FF7BBA84F2042F9B44E8967C4E9CD06""><div style=""font-family&#58;Calibri, Arial, Helvetica, sans-serif;font-size&#58;11pt;color&#58;rgb(0, 0, 0);""><span style=""color&#58;black;""><a href=""/sites/CMA-MasterDataTeamsite/Archive%20form%20MIRA/Forms/AllItems.aspx?id=/sites/CMA-MasterDataTeamsite/Archive%20form%20MIRA/LARA%20PARTNER%20GROUP%20TEAMS/Team_Internal_Chennai%20new/08%20-%20Web%20maps/Web%20Map/REPORTS/Week%20%26%20Month%20count/2022&amp;viewid=e1e99554-69a3-49e2-9520-c012eaa5b3be"" title=""​Sharepoint"">​Sharepoint</a></span><br></div></div>",,No,
822,,Disputes - Dispatcher,Order to cash,Disputes,Disputes - Dispatcher,Finance,Inactive,,,Y,Per nb of Emails actioned,,,,,,,,,Disputes,HO GEN Dept,,FINANCE,,Finance & performance,,,,Order to cash,Disputes,,,,,,,
823,Yes,TLR/TDR,Operations,Cargo Operations,TLR/TDR,"Shipping Ops, Log & Interm",Active,Delivery,,Y,Per vessel call,"Reconcilate terminal load and discharged containers report with LARA load & discharged report. If any discrepancy noticed then notify to respective department.
","<div class=""ExternalClass4590D82FB5054813BB968E3C80B3E4CC""><div style=""font-family&#58;Calibri, Arial, Helvetica, sans-serif;font-size&#58;11pt;color&#58;rgb(0, 0, 0);""><span style=""color&#58;black;"">​Manual excel</span><br></div></div>",,SHIPPING,Agency,,Lines Operations,Operations,Cargo Operations,HO Operations Dept,,Business,OGU_201709,Logistics & Operations,Business - Operations,,,Agency Operations,Cargo Operations,,,GBS - Intermodal and Operations Shipping Delivery,,,Yes,
824,Yes,Specific log support - Weight/Size/Type/Temperature/Lessor Fleet update,Logistics,Equipment management,Specific log support - Weight/Size/Type/Temperature/Lessor Fleet update,"Shipping Ops, Log & Interm",Active,Delivery,,Y,Per nb of containers,"Handle Container Max Gross weight, Tare weight, Size/Type, Minimum Weight, Minimum Temperature update in LARA.
Perform fleet reconciliation of data in LARA Container Passport module against Lessor Response for lease containers on monthly basis.
","<div class=""ExternalClass9EDD5E4537E54477860D507C6CCB2F21""><div style=""font-family&#58;Calibri, Arial, Helvetica, sans-serif;font-size&#58;11pt;color&#58;rgb(0, 0, 0);""><span style=""color&#58;black;"">​SharePoint<p><br></p><div style=""margin-top&#58;0px;margin-bottom&#58;0px;"">Report name&#58; HO Passport Production file.xlsx<p><br></p><br></div></span><br></div></div>",,SHIPPING,Head Office,,Equipment Mgt,Logistics,Specific Log support,HO Logistics Dept,,Industrial Assets,OGU_201699,Logistics & Operations,Ind. Assets - Container Fleet Management,,,Container Fleet Management,Equipment Management,,,GBS - Container Fleet Management Shipping Delivery,"<div class=""ExternalClass1B33C31D1AB14E1DB34686FD79F4CBB6""><div style=""font-family&#58;Calibri, Arial, Helvetica, sans-serif;font-size&#58;11pt;color&#58;rgb(0, 0, 0);""><span style=""color&#58;black;""><a href=""/sites/CMA-GBSsite/TempSSCI/SSCI/Forms/AllItems.aspx?id=/sites/CMA-GBSsite/TempSSCI/SSCI/HO%20Equipment%20Passport/Production%20Files&amp;viewid=5227b71b-f43f-418d-b1c7-f8c4101cdea5"" title=""​Sharepoint"">​Sharepoint</a></span><br></div></div>",,,
825,Yes,Specific log support - Report for Empty and M&R management,Logistics,Specific Log support,Specific log support - Report for Empty and M&R management,"Shipping Ops, Log & Interm",Active,Delivery,,Y,Per report,"Reports produced to monitor status of specific stocks, like terminal & depot inventory, Supply & Pickup, leasing, off hire, MV disharge, maintenance.. etc.
","<div class=""ExternalClass51F77A9AE49A404E8D596CED44177530""><div style=""font-family&#58;Calibri, Arial, Helvetica, sans-serif;font-size&#58;11pt;color&#58;rgb(0, 0, 0);"">Manual excel</div></div>",,SHIPPING,Agency,,Equipment Mgt,Logistics,Specific Log support,HO Logistics Dept,,Industrial Assets,OGU_201699,Logistics & Operations,Ind. Assets - Container Fleet Management,,,Container Fleet Management,Equipment Management,,,GBS - Container Fleet Management Shipping Delivery,,,,
828,,Ocean Import Documentation,Freight - Ocean,Ocean Imports,Ocean Import Documentation,Ceva Logistics,Inactive,,,Y,Per nb of Ocean Imports files registered in a month (manual and automatic),,,,LOGISTICS,Agency,,,Freight - Ocean,,HO CEVA GBS Dept,True,Freight Management,,Freight Management,,,,Freight - Ocean,Ocean Imports,,,,,,,
832,,3rd Party portal upload,Commercial Support,Global Tender Support,3rd Party portal upload,Commercial & Add Value Activities,Inactive,,,Y,Per nb of line items,,,,SHIPPING,Head Office,,LINE MANAGEMENT,Commercial,Global Tender Support,HO Global Account Dept,,BUSINESS,,Lines Management,,,,Commercial,Global Tender Support,,,,,,,
833,,IT project specification,IT services,Project Management,IT project specification,IT Services,Inactive,,,Y,Per nb of dev days,,,,,Head Office,,,IT services,,HO IT Dept,,IT,,IT,,,,IT services,Project Management,,,,,,,
834,,IT project development (Nova),IT services,Project Management,IT project development (Nova),IT Services,Inactive,,,Y,Per nb of dev days,,,,,Head Office,,,IT services,,HO IT Dept,,IT,,IT,,,,IT services,Project Management,,,,,,,
835,,IT project development (Get Paid),IT services,Project Management,IT project development (Get Paid),IT Services,Inactive,,,Y,Per nb of dev days,,,,,Head Office,,,IT services,,HO IT Dept,,IT,,IT,,,,IT services,Project Management,,,,,,,
836,,IT project development (SIra),IT services,Project Management,IT project development (SIra),IT Services,Inactive,,,Y,Per nb of dev days,,,,,Head Office,,,IT services,,HO IT Dept,,IT,,IT,,,,IT services,Project Management,,,,,,,
837,,IT project development (Automation Anywhere),IT services,Project Management,IT project development (Automation Anywhere),IT Services,Inactive,,,Y,Per nb of dev days,,,,,Head Office,,,IT services,,HO IT Dept,,IT,,IT,,,,IT services,Project Management,,,,,,,
838,,IT project Test,IT services,Project Management,IT project Test,IT Services,Inactive,,,Y,Per nb of days,,,,,Head Office,,,IT services,,HO IT Dept,,IT,,IT,,,,IT services,Project Management,,,,,,,
839,,Deployment Sage,IT services,Deployment,Deployment Sage,IT Services,Inactive,,,Y,Per nb of agencies,,,,,Head Office,Until Nov 2021,,IT services,,HO IT Dept,,IT,,IT,,,,IT services,Deployment,,,,,,,
840,,Application Administration Nova,IT services,Application Administration,Application Administration Nova,IT Services,Inactive,,,Y,Per nb of agencies,,,,,,,,,Maintenance,,,IT,,IT,,,,IT services,Maintenance,,,,,,,
841,,IT evolutions and corrections GetPaid,IT services,Maintenance,IT evolutions and corrections GetPaid,IT Services,Inactive,,,Y,Per nb of evolutions and corrections,,,,,Head Office,Until Nov 2021,,IT services,,HO IT Dept,,IT,,IT,,,,IT services,Maintenance,,,,,,,
842,,IT evolutions and corrections ITSmart,IT services,Maintenance,IT evolutions and corrections ITSmart,IT Services,Inactive,,,Y,Per nb of evolutions and corrections,,,,,Head Office,,,IT services,,HO IT Dept,,IT,,IT,,,,IT services,Maintenance,,,,,,,
843,,IT evolutions and corrections C&Me,IT services,Maintenance,IT evolutions and corrections C&Me,IT Services,Inactive,,,Y,Per nb of evolutions and corrections,,,,,Head Office,,,IT services,,HO IT Dept,,IT,,IT,,,,IT services,Maintenance,,,,,,,
844,,IT evolutions and corrections VCR,IT services,Maintenance,IT evolutions and corrections VCR,IT Services,Inactive,,,Y,Per nb of evolutions and corrections,,,,,Head Office,,,IT services,,HO IT Dept,,IT,,IT,,,,IT services,Maintenance,,,,,,,
845,,IT evolutions and corrections Ocean,IT services,Maintenance,IT evolutions and corrections Ocean,IT Services,Inactive,,,Y,Per nb of evolutions and corrections,,,,,Head Office,,,IT services,,HO IT Dept,,IT,,IT,,,,IT services,Maintenance,,,,,,,
846,,IT evolutions and corrections Nova,IT services,Maintenance,IT evolutions and corrections Nova,IT Services,Inactive,,,Y,Per nb of evolutions and corrections,,,,,Head Office,,,IT services,,HO IT Dept,,IT,,IT,,,,IT services,Maintenance,,,,,,,
847,,IT evolutions and corrections Sage,IT services,Maintenance,IT evolutions and corrections Sage,IT Services,Inactive,,,Y,Per nb of evolutions and corrections,,,,,Head Office,,,IT services,,HO IT Dept,,IT,,IT,,,,IT services,Maintenance,,,,,,,
848,,IT evolutions and corrections Automation Anywhere,IT services,Maintenance,IT evolutions and corrections Automation Anywhere,IT Services,Inactive,,,Y,Per nb of evolutions and corrections,,,,,Head Office,,,IT services,,HO IT Dept,,IT,,IT,,,,IT services,Maintenance,,,,,,,
849,,Users support IT4IT,IT services,Maintenance,Users support IT4IT,IT Services,Inactive,,,Y,Per nb of tickets,,,,,Head Office,,,IT services,,HO IT Dept,,IT,,IT,,,,IT services,Maintenance,,,,,,,
850,Yes,Cargo Readiness Hazardous,Cargo Ops,Cargo Readiness,Cargo Readiness Hazardous,Customer Care,Active,Delivery,,Y,Per nb of containers,"Check the Partner DG summary and tally the booking details and update the container number in HARP. If any booking are missing the same is informed to the Agency.
","<div class=""ExternalClassEFEAD90472DB493BA1E3C46BA050A9D4""><div style=""font-family&#58;Calibri, Arial, Helvetica, sans-serif;font-size&#58;11pt;color&#58;rgb(0, 0, 0);""><span style=""color&#58;black;"">​<span style=""margin&#58;0px;color&#58;black;font-family&#58;Calibri, Arial, Helvetica, sans-serif;background-color&#58;rgb(255, 255, 255);"">​</span><span style=""font-family&#58;Calibri, Arial, Helvetica, sans-serif;background-color&#58;rgb(255, 255, 255);display&#58;inline !important;"">Manual excel tracker</span></span><br></div></div>",,SHIPPING,Agency,,Customer Care,Customer service,Cargo Readiness,HO GEN Dept,,Business,OGU_201808,Sales & Customer Care,Business - Customer Care,,,Service Delivery,Cargo Readiness,,"Due to Customer care HO alignment
PL 1 - Changed from Customer service - Cargo Readiness to Service Delivery",GBS - Customer Care Shipping Delivery,,,Yes,
851,,SCR (Service contract reconciliation),Commercial Support,Pricing Admin Activities,SCR (Service contract reconciliation),Sales & Customer Care,Inactive,,,Y,Per line items,,,,SHIPPING,Agency,202112,LINE MANAGEMENT,Commercial,Pricing Admin Activities,HO Lines Dept,,BUSINESS,,Lines Management,,,,Commercial,Pricing Admin Activities,,,,,,,
852,Yes,US Online Tariff Publishing (OTPS) ,Commercial,Tariff Support,US Online Tariff Publishing (OTPS) ,Commercial & Add Value Activities,Active,Delivery,To publish FMC governed rules on OTPS/Tariff websites,Y,Per nb of requests,Per nb of requests,,Thomas Cassuto,SHIPPING,Agency,,Line Management,Commercial,,HO Lines Dept,,Business,OGU_201691,Lines Management,Business - Commercial,,,Commercial,Tariff Support,,,GBS - Commercial Shipping Delivery,,,No,
853,,I Price support,Commercial Support,Pricing Admin Activities,I Price support,Sales & Customer Care,Inactive,,,Y,Per nb of created quotations and per nb of quote lines.,,,,,,,,,Pricing Admin Activities,HO Lines Dept,,,,Lines Management,,,,Commercial Support,Pricing Admin Activities,,,,,,,
854,Yes,SVC Conversion,Commercial Support,Pricing Admin Activities,SVC Conversion,Commercial & Add Value Activities,Active,Delivery,To convert the customer format contracts into CMA group template,Y,Per nb of contracts,,,,SHIPPING,Head Office,,Line Management,Commercial,Pricing Admin Activities,HO Lines Dept,,Business,0,Lines Management,Business - Commercial,,,Commercial,Pricing Admin Activities,,,GBS - Commercial Shipping Delivery,,,,
855,Yes,Customs format SVC (CFT),Commercial,Service Contracts,Customs format SVC (CFT),Commercial & Add Value Activities,Active,Delivery,"To manage service contract [Proposals and Amendments, Filings and Conversion (Customer template to CMA format)] for GA customer with Customer formatted template",Y,Per nb of request Processed,Per nb of request Processed,,Thomas Cassuto,SHIPPING,Agency,,Line Management,Commercial,,HO Lines Dept,,Business,OGU_201693,Lines Management,Business - Commercial,,,Commercial,Service Contracts,,,GBS - Commercial Shipping Delivery,,,No,
856,,Rates & DDSM Disputes,Commercial Support,Pricing Support,Rates & DDSM Disputes,Commercial & Add Value Activities,Inactive,,,Y,Per nb of request raised (email or ticket),,,,SHIPPING,Agency,,LINE MANAGEMENT,Commercial,Pricing Support,Ho Lines Dept,,BUSINESS,,Lines Management,,,,Commercial,Pricing Support,,,,,,,
857,,Auto Freight Failed (AFF),Commercial Support,Pricing Support,Auto Freight Failed (AFF),Sales & Customer Care,Inactive,,,Y,Per nb of AFF,,,,,,,,,Pricing Support,?,,,,Lines Management,,,,Commercial,Pricing Support,,,,,,,
858,,Invoice Disputes Review,Commercial Support,Pricing Support,Invoice Disputes Review,Sales & Customer Care,Inactive,,,Y,Per nb of Internal errors + nb of external errors,,,,SHIPPING,,,LINE MANAGEMENT,Commercial,Pricing Support,?,,BUSINESS,,Lines Management,,,,Commercial,Pricing Support,,,,,,,
860,,Customized Reporting,Customer Care,Customer Service,Customized Reporting,Customer Care,Inactive,Delivery,,Y,Per nb of reports,,"<div class=""ExternalClassB52E1D0445904881A96D4695ADB8B598""><div style=""font-family&#58;Calibri, Arial, Helvetica, sans-serif;font-size&#58;11pt;color&#58;rgb(0, 0, 0);"">Manual data</div></div>",,SHIPPING,NA,,Customer Care,Customer Service,Customer Service,HO GEN Dept,,Business,OGU_201681,Sales & Customer Care,Business - Customer Care,,,Other Customer Care,Corporate Documentation,,,GBS - Customer Care Shipping Delivery,,,,
861,,Elite Customer Service,Customer Care,Customer Service,Elite Customer Service,Sales & Customer Care,Inactive,,,Y,Per nb of emails handled,,"<div class=""ExternalClassC938BF6E36E5464FA25AEDA052A91B30""><div style=""font-family&#58;Calibri, Arial, Helvetica, sans-serif;font-size&#58;11pt;color&#58;rgb(0, 0, 0);""><span style=""color&#58;black;"">​Outlook</span><br></div></div>",,,,,,,Customer Service,HO Global Account Customer Care Dept,,,,Sales & Customer Care,,,,Other Customer care,Customer Service,,,,,,,
862,,Dangerous good input,Customer Care,Dangerous Goods,Dangerous good input,Sales & Customer Care,Inactive,,"Only in US Bookings- 5 FTE's do the DG input in the system, once DG is approved or rejected, it is managed by Agency and Booking confirmation will be sent by Agency",Y,Number of Packaging/ Nb or technical name/ Specification,"Only in US Bookings- once DG is approved or rejected, it is managed by Agency and Booking confirmation will be sent by Agency
",,,SHIPPING,Agency,,CUSTOMER CARE,"Booking, Doc & FAI",Booking,HO Dangerous Cargo Office Dept,,BUSINESS,,Sales & Customer Care,,,,Booking,Booking,,,,,,Yes,
863,,GLP support,Finance support,Finance support,GLP support,Finance,Inactive,,,Y,Per shipment arrangement,,,,,Head Office,,3. Accounting,Record to Report,Finance support,HO Accounting Dept,,FINANCE,,Finance & performance,,,,Record to report,Finance support,,,,,,,
864,,Ship Owner Expenses,Finance support,Finance support,Ship Owner Expenses,Finance,Inactive,,,Y,Per expenses,,,,,,,,,Finance support,HO Accounting Dept,,FINANCE,,Finance & performance,,,,Record to report,Finance support,,,,,,,
865,Yes,Air Import Documentation,Freight - Air,Air Import,Air Import Documentation,Ceva Logistics,Active,,,Y,Per nb of Air Import files registered in a month (manual and automatic),,,,LOGISTICS,Agency,,,Freight - Air,,HO CEVA GBS Dept,,Freight Management,,Freight Management,,,,Air Freight,Air Import,,,,,,,
867,,Ocean Export Documentation - LCL,Freight - Ocean,Ocean Exports,Ocean Export Documentation - LCL,Freight Management,Inactive,,,Y,Per nb of SI submitted to the carrier/liner in a month,,,,LOGISTICS,Agency,,,Freight - Ocean,,HO CEVA GBS Dept,,Freight Management,,Freight Management,,,,Freight - Ocean,Ocean Exports,,,,,,,
868,,Ocean Export Invoicing - LCL,Freight - Ocean,Ocean Exports,Ocean Export Invoicing - LCL,Freight Management,Inactive,,,Y,Per nb of Shipments invoiced,,,,LOGISTICS,Agency,,,Freight - Ocean,,HO CEVA GBS Dept,,Freight Management,,Freight Management,,,,Freight - Ocean,Ocean Exports,,,,,,,
869,,Agency Website Support,HO Customer Care,eCommerce Support,Agency Website Support,Customer Care,Inactive,,,Y,Per nb of requests,Number of Local Website Update received in a month,"<div class=""ExternalClass5F9225C7DB654C5BABFB15640D8DE3DD""><div style=""font-family&#58;Calibri, Arial, Helvetica, sans-serif;font-size&#58;11pt;color&#58;rgb(0, 0, 0);""><span style=""color&#58;black;""><b>​Nova</b><p>Report Overview</p></span><br></div></div>",,SHIPPING,Head Office,,CUSTOMER CARE,"Booking, Doc & FAI",eCommerce Support,HO Digital Agency Dept,,BUSINESS,,Sales & Customer Care,,,,Other Customer care,eCommerce Support,,,,"<div class=""ExternalClass5598F4366CB74B0DB88ED630E92E3496""><div style=""font-family&#58;Calibri, Arial, Helvetica, sans-serif;font-size&#58;11pt;color&#58;rgb(0, 0, 0);""><span style=""color&#58;black;"">​<u><span style=""font-size&#58;11.0pt;font-family&#58;&quot;Calibri&quot;,sans-serif;color&#58;#0563C1;""><a href=""https&#58;//cma-cgm.lightning.force.com/"">https&#58;//cma-cgm.lightning.force.com/</a></span></u></span><br></div></div>",,,
870,,Call Closure,HO Customer Care,HO Documentation,Call Closure,Sales & Customer Care,Inactive,,,Y,Per BL,No. of BLs actioned against the report,"<div class=""ExternalClass092D8EAD2DFB46C4BD2FBFEE376BD5C5""><div style=""font-family&#58;Calibri, Arial, Helvetica, sans-serif;font-size&#58;11pt;color&#58;rgb(0, 0, 0);""><span style=""color&#58;black;"">​Local Excel Database</span><br></div></div>",,,,,,,HO Documentation,HO Documentation Dept,,BUSINESS,,Sales & Customer Care,,,,Documentation,HO Documentation,,,,,,,
873,,Lisa GIS work around,IT Support,Lisa Support,Lisa GIS work around,"Ops, Log, Ils & Legal",Inactive,,,Y,Per nb of Lines (location code),,,,,,,,,Lisa Support,,,,,,,,,,Lisa Support,,,,,,,
874,,IT support,IT Support,Lisa Support,IT support,IT Services,Inactive,,,Y,Per nb of containers,,,,,Head Office,Until Nov 2021,,IT services,,HO IT Dept,,IT,,IT,,,,IT services,Lisa Support,,,,,,,
875,,LISA Support- Lisa Equipment Synchronization,IT Support,Lisa Support,LISA Support- Lisa Equipment Synchronization,"Ops, Log, Ils & Legal",Inactive,,,Y,Per nb of containers,,,,,,,,,Lisa Support,,,,,,,,,,Lisa Support,,,,,,,
877,,Value Added Service,Legal,Maritime Claims,Value Added Service,"Ops, Log, Ils & Legal",Inactive,,,Y,Per nb of notifications,,,,SHIPPING,Head Office,,LEGAL,Legal,Maritime Claims,HO Legal Dept,,LEGAL,,Finance & Performance,,,,Shipping and Air Freight Legal,Maritime Claims,,Referential been inactivated due to Legal moved Separately from July 2025,,,,,
879,,Supplier Relationship Management - Partner Creation/Amendment,Master data management,Partner data management,Supplier Relationship Management - Partner Creation/Amendment,"Shipping Ops, Log & Interm",Inactive,,,Y,Per nb of Partner Codes,,,,SHIPPING,Head Office,,IT,Procurement,Partner data management,HO Procurement Dept,,IT,OGU_201723,Logistics & Operations,Business - Customer Care,,,Partner Data Management,Partner data management supplier,,,GBS - Data Management Delivery,,,,
880,,Supplier Relationship Management - Cleaning,Master data management,Partner data management,Supplier Relationship Management - Cleaning,"Shipping Ops, Log & Interm",Inactive,,,Y,Number of Partner Codes,,,,SHIPPING,Head Office,202110,IT,Procurement,Partner data management,HO Procurement Dept,,IT,OGU_201723,Logistics & Operations,Business - Customer Care,,,Partner Data Management,Partner data management supplier,,,GBS - Data Management Delivery,,,,
881,,Feeder/ Barge Management,Operations,Transhipment & Connection desk,Feeder/ Barge Management,"Ops, Log, Ils & Legal",Inactive,,,Y,Per Feeder/barge appointed,,,,SHIPPING,Agency,,LINES OPERATIONS,Operations,Transhipment & Connection desk,HO Operations Dept,,BUSINESS,,Logistics & Operations,,,,Operations,Transhipment & Connection desk,,,,,,,
882,,Special Cargo Support,Operations,Cargo Operations,Special Cargo Support,"Ops, Log, Ils & Legal",Inactive,,,Y,Per Vessel calls,,,,,,,,,Cargo Operations,HO Operations Dept,,,,Logistics & Operations,,,,Operations,Cargo Operations,,,,,,,
883,,Transhipment 3PF,Operations,Transhipment & Connection desk,Transhipment 3PF,"Ops, Log, Ils & Legal",Inactive,,,Y,Per Port call,,,,,,,,,Transhipment & Connection desk,HO Operations Dept,,,,Logistics & Operations,,,,Operations,Transhipment & Connection desk,,,,,,,
885,Yes,Domestic Transhipment Support,Operations,Transhipment & Connection desk,Domestic Transhipment Support,"Shipping Ops, Log & Interm",Active,Delivery,,Y,Per nb of containers,,"<div class=""ExternalClass328EB5EA83814FF1A0820E00DA9AF33F""><div style=""font-family&#58;Calibri, Arial, Helvetica, sans-serif;font-size&#58;11pt;color&#58;rgb(0, 0, 0);""><span style=""color&#58;black;"">​Manual excel tracker</span><br></div></div>",,SHIPPING,Agency,October 2021,Lines Operations,Operations,Transhipment & Connection desk,HO Operations Dept,,Business,OGU_201710,Logistics & Operations,Business - Operations,,,Agency Operations,Transshipment and Connection Desk,,,GBS - Intermodal and Operations Shipping Delivery,,,,
886,,3PF Internalization Project,Operations,Project - Third Party Feeder,3PF Internalization Project,"Ops, Log, Ils & Legal",Inactive,,,Y,Support,,,,,Head Office,,LINES OPERATIONS,Operations,Third Party Feeder,HO Operations Dept,,BUSINESS,,Logistics & Operations,,,,Operations,Project - Third Party Feeder,,,,,,,
887,,GO Admin,Commercial Support,eCommerce Support,GO Admin,Sales & Customer Care,Inactive,,,Y,Per nb of FTE,,,,,,,,,eCommerce Support,HO Digital Agency Dept,,,,Lines Management,,,,Commercial Support,eCommerce Support,,,,,,,
889,,HO AR - Invoicing,Order to cash,AR invoicing,HO AR - Invoicing,Finance,Inactive,,,Y,Per invoices,,,,,,,,,Accounting,?,,FINANCE,,Finance & performance,,,,Order to cash,AR invoicing,,,,,,,
890,,Booking - Cargo Care,Customer Care,Booking,Booking - Cargo Care,Sales & Customer Care,Inactive,,Booking rollovers managed in US Booking Cargo Care - Now this activity has been merged along with Booking Amendments,Y,Per nb of requests handled,,<div>Nova</div>,,,Agency,,CUSTOMER CARE,"Booking, Doc & FAI",Booking,HO GEN Dept,,BUSINESS,,Sales & Customer Care,,,,Booking,Booking,,,,,,,
891,Yes,Intercompany mgt,Record to report,Record to report,Intercompany mgt,Finance,Active,Delivery,Reconciling the intercompany transactions with Counter Party books and make sure the ICP variance are cleared,Y,Per Report,Reconciling the intercompany transactions with Counter Party books and make sure the variances are cleared,,,ALL BUs,Agency,,3. Accounting,Record to report,Accounting,HO Accounting Dept,,Finance,OGU_201658,Finance & performance,Finance,,,Record to report,Other Record to Report,,,GBS - Finance Logistics Delivery,,,No,
892,,P2P Desktop Procedures Revamp,Procure to pay,Project - Procure to Pay,P2P Desktop Procedures Revamp,Finance,Inactive,,,Y,Per FTE,Temporary support HC (SKU & KU role) to facilitate Cargowise system implementation for PTP,,,LOGISTICS,Head Office,202305,1. Payables,procure to Pay,Procure to pay,HO CEVA GBS Dept,,CEVA Finance,,CEVA Finance,,,,Procure to pay,Project - Procure to Pay,,,,,,No,
893,Yes,Bayplan Integration,Operations,Operations assistant,Bayplan Integration,"Shipping Ops, Log & Interm",Active,Delivery,,Y,Per nb of Port Call,,"<div class=""ExternalClass585CC69DB70942A385A7E1CB8AD8259F""><div style=""font-family&#58;Calibri, Arial, Helvetica, sans-serif;font-size&#58;11pt;color&#58;rgb(0, 0, 0);""><span style=""color&#58;black;"">​<span style=""font-family&#58;Calibri, Arial, Helvetica, sans-serif;background-color&#58;rgb(255, 255, 255);display&#58;inline !important;"">​Manual excel tracker</span></span><br></div></div>",,SHIPPING,Head Office,,Lines Operations,Lines operations,Operations assistant,HO Lines Operations Dept,,Business,OGU_201713,Lines Management,Business - Operations,,,Lines operations,Operations Assistance,,,GBS - Intermodal and Operations Shipping Delivery,,,,
894,Yes,Specific Log Support - Invoices linked to Leased and Subleased Containers,Logistics,Equipment management,Specific Log Support - Invoices linked to Leased and Subleased Containers,"Shipping Ops, Log & Interm",Active,Delivery,,Y,Per container,"Handle discrepancies in per diem invoices of lease and sublease containers.
","<div class=""ExternalClass30BCAB2B6C374017A9846D061F2E7811""><div style=""font-family&#58;Calibri, Arial, Helvetica, sans-serif;font-size&#58;11pt;color&#58;rgb(0, 0, 0);""><span style=""color&#58;black;"">​SharePoint<p><br></p><div style=""margin-top&#58;0px;margin-bottom&#58;0px;""><span><b>Lease&#58;</b><br></span><div>Template - A and C type - Cntrs billed with discrepancies.xlsx<br></div><div>Template - B and D type - Cntrs NOT billed by lessors.xlsx<br></div><div><b>Sublease&#58;</b><br></div><span>Template - sublease to.xlsx</span><br></div></span><br></div></div>",,SHIPPING,Head Office,,Equipment Mgt,Logistics,Specific Log support,HO Logistics Dept,,Industrial Assets,OGU_201699,Logistics & Operations,Ind. Assets - Container Fleet Management,,,Container Fleet Management,Equipment Management,,,GBS - Container Fleet Management Shipping Delivery,"<div class=""ExternalClassA7B105F9F631492186637FC31D1F5728""><div style=""font-family&#58;Calibri, Arial, Helvetica, sans-serif;font-size&#58;11pt;color&#58;rgb(0, 0, 0);""><span style=""color&#58;black;"">​</span><span style=""color&#58;black;""><a href=""/sites/CMA-GBSsite/TempSSCI/SSCI/Forms/AllItems.aspx?id=/sites/CMA-GBSsite/TempSSCI/SSCI/HO%20Logistics/Invoicing%20and%20Contracts/Leasing%20%26%20Subleasing&amp;viewid=5227b71b-f43f-418d-b1c7-f8c4101cdea5"" title=""Lease &amp; Sublease Invoice Discrepancies"">Lease &amp; Sublease Invoice Discrepancies</a></span></div></div>",,,
895,Yes,Specific Log Support - One Way & Sublease Containers Redelivery,Logistics,Equipment management,Specific Log Support - One Way & Sublease Containers Redelivery,"Shipping Ops, Log & Interm",Active,Delivery,,Y,Per Container,"Arrange and follow-up for redelivery of Oneway Lease, Sublease and Misused containers.
","<div class=""ExternalClass7ED297E3D3334123A74C5E2E78DD4D4C""><div style=""font-family&#58;Calibri, Arial, Helvetica, sans-serif;font-size&#58;11pt;color&#58;rgb(0, 0, 0);""><span style=""color&#58;black;"">​SharePoint<p><br></p><div style=""margin-top&#58;0px;margin-bottom&#58;0px;""><span>Cabotage&#58;<br></span><div>Production Working Files -&gt; 2022 -&gt; Cabotage Working File -&gt; WEEK XX.xlsx<br></div><div>One Way&#58;<br></div><div>Production Working Files -&gt; Oneway Working File WEEK - XX.xlsx<br></div><div>Sublease From&#58;<br></div><div>Production Working Files -&gt; Sublease &amp; Misuse To Redelivery -&gt; Sublease From Redelivery -&gt; SLF 2022 -&gt; SLF YYMMDD Working File WK XX.xlsx<br></div><div>Sublease To&#58;<br></div><div>Production Working Files -&gt; Sublease &amp; Misuse To Redelivery -&gt; Sublease TO 2022 -&gt; Sublease To Working File -&gt; Week XX.xlsx<br></div><div>Shipping Line&#58;<br></div><span>Production Working Files - Shipping Line -&gt; Shipping line working file week XX.xlsx</span><br></div></span><br></div></div>",,SHIPPING,Head Office,,Equipment Mgt,Logistics,Specific Log support,HO Logistics Dept,,Industrial Assets,OGU_201699,Logistics & Operations,Ind. Assets - Container Fleet Management,,,Container Fleet Management,Equipment management,,,GBS - Container Fleet Management Shipping Delivery,"<div class=""ExternalClass76DFB630F08344D798BABBF76D11CE64""><div style=""font-family&#58;Calibri, Arial, Helvetica, sans-serif;font-size&#58;11pt;color&#58;rgb(0, 0, 0);""><span style=""color&#58;black;""><a href=""/sites/CMA-GBSsite/TempSSCI/SSCI/Forms/AllItems.aspx?id=/sites/CMA-GBSsite/TempSSCI/SSCI/HO%20Logistics/Redelivery%20Process/Cabotage%20Redelivery/Production%20Working%20files&amp;viewid=5227b71b-f43f-418d-b1c7-f8c4101cdea5"" title=""​Cabotage"">​Cabotage</a></span></div><div style=""font-family&#58;Calibri, Arial, Helvetica, sans-serif;font-size&#58;11pt;color&#58;rgb(0, 0, 0);""><span style=""color&#58;black;""><p><a href=""/sites/CMA-GBSsite/TempSSCI/SSCI/Forms/AllItems.aspx?id=/sites/CMA-GBSsite/TempSSCI/SSCI/HO%20Logistics/Redelivery%20Process/Cabotage%20Redelivery/Production%20Working%20files&amp;viewid=5227b71b-f43f-418d-b1c7-f8c4101cdea5"" title=""​Cabotage""><a href=""/sites/CMA-GBSsite/TempSSCI/SSCI/Forms/AllItems.aspx?id=/sites/CMA-GBSsite/TempSSCI/SSCI/HO%20Logistics/Redelivery%20Process/One%20Way%20Redelivery/Production%20Working%20Files&amp;viewid=5227b71b-f43f-418d-b1c7-f8c4101cdea5"" title=""One Way"" style=""font-size&#58;11pt;"">One Way</a><br></a></p></span></div><div style=""font-family&#58;Calibri, Arial, Helvetica, sans-serif;font-size&#58;11pt;color&#58;rgb(0, 0, 0);""><div><a href=""/sites/CMA-GBSsite/TempSSCI/SSCI/Forms/AllItems.aspx?id=/sites/CMA-GBSsite/TempSSCI/SSCI/HO%20Logistics/Redelivery%20Process/Sublease%20Redelivery/Production%20Working%20Files&amp;viewid=5227b71b-f43f-418d-b1c7-f8c4101cdea5"" title=""Sublease"" style=""font-size&#58;11pt;"">Sublease</a><br></div><div><a href=""/sites/CMA-GBSsite/TempSSCI/SSCI/Forms/AllItems.aspx?id=/sites/CMA-GBSsite/TempSSCI/SSCI/HO%20Logistics/Redelivery%20Process/Misuse%20To%20and%20Shipping%20Line/Production%20Working%20files%20-%20Shipping%20line&amp;viewid=5227b71b-f43f-418d-b1c7-f8c4101cdea5"" title=""Misuse To / Shipping Line"" style=""font-size&#58;11pt;"">Misuse To / Shipping Line</a><br></div><br></div></div>",,,
896,Yes,Cargo Operations Support,Operations,Cargo Operations,Cargo Operations Support,"Shipping Ops, Log & Interm",Active,Delivery,,Y,Per Container,Consolidate the whole vessel cargo load list and declare to Customs/Terminal/Partner/Ship Manager with stipulated deadline.,<div>Manual Tracking</div>,,SHIPPING,Agency,October 2021,Lines Operations,Operations,Cargo Operations,HO Operations Dept,,Business,OGU_201709,Logistics & Operations,Business - Operations,,,Agency Operations,Cargo Operations,,,GBS - Intermodal and Operations Shipping Delivery,,,Yes,
897,Yes,Transshipment Journey Legs,Operations,Transhipment & Connection desk,Transshipment Journey Legs,"Shipping Ops, Log & Interm",Active,Delivery,,Y,Per Booking,,"<div class=""ExternalClass30001D394C2D4D3D8037CF009B914420""><div style=""font-family&#58;Calibri, Arial, Helvetica, sans-serif;font-size&#58;11pt;color&#58;rgb(0, 0, 0);""><span style=""color&#58;black;"">​Manual excel tracker</span><br></div></div>",,SHIPPING,Agency,,Lines Operations,Operations,Transhipment & Connection desk,HO Operations Dept,,Business,OGU_201710,Logistics & Operations,Business - Operations,,,Agency Operations,Transshipment and Connection Desk,,,GBS - Intermodal and Operations Shipping Delivery,,,,
898,Yes,Local Voyage Reference - LVR,Logistics,Equipment management,Local Voyage Reference - LVR,"Shipping Ops, Log & Interm",Active,Delivery,,Y,Per Vessel calls + per brand,"Map external voyages with CMA voyages in advance to allow the container movements be integrated directly
",,,SHIPPING,Head Office,,Equipment Mgt,,Equipment management,HO Logistics Dept,,Industrial Assets,OGU_201699,,Ind. Assets - Container Fleet Management,,,Container Fleet Management,Equipment Management,,,GBS - Container Fleet Management Shipping Delivery,,,Yes,
900,,Cargo Operations – Post sailing management,Operations,Cargo Operations,Cargo Operations – Post sailing management,"Ops, Log, Ils & Legal",Inactive,,,Y,Per reconciliation per vessel call and brand,,,,,,,,,Cargo Operations,,,,,,,,,Operations,Cargo Operations,,,,,,,
901,,Saphir F2 Project,IT services,Project Management,Saphir F2 Project,IT Services,Inactive,,,Y,,,,,,,,,,,,,IT,,,,,,IT services,Project Management,,,,,,,
902,,F&A Future Transition,F&A,Finance support,F&A Future Transition,Finance,Inactive,,,Y,,,,,,,,,,Finance support,,,FINANCE,,Finance & performance,,,,Record to report,Finance support,,,,,,,
903,,FPM,F&A,Finance support,FPM,Finance,Inactive,,,Y,,,,,,,,,,Finance support,,,FINANCE,,Finance & performance,,,,Record to report,Finance support,,,,,,,
904,,Cross Trade Invoicing,Freight - Ocean,Ocean Cross trade,Cross Trade Invoicing,Ceva Logistics,Inactive,,,Y,Nb of customer invoices,Nb of customer invoices processed in a month,,,LOGISTICS,Agency,,,Freight - Ocean,,HO CEVA GBS Dept,,Freight Management,,Freight Management,,,,Freight - Ocean,Ocean Cross trade,,,,,,,
905,,LCL Schedule,Freight - Ocean,Ocean Cross trade,LCL Schedule,Freight Management,Inactive,,,Y,Nb of lanes upload,Nb of lanes upload in Ceva Digital platform in a month,,,LOGISTICS,Head Office,202303,,Freight - Ocean,,HO CEVA GBS Dept,,Freight Management,,Freight Management,,,,Freight - Ocean,Ocean Cross trade,,,,,,,
906,,LCL Reporting,Freight - Ocean,Ocean Cross trade,LCL Reporting,Ceva Logistics,Inactive,,,Y, Nb of LCL reports ,Nb of LCL reports generated in a month ,,,LOGISTICS,Head Office,,,Freight - Ocean,,HO CEVA GBS Dept,,Freight Management,,Freight Management,,,,Freight - Ocean,Ocean Cross trade,,,,,,,
907,,Ocean Brokerage,Freight - Ocean,Ocean Cross trade,Ocean Brokerage,Ceva Logistics,Inactive,,,Y,,,,,LOGISTICS,Agency,,,Freight - Ocean,,HO CEVA GBS Dept,,Freight Management,,Freight Management,,,,Freight - Ocean,Ocean Cross trade,,,,,,,
908,,Workflow process,Commercial Support,Sales support,Workflow process,Sales & Customer Care,Inactive,,,Y,Per BL,,,,,,,,,,,,,,,,,,Commercial Support,Project - Commercial,,,,,,,
909,,Claims Support,Legal,Maritime Claims,Claims Support,"Ops, Log, Ils & Legal",Inactive,,,Y,Per nb of notifications,,"<div class=""ExternalClass1097C1509B4E4AC38981846F927610DE""><div style=""font-family&#58;Calibri, Arial, Helvetica, sans-serif;font-size&#58;11pt;color&#58;rgb(0, 0, 0);""><span style=""color&#58;black;"">​<span style=""font-family&#58;Calibri, Arial, Helvetica, sans-serif;background-color&#58;rgb(255, 255, 255);display&#58;inline !important;"">​Manual excel file</span></span><br></div></div>",,SHIPPING,Head Office,202312,LEGAL,Legal,Maritime Claims,HO Legal Dept,,LEGAL,,Finance & Performance,,,,Legal,Maritime Claims,,,,,,,
910,,Pre Claims Air Cargo,Legal,CC Air Cargo Claims,Pre Claims Air Cargo,"Ops, Log, Ils & Legal",Inactive,,,Y,Per nb of notifications,"Manage new notification pertaining to air cargo
","<div class=""ExternalClassCEB3EAA75553406AAB8D9E4E7F71AAF6""><div style=""font-family&#58;Calibri, Arial, Helvetica, sans-serif;font-size&#58;11pt;color&#58;rgb(0, 0, 0);""><span style=""color&#58;black;"">​<span style=""font-family&#58;Calibri, Arial, Helvetica, sans-serif;background-color&#58;rgb(255, 255, 255);display&#58;inline !important;"">​Manual excel file</span></span><br></div></div>",,SHIPPING,Head Office,202312,LEGAL,Legal,,HO Legal Dept,,LEGAL,,Finance & Performance,,,,Legal,CC Air Cargo Claims,,,,,,Yes,
911,,Support Function Agency,Support Function,Support Function,Support Function Agency,Sales & Customer Care,Inactive,,,Y,,,,,,Agency,,CUSTOMER CARE,"Booking, Doc & FAI",,HO GEN Dept,,BUSINESS,,Sales & Customer Care,,,,Other Customer care,Support Function,,,,,,,
913,Yes,Master Arrival/ Departure Report integration from V2PS/VRS to LISA,Operations Energy,Vessel Operations,Master Arrival/ Departure Report integration from V2PS/VRS to LISA,"Shipping Ops, Log & Interm",Active,Delivery,,Y,Nb of Arrival or Departure reports not integrated,Nb of Arrival or Departure reports not integrated,<div>VRS data base</div>,,SHIPPING,Head Office,,Energy,Operations,Vessel Operations,HO Bunkering Dept,,Industrial Assets,OGU_201716,Logistics & Operations,Ind. Assets,,,Energy Operations,Vessel Operations,,,GBS - Intermodal and Operations Shipping Delivery,,,Yes,
914,Yes,Vessel Reconciliation,Operations,Cargo Operations,Vessel Reconciliation,"Shipping Ops, Log & Interm",Active,Delivery,,Y,Per reconciliation per vessel call and brand,Match containers in Load and Discharge list received from Agency Operations team with LARA tracking to ensure move integration and to update missing moves (if any). ,"<div class=""ExternalClass091E1A81667D43DEA57927448B07DED1""><div style=""font-family&#58;Calibri, Arial, Helvetica, sans-serif;font-size&#58;11pt;color&#58;rgb(0, 0, 0);""><span style=""color&#58;black;"">​Manual excel</span><br></div></div>",,SHIPPING,Agency,,Lines Operations,Operations,Cargo Operations,HO Operations Dept,,Business,OGU_201709,Logistics & Operations,Business - Operations,,,Agency Operations,Cargo Operations,,,GBS - Intermodal and Operations Shipping Delivery,,,Yes,
915,,Analyse and Manage stocks,Logistics,Stock Management,Analyse and Manage stocks,"Ops, Log, Ils & Legal",Inactive,,,Y,Per nb of stock reports,,,,,Agency,,EQUIPMENT MGT,,Stock Management,HO Logistics Dept,,INDUSTRIAL ASSETS,,,,,,Logistics,Stock Management,,,,,,,
916,,Daily/Weekly Reports,Commercial Support,Pricing Support,Daily/Weekly Reports,Sales & Customer Care,Inactive,,,Y,Per report created,,,,,,,,,Pricing Support,,,BUSINESS,,,,,,Commercial,Pricing Support,,,,,,,
917,,Customer Care Future Transition,Commercial Support,Sales support,Customer Care Future Transition,Sales & Customer Care,Inactive,,,Y,,,,,,,,,,,,,,,,,,,Commercial Support,Project - Commercial,,,,,,,
918,,Operation Support Future transition,Operations,Operations support,Operation Support Future transition,"Ops, Log, Ils & Legal",Inactive,,,Y,,,,,,,,,,Operations assistant,,,BUSINESS,,,,,,Operations,Operations assistant,,,,,,,
932,,Transhipment Partial Scope,Operations,Transhipment & Connection desk,Transhipment Partial Scope,"Ops, Log, Ils & Legal",Inactive,,,Y,Per Port call,,<div>Manual tracking</div>,,,,,,,Transhipment & Connection desk,HO Operations Dept,,,,Logistics & Operations,,,,Operations,Transhipment & Connection desk,,,,,,,
933,,Learning support,Training and Knowledge,Training and knowledge,Learning support,HR,Inactive,,,Y,Per nb of lines,,,,SHIPPING,Head Office,202112,HR,HR,,HO Training Dept,,HR,,Human Resources,,,,HR,Training and knowledge,,,,,,No,
934,Yes,Project Lisa IT support,Project,Lisa Support,Project Lisa IT support,"Shipping Ops, Log & Interm",Active,Delivery,,Y,Per nb of containers,,"<div class=""ExternalClassA18D438EE01846EAAB47339298143592""><div style=""font-family&#58;Calibri, Arial, Helvetica, sans-serif;font-size&#58;11pt;color&#58;rgb(0, 0, 0);""><span style=""color&#58;black;"">​<span><br></span><div>​Manual excel<br></div><div>ssc.deliveryorder@cma-cgm.com<br></div><div><br></div><div><br></div><span></span></span><br></div></div>",,SHIPPING,Agency,,IT,IT,,HO IT Dept,,IT,OGU_201799,IT,IT,,,IT,LISA IT Support Project,,,GBS - Information Technology Shipping Delivery,"<div class=""ExternalClassCABAE2BB7EB74848AC7D09B49EBFBFA7""><div style=""font-family&#58;Calibri, Arial, Helvetica, sans-serif;font-size&#58;11pt;color&#58;rgb(0, 0, 0);""><span style=""color&#58;black;"">​</span><span style=""font-size&#58;11pt;"">​ssc.deliveryorder@cma-cgm.com</span></div></div>",,No,
938,Yes,Manage Reuse/Street Turn,Logistics,Equipment management,Manage Reuse/Street Turn,"Shipping Ops, Log & Interm",Active,Delivery,,Y,Per nb of containers,"Approve the street turn request (container switch to new export cycle without returning it empty to depot) if all the pre-checks are qualifies.   
","<div class=""ExternalClass44022B198F504771959F309D2BF4B239""><div style=""font-family&#58;Calibri, Arial, Helvetica, sans-serif;font-size&#58;11pt;color&#58;rgb(0, 0, 0);""><span style=""color&#58;black;"">​CIRA<p><br></p></span><br></div></div>",,SHIPPING,Agency,,Equipment Mgt,Logistics,Equipment management,HO Logistics Dept,,Industrial Assets,OGU_201699,Logistics & Operations,Ind. Assets - Container Fleet Management,,,Container Fleet Management,Equipment management,,,GBS - Container Fleet Management Shipping Delivery,"<div class=""ExternalClassF74444E433BA48519DCCCB07B68273B9""><div style=""font-family&#58;Calibri, Arial, Helvetica, sans-serif;font-size&#58;11pt;color&#58;rgb(0, 0, 0);""><span style=""color&#58;black;"">​<a href=""http&#58;//10.13.44.228/cira_equipment_chn/"">http&#58;//10.13.44.228/cira_equipment_chn/</a></span><br></div></div>",,Yes,
939,Yes,Spot on Booking cancellation,Order to cash,AR invoicing,Spot on Booking cancellation,Finance,Active,Delivery,Manual fees invoicing for Aqua/SpotOn cancelled bookings ,Y,Per Nb of invoices cancelled in Aqua,"Manual invoicing for Aqua/SpotOn cancelled bookings 
",,,SHIPPING,Agency,,2. Receivables,Order to cash,Order to cash,HO Lines Dept,,Finance,OGU_201645,Finance & performance,Finance,,,Order to cash,Accounts receivable Invoicing,,,GBS - Finance Logistics Delivery,,,Yes,
940,,Equipment Fleet Management,Logistics,HO Equipment,Equipment Fleet Management,"Ops, Log, Ils & Legal",Inactive,,,Y,Per nb of units,,,,,,,,,Equipment management,HO Logistics Dept,,,,Logistics & Operations,,,,Logistics,Equipment Management,,,,,,,
941,,NORTAM Reporting,CEVA process,CEVA process,NORTAM Reporting,Freight Management,Inactive,,,Y,,,,,LOGISTICS,Agency,202111,,CEVA process,,HO CEVA GBS Dept,,Freight Management,,Freight Management,,,,CEVA process,CEVA process,,,,,,,
942,,Clarity Project,CEVA process,CEVA process,Clarity Project,Freight Management,Inactive,,,Y,,,,,LOGISTICS,Head Office,,,CEVA process,,HO CEVA GBS Dept,,Freight Management,,Freight Management,,,,CEVA process,CEVA process,,,,,,,
943,,JDE Implementation,CEVA process,CEVA process,JDE Implementation,IT Services,Inactive,,,Y,,,,,LOGISTICS,Agency,,Group IT CEVA,CEVA process,,HO CEVA GBS Dept,,CEVA Finance,,CEVA Finance,,,,CEVA process,CEVA process,,,,,,,
944,,CSP Data Entry,CEVA process,CEVA process,CSP Data Entry,Ceva Logistics,Inactive,,,Y,,,,,LOGISTICS,Head Office,,,CEVA process,,HO CEVA GBS Dept,,Freight Management,,Freight Management,,,,CEVA process,CEVA process,,,,,,,
945,,End to End Wave 1,CEVA process,CEVA process,End to End Wave 1,Freight Management,Inactive,,,Y,,,,,LOGISTICS,Agency,,,CEVA process,,HO CEVA GBS Dept,,Freight Management,,Freight Management,,,,CEVA process,CEVA process,,,,,,,
946,,End to End Wave 2,CEVA process,CEVA process,End to End Wave 2,Freight Management,Inactive,,,Y,,,,,LOGISTICS,Agency,,,CEVA process,,HO CEVA GBS Dept,,Freight Management,,Freight Management,,,,CEVA process,CEVA process,,,,,,,
947,,Customer / Station Reporting,CEVA process,CEVA process,Customer / Station Reporting,Ceva Logistics,Inactive,,,Y,,,,,LOGISTICS,Agency,,,CEVA process,,HO CEVA GBS Dept,,Freight Management,,Freight Management,,,,CEVA process,CEVA process,,,,,,,
949,Yes,Project LISA Finance SKU support,Project,Lisa Support,Project LISA Finance SKU support,Finance,Active,Delivery,Super Key user is responsible to monitor and make sure that LISA (SAP) implemented as per project plan,N,,,"<div class=""ExternalClass7E515A76AE4D4447BB233842FF218089""><div style=""font-family&#58;Calibri, Arial, Helvetica, sans-serif;font-size&#58;11pt;color&#58;rgb(0, 0, 0);""><span style=""color&#58;black;"">​Manual excel<p><br></p></span><span style=""color&#58;black;""><span style=""margin&#58;0px;color&#58;rgb(36, 36, 36);font-family&#58;&quot;Segoe UI&quot;, system-ui, &quot;Apple Color Emoji&quot;, &quot;Segoe UI Emoji&quot;, sans-serif;font-size&#58;14px;background-color&#58;rgb(255, 255, 255);display&#58;inline !important;"">ssc.deliveryorder@cma-cgm.com</span><br style=""font-family&#58;Calibri, Arial, Helvetica, sans-serif;background-color&#58;rgb(255, 255, 255);""></span></div><div style=""font-family&#58;Calibri, Arial, Helvetica, sans-serif;font-size&#58;11pt;color&#58;rgb(0, 0, 0);""><br></div></div>",,SHIPPING,Agency,,3. Accounting,Record to Report,Project - LISA R2R Deployment,HO IT Dept,,Finance,OGU_201639,IT,Finance,,,Corporate Projects,LISA Support Functions Project,,,GBS - Finance Shipping Delivery,"<div class=""ExternalClass400B7DF2190D4B43910D6D60B9EFCC60""><div style=""font-family&#58;Calibri, Arial, Helvetica, sans-serif;font-size&#58;11pt;color&#58;rgb(0, 0, 0);""><span style=""color&#58;black;"">​<span style=""margin&#58;0px;color&#58;rgb(36, 36, 36);font-family&#58;&quot;Segoe UI&quot;, system-ui, &quot;Apple Color Emoji&quot;, &quot;Segoe UI Emoji&quot;, sans-serif;font-size&#58;14px;background-color&#58;rgb(255, 255, 255);display&#58;inline !important;"">ssc.deliveryorder@cma-cgm.com</span><br style=""font-family&#58;Calibri, Arial, Helvetica, sans-serif;background-color&#58;rgb(255, 255, 255);""></span><br></div></div>",,No,
950,Yes,Equipment Tracking,Logistics,Equipment management,Equipment Tracking,"Shipping Ops, Log & Interm",Active,Delivery,,Y,Per Equipment moves,"Ensure correct container movement life cycle is reflected in LARA by cleaning up EDI errors, creating or modifing container movement","<div class=""ExternalClass5EF43648AFCB49C486DC365DE1A5A9EA""><div><span style=""font-weight&#58;bold;color&#58;black;font-size&#58;9pt;font-family&#58;&quot;segoe ui&quot;;"">​</span><span style=""font-size&#58;9pt;font-family&#58;&quot;segoe ui&quot;;""><b>Logistics Department SharePoint</b></span>
<br></div><div><i><span style=""font-size&#58;9pt;font-family&#58;&quot;segoe ui&quot;;""><u>​File&#58;</u> Tracking Performance Dashboard.xlsb
</span><br><span style=""font-size&#58;9pt;font-family&#58;&quot;segoe ui&quot;;""><u>Sheet&#58;</u> Data
</span><br><span style=""font-size&#58;9pt;font-family&#58;&quot;segoe ui&quot;;""><u>Column&#58;</u> Total Moves
</span><br><span style=""font-size&#58;9pt;font-family&#58;&quot;segoe ui&quot;;""><u>Frequency&#58;</u> Every Monday / On demand</span></i></div></div>",,SHIPPING,Agency,,Equipment Mgt,Logistics,Equipment Tracking Failure,HO Logistics Dept,True,Industrial Assets,OGU_201699,Logistics & Operations,Ind. Assets - Container Fleet Management,,,Container Fleet Management,Equipment management,True,,GBS - Container Fleet Management Shipping Delivery,"<div class=""ExternalClassC354C7D3D8DE4F30B7BA606BD85D62B5""><div style=""font-family&#58;Calibri, Arial, Helvetica, sans-serif;font-size&#58;11pt;color&#58;rgb(0, 0, 0);""><span style=""color&#58;black;""><a href=""/sites/CMA-LogisticDepartment/Reports%20And%20Kpis/Forms/AllItems.aspx?RootFolder=/sites/CMA-LogisticDepartment/Reports%20And%20Kpis/Global%20Dashboards/Global/Tracking%20Performance&amp;FolderCTID=0x01200049A8BEC69DD91C49AF19FDDA3F82882A"" title=""​Logistics Department SharePoint""><i><u><span style=""color&#58;black;font-family&#58;calibri;font-size&#58;11pt;"">​</span><span style=""font-family&#58;calibri;font-size&#58;11pt;"">​Logistics Department SharePoint</span></u></i></a></span></div></div>",Top Budget,Yes,
961,,Air Freight Data Quality and Consistency,Air freight Operations,Air Freight Monitoring,Air Freight Data Quality and Consistency,"Ops, Log, Ils & Legal",Inactive,,,Y,Nb of Dashboards monitored,,,,AIR FREIGHT,Head Office,202403,AIR FREIGHT - INFORMATION TECHNOLOGY,IT,,HO Air Division Dept,,IT,,Air Division,,,,IT,Air Freight Monitoring,False,,,,,,
962,,CoE - RPA Solutions (Ops. Supp),IT services,IT Evolution,CoE - RPA Solutions (Ops. Supp),IT Services,Inactive,,,Y,Nb of evolutions and corrections,,,,,,,,,Deployment,,,IT,,IT,,,,IT services,Deployment,False,,,,,,
963,,CoE - RPA Solutions (Cust. Care),IT services,IT Evolution,CoE - RPA Solutions (Cust. Care),IT Services,Inactive,,,Y,Nb of evolutions and corrections,,,,,,,,,Deployment,,,IT,,IT,,,,IT services,Deployment,False,,,,,,
964,,CoE - RPA Solutions (F&A),IT services,IT Evolution,CoE - RPA Solutions (F&A),IT Services,Inactive,,,Y,Nb of evolutions and corrections,,,,,,,,,Deployment,,,IT,,IT,,,,IT services,Deployment,False,,,,,,
965,,CoE - RPA Solutions (HO),IT services,IT Evolution,CoE - RPA Solutions (HO),IT Services,Inactive,,,Y,Nb of evolutions and corrections,,,,,,,,,Deployment,,,IT,,IT,,,,IT services,Deployment,False,,,,,,
966,,CoE Workflow Solutions (GBS Lebanon),IT services,IT Evolution,CoE Workflow Solutions (GBS Lebanon),IT Services,Inactive,,,Y,Nb of evolutions and corrections,,,,,,,,,Deployment,,,IT,,IT,,,,IT services,Deployment,False,,,,,,
967,,CoE Automation Solutions (Cust. Care),IT services,IT Evolution,CoE Automation Solutions (Cust. Care),IT Services,Inactive,,,Y,Nb of evolutions and corrections,,,,,,,,,Deployment,,,IT,,IT,,,,IT services,Deployment,False,,,,,,
968,,CoE Workflow Solutions (F&A),IT services,IT Evolution,CoE Workflow Solutions (F&A),IT Services,Inactive,,,Y,Nb of evolutions and corrections,,,,,,,,,Deployment,,,IT,,IT,,,,IT services,Deployment,False,,,,,,
969,,CoE Workflow Solutions (Cust. Care),IT services,IT Evolution,CoE Workflow Solutions (Cust. Care),IT Services,Inactive,,,Y,Nb of evolutions and corrections,,,,,,,,,Deployment,,,IT,,IT,,,,IT services,Deployment,False,,,,,,
970,,CoE Automation Solutions (F&A),IT services,IT Evolution,CoE Automation Solutions (F&A),IT Services,Inactive,,,Y,Nb of evolutions and corrections,,,,,,,,,Deployment,,,IT,,IT,,,,IT services,Deployment,False,,,,,,
971,,CoE Workflow Solutions (Ops Supp),IT services,IT Evolution,CoE Workflow Solutions (Ops Supp),IT Services,Inactive,,,Y,Nb of evolutions and corrections,,,,,,,,,Deployment,,,IT,,IT,,,,IT services,Deployment,False,,,,,,
972,Yes,Project Partner Terminal,Project,Operations assistant,Project Partner Terminal,"Shipping Ops, Log & Interm",Active,Delivery,,N,Per nb of vessels,,"<div class=""ExternalClass314E5FA20BA6459993AAA0630B229CEF""><div style=""font-family&#58;Calibri, Arial, Helvetica, sans-serif;font-size&#58;11pt;color&#58;rgb(0, 0, 0);""><span style=""color&#58;black;"">​<span style=""font-family&#58;Calibri, Arial, Helvetica, sans-serif;background-color&#58;rgb(255, 255, 255);display&#58;inline !important;"">​Manual excel tracker</span></span><br></div></div>",,SHIPPING,Head Office,,Lines Operations,Lines Operations,,HO Lines Operations Dept,,Business,OGU_201715,Lines Management,Business - Operations,,,Lines Operations,Partner Terminal Schedule Project,False,,GBS - Intermodal and Operations Shipping Delivery,,,No,
973,Yes,SOC On Hire,Logistics,Equipment management,SOC On Hire,"Shipping Ops, Log & Interm",Active,Delivery,,Y,Per container move failure + per container move,"Register SOC (ship owned container) in LARA
","<div class=""ExternalClassC87D4F6910DE452ABAAFA7A62B970047""><div style=""font-family&#58;Calibri, Arial, Helvetica, sans-serif;font-size&#58;11pt;color&#58;rgb(0, 0, 0);""><span style=""color&#58;black;"">​</span><span style=""color&#58;black;"">​CIRA</span></div><div style=""font-family&#58;Calibri, Arial, Helvetica, sans-serif;font-size&#58;11pt;color&#58;rgb(0, 0, 0);""><span style=""color&#58;black;""><p><br></p><div style=""margin-top&#58;0px;margin-bottom&#58;0px;"">Report&#58; ALL SOC<div style=""margin-top&#58;0px;margin-bottom&#58;0px;"">Reports -&gt; Manage Export -&gt; (Date Range, Report name from Drop Down and Countries) needs to be selected -&gt; Submit<br></div><br></div></span><br></div></div>",Logistics & Operations,SHIPPING,Agency,,Equipment Mgt,Logistics,Equipment management,HO Logistics Dept,,Industrial Assets,OGU_201699,Logistics & Operations,Ind. Assets - Container Fleet Management,,,Container Fleet Management,Equipment management,False,,GBS - Container Fleet Management Shipping Delivery,"<div class=""ExternalClass84F3A14F59444E92B256F1B720FE41B1""><div style=""font-family&#58;Calibri, Arial, Helvetica, sans-serif;font-size&#58;11pt;color&#58;rgb(0, 0, 0);""><span style=""color&#58;black;"">​<a href=""http&#58;//10.13.44.228/cira_equipment_chn/"">http&#58;//10.13.44.228/cira_equipment_chn/</a></span><br></div></div>",,Yes,
974,,Project Garuda,Project,Service Delivery Export,Project Garuda,Customer Care,Inactive,Delivery,,N,,,,Sales & Customer Care,SHIPPING,Head Office,,Customer Care,"Booking, Doc & FAI",Service Delivery Export,HO GEN Dept,,Business,OGU_201855,Sales & Customer Care,Business - Customer Care,,,Documentation,Project - Documentation,True,,GBS - Customer Care Shipping Delivery,,,No,
975,,Project VCR,Project,Cost control,Project VCR,Finance,Inactive,,Volume Cost analysis a Workflow cum PO like tool to account the booking & approval process which will integrate the details to ERP,N,,,,Finance & Performance,,Head Office,,1. Payables,Procure to Pay,Cost control,HO Cost control Dept,,FINANCE,,Finance & performance,,,,Procure to pay,Project - Cost Control,False,,,,,No,
976,Yes,Project Tradeshift,Project,AP Booking,Project Tradeshift,Finance,Active,Global Support Function,Third party vendor rollout now decommissioned,N,,,,Finance & Performance,SHIPPING,Head Office,,1. Payables,Procure to Pay,Procure to pay,HO Cost control Dept,,Finance,OGU_201655,Finance & performance,Finance,,,Procure to pay,Other Procure to Pay,False,,GBS - Finance Logistics Delivery,,,No,
977,Yes,Project Reporting Unifie,Project,Finance support,Project Reporting Unifie,Finance,Active,Delivery,"Reporting Unified is used as group reporting tool under which OneStream application implemented, which replaces the existing SAFRAN consolidation application. The project team is responsible for smooth implementation of OneStream application and set-up helpdesk.
RU helpdesk team supports globally for all technical and application related issues and queries.",N,,"Reporting Unified is used as group reporting tool under which OneStream application implemented, which replaces the existing SAFRAN consolidation application. The project team is responsible for smooth implementation of OneStream application and set-up helpdesk.
RU helpdesk team supports globally for all technical and application related issues and queries.",,Finance & performance,ALL BUs,Head Office,,3. Accounting,Record to Report,,HO Accounting Dept,,Finance,OGU_201663,Finance & performance,Finance,,,Corporate Projects,Finance Support Project,False,,GBS - Finance Logistics Delivery,,,No,
978,Yes,NONE (L&O),NONE,NONE,NONE (L&O),"Shipping Ops, Log & Interm",Active,Delivery,,N,,,,Logistics & Operations,,NA,,Equipment Mgt,Logistics,,,,Industrial Assets,0,Logistics & Operations,0,,,Container Fleet Management,NONE,False,,0,,,,
979,Yes,NONE (F&A),NONE,NONE,NONE (F&A),Finance,Active,Delivery,,N,,,,Finance & Performance,ALL BUs,NA,,3. Accounting,Record to Report,,HO Accounting Dept,,Finance,OGU_201659,Finance & performance,Finance,,,Record to report,NONE,False,,GBS - Finance Logistics Delivery,,,No,
980,Yes,NONE (S&C),NONE,NONE,NONE (S&C),Customer Care,Active,Delivery,,N,,,,,SHIPPING,NA,,Customer Care,"Booking, Doc & FAI",,HO GEN Dept,,Sales & Customer Care,0,Sales & Customer Care,0,,,Documentation,NONE,False,,0,,,No,
981,,NONE (FM),NONE,NONE,NONE (FM),Ceva Logistics,Inactive,,,N,,,,Freight Management,LOGISTICS,Agency,,,CEVA Process,,HO CEVA GBS Dept,,Freight Management,,Freight Management,,,,CEVA Process,NONE,False,,,,,,
982,,Quality & Certification (IT),IT services,IT Evolution,Quality & Certification (IT),IT Services,Inactive,,,N,,,,,,,,,,,,,IT,,,,,,IT services,,False,,,,,,
983,,Special Projects - Reporting,CEVA process,CEVA process,Special Projects - Reporting,Freight Management,Inactive,,,Y,,,,,LOGISTICS,Agency,,,CEVA process,,HO CEVA GBS Dept,,Freight Management,,Freight Management,,,,CEVA process,CEVA process,False,,,,,,
984,,Special Projects - GM,CEVA process,CEVA process,Special Projects - GM,Freight Management,Inactive,,,Y,,,,,LOGISTICS,Agency,,,CEVA process,,HO CEVA GBS Dept,,Freight Management,,Freight Management,,,,CEVA process,CEVA process,False,,,,,,
985,Not Applicable,NONE (SF),NONE,NONE,NONE (SF),Support Function,Active,Delivery,,N,,,,,ALL BUs,Head Office,,Quality Process,Support function,,,,Other,0,Support Function,0,,,Support Function,NONE,False,,0,,,,
986,Not Applicable,NONE (IT),IT services,NONE,NONE (IT),IT Services,Active,Talent Pool,,N,,,,,SHIPPING,NA,,GBS IT,IT services,,HO IT Dept,,IT,OGU_201817,IT,IT,,,Group Information Technology,NONE,False,,GBS - Information Technology Shipping Delivery,,,No,
987,,Coastal OPS Support,Operations,Cargo Operations,Coastal OPS Support,"Ops, Log, Ils & Legal",Inactive,,,Y,Nb of containers handled,"Consolidate the whole vessel cargo load list and declare to Customs/Terminal/Partner/Ship Manager with stipulated deadline for Coastal cargo.
",,,SHIPPING,Agency,202402,LINES OPERATIONS,Operations,Cargo Operations,HO Operations Dept,,BUSINESS,,Logistics & Operations,,,,Operations,Cargo Operations,False,,,,,Yes,
988,Yes,Project LISA Finance SKU,Project,Lisa Support,Project LISA Finance SKU,Finance,Active,Global Support Function,Super Key user is responsible to monitor and make sure that LISA (SAP) implemented as per project plan,Y,,"Super Key user is responsible to monitor and make sure that LISA (SAP) implemented as per project plan
",,,SHIPPING,Head Office,,3. Accounting,Record to Report,Project - LISA R2R Deployment,HO Accounting Dept,,Finance,OGU_201639,Finance & performance,Finance,,,Corporate Projects,LISA Support Functions Project,False,,GBS - Finance Shipping Delivery,,,No,
989,,DDSM - Dispute Resolution,Commercial Support,Pricing Support,DDSM - Dispute Resolution,Sales & Customer Care,Inactive,,,Y,,,,,,,,,,Pricing Support,HO GEN Dept,,BUSINESS,,Finance & performance,,,,Commercial,Pricing Support,False,,,,,,
990,,E-Commerce API billing,Project,Order to cash,E-Commerce API billing,Sales & Customer Care,Inactive,,,Y,,,,,,,,,,eCommerce Support,HO GEN Dept,,FINANCE,,Finance & performance,,,,Other Customer care,eCommerce Support,False,,,,,,
991,,IMEA Desk Reporting,CEVA process,CEVA process,IMEA Desk Reporting,Ceva Logistics,Inactive,,,Y,,,,,LOGISTICS,Agency,,,CEVA process,,HO CEVA GBS Dept,,Freight Management,,Freight Management,,,,CEVA process,CEVA process,False,,,,,,
992,,Ocean Import DND invoicing,Freight - Ocean,Ocean Imports,Ocean Import DND invoicing,Ceva Logistics,Inactive,,,Y,Per Nb of D&D invoice,,,,LOGISTICS,Agency,,,Freight - Ocean,,HO CEVA GBS Dept,,Freight Management,,Freight Management,,,,Freight - Ocean,Ocean Imports,False,,,,,,
993,,Customer Service,CEVA process,CEVA process,Customer Service,Freight Management,Inactive,,,Y,,,,,LOGISTICS,Agency,202401,,CEVA process,,HO CEVA GBS Dept,,Freight Management,,Freight Management,,,,CEVA process,CEVA process,False,,,,,,
994,,Air Import Rating & Billing,Freight - Air,Air Import,Air Import Rating & Billing,Ceva Logistics,Inactive,,,Y,Per nb of invoices processed in a month,"This process involves preparing of Customer invoice, Invoice audit & delivery for Air product",,,LOGISTICS,Agency,,,Freight - Air,,HO CEVA GBS Dept,,Freight Management,,Freight Management,,,,Freight - Air,Air Import,False,,,,,,
995,,Ocean Import Rating & Billing,Freight - Ocean,Ocean Imports,Ocean Import Rating & Billing,Freight Management,Inactive,,,Y,Per nb of invoice processed in a month,,,,LOGISTICS,Agency,202305,,Freight - Ocean,,HO CEVA GBS Dept,,Freight Management,,Freight Management,,,,Freight - Ocean,Ocean Imports,False,,,,,,
997,,Global Reporting Support,CEVA process,CEVA process,Global Reporting Support,Ceva Logistics,Inactive,,,Y,Per nb of Reports processed in a month,This process involves delivering standard & timely Bosch customer reports,,,LOGISTICS,Agency,,,CEVA process,,HO CEVA GBS Dept,,Freight Management,,Freight Management,,,,CEVA process,CEVA process,False,,,,,,
998,,AP invoices control,CEVA process,CEVA process,AP invoices control,Ceva Logistics,Inactive,,,Y,Per invoice checked,,,,LOGISTICS,Head Office,,,CEVA process,,HO CEVA GBS Dept,,CEVA Finance,,CEVA Finance,,,,CEVA process,CEVA process,False,,,,,Yes,
1000,,Project IAutoBook,Project,Booking,Project IAutoBook,Customer Care,Inactive,Delivery,,Y,,,,,SHIPPING,Head Office,,Customer Care,"Booking, Doc & FAI",Booking,HO GEN Dept,,Business,OGU_201665,Sales & Customer Care,Business - Customer Care,,,Booking,Project - Booking,False,,GBS - Customer Care Shipping Delivery,,,No,
1001,Yes,Project Nova,Project,Service Delivery Export,Project Nova,Customer Care,Active,Delivery,,Y,,,,,SHIPPING,Head Office,,Customer Care,Customer Service,Customer Service,HO GEN Dept,,Business,OGU_201673,Sales & Customer Care,Business - Customer Care,,,Customer service,Customer Service,False,"Due to Customer care HO alignment
PL 2 - From Customer Service Projects to Customer Service",GBS - Customer Care Shipping Delivery,,,No,
1002,,Project IBook SKU support,Project,Project - Booking,Project IBook SKU support,Customer Care,Inactive,Delivery,,Y,,,,,SHIPPING,Head Office,,Customer Care,"Booking, Doc & FAI",Booking,HO GEN Dept,,Business,OGU_201665,Sales & Customer Care,Business - Customer Care,,,Booking,Project - Booking,False,,GBS - Customer Care Shipping Delivery,,,No,
1003,Yes,Project LISA Finance O2C,Project,Lisa Support,Project LISA Finance O2C,Finance,Active,Global Support Function,"The project team is responsible for implementing Group SAP application to CMA CGM entities for O2C
Deployment to SAP in a phased manner post analysing the agency requirements and exceptions, if any",N,,"The project team is responsible for implementing Group SAP application to CMA CGM entities for O2C
Deployment to SAP in a phased manner post analysing the agency requirements and exceptions, if any
",,,SHIPPING,Head Office,,2. Receivables,Order to cash,Project - LISA O2C Deployment,HO Accounting Dept,,Finance,0,Finance & performance,0,,,Order to cash,Project - LISA O2C Deployment,False,,0,,,No,
1004,Yes,LISA Finance O2C,Order to cash,Lisa Support,LISA Finance O2C,Finance,Active,Delivery,The project team is responsible for supporting the implementation of the Group SAP/LISA application to CMA CGM entities for O2C process,Y,,The project team is responsible for supporting the implementation of the Group SAP/LISA application to CMA CGM entities for O2C process,,,SHIPPING,Head Office,,2. Receivables,Order to cash,Project - LISA O2C Deployment,HO Accounting Dept,,Finance,0,Finance & performance,0,,,Order to cash,LISA Finance,False,,0,,,No,
1005,Yes,Project LISA Finance P2P,Project,Lisa Support,Project LISA Finance P2P,Finance,Active,Global Support Function,"The project team is responsible for implementing Group SAP application to CMA CGM entities for P2P
Deployment to SAP in a phased manner post analysing the agency requirements and exceptions, if any",N,,"The project team is responsible for implementing Group SAP application to CMA CGM entities for P2P
Deployment to SAP in a phased manner post analysing the agency requirements and exceptions, if any
",,,SHIPPING,Head Office,,1. Payables,Procure to pay,Project - LISA P2P Deployment,HO Accounting Dept,,Finance,OGU_201655,Finance & performance,Finance,,,Procure to pay,Other Procure to Pay,False,,GBS - Finance Logistics Delivery,,,No,
1006,Yes,LISA Finance P2P,Procure to pay,Lisa Support,LISA Finance P2P,Finance,Active,Delivery,The project team is responsible for supporting the implementation of the Group SAP/LISA application to CMA CGM entities for O2C process,Y,,"The project team is responsible for supporting the implementation of the Group SAP/LISA application to CMA CGM entities for P2P process
",,,SHIPPING,Head Office,,1. Payables,Procure to pay,Project - LISA P2P Deployment,HO Accounting Dept,,Finance,OGU_201655,Finance & performance,Finance,,,Procure to pay,Other Procure to Pay,False,,GBS - Finance Logistics Delivery,,,No,
1007,Yes,LISA Finance R2R,Record to report,Lisa Support,LISA Finance R2R,Finance,Active,Delivery,The project team is responsible for supporting the implementation of the Group SAP/LISA application to CMA CGM entities for O2C process,N,,"The project team is responsible for supporting the implementation of the Group SAP/LISA application to CMA CGM entities for R2R process
",,,SHIPPING,Head Office,,3. Accounting,Record to report,Project - LISA R2R Deployment,HO Accounting Dept,,Finance,OGU_201639,Finance & performance,Finance,,,Corporate Projects,LISA Support Functions Project,False,,GBS - Finance Shipping Delivery,,,No,
1008,Yes,Project LISA Finance R2R,Record to report,Lisa Support,Project LISA Finance R2R,Finance,Active,Global Support Function,"The project team is responsible for implementing Group SAP application to CMA CGM entities for R2R
Deployment to SAP in a phased manner post analysing the agency requirements and exceptions, if any",Y,,"The project team is responsible for implementing Group SAP application to CMA CGM entities for R2R
Deployment to SAP in a phased manner post analysing the agency requirements and exceptions, if any
",,,SHIPPING,Head Office,,3. Accounting,Record to report,Project - LISA R2R Deployment,HO Accounting Dept,,Finance,OGU_201639,Finance & performance,Finance,,,Corporate Projects,LISA Support Functions Project,False,,GBS - Finance Shipping Delivery,,,No,
1009,Yes,NONE (BD & FAI),NONE,NONE,NONE (BD & FAI),Customer Care,Active,Delivery,,N,,,,,SHIPPING,Agency,,Customer Care,"Booking, Doc & FAI",,HO GEN Dept,,Business,0,Sales & Customer Care,0,,,Other Customer care,NONE,False,,0,,,No,
1010,Yes,NONE (CS),NONE,NONE,NONE (CS),Customer Care,Active,Delivery,,N,,,,,SHIPPING,NA,,Customer Care,Customer service,,HO GEN Dept,,Business,OGU_201673,Sales & Customer Care,Business - Customer Care,,,Customer service,Customer Service,False,,GBS - Customer Care Shipping Delivery,,,No,
1011,Yes,NONE (Com),NONE,NONE,NONE (Com),Commercial & Add Value Activities,Active,Delivery,,N,,,,,SHIPPING,,,Line Management,Commercial,,HO LINES DEPT,,Business,0,Lines Management,Business - Commercial,,,Commercial,NONE,False,,GBS - Commercial Shipping Delivery,,,No,
1012,,SOP validation,CEVA process,CEVA process,SOP validation,Ceva Logistics,Inactive,,,Y,,,,,LOGISTICS,Head Office,,,CEVA process,,HO CEVA GBS Dept,,Freight Management,,Freight Management,,,,CEVA process,CEVA process,False,,,,,,
1013,,HO Log support – Traxens and OFAC,Logistics,Equipment management,HO Log support – Traxens and OFAC,"Ops, Log, Ils & Legal",Inactive,,,Y,Nb of Traxens or OFAC units,,,,,Head Office,,EQUIPMENT MGT,,Equipment management,HO Logistics Dept,,INDUSTRIAL ASSETS,,Logistics & Operations,,,,Logistics,Equipment management,False,,,,,,
1014,Yes,SpotOn SVC,Commercial,Service Contracts,SpotOn SVC,Commercial & Add Value Activities,Active,Delivery,AQUA SPOTON Contract filling,Y,Nb of request,Nb of request,,Thomas Cassuto,SHIPPING,Agency,,Line Management,,,HO Lines Dept,,Business,OGU_201693,Lines Management,Business - Commercial,,,Commercial,Service Contracts,False,,GBS - Commercial Shipping Delivery,,,No,
1015,Yes,"NONE (OPS, LOG, HR & IT)",NONE,NONE,"NONE (OPS, LOG, HR & IT)","Shipping Ops, Log & Interm",Active,Delivery,,Y,,,,,SHIPPING,NA,,Equipment Mgt,,,,False,Industrial Assets,0,Logistic & Operation,0,,,Container Fleet Management,NONE,False,,0,,,,
1016,,Air Reporting,Freight - Air,Air Freight Monitoring,Air Reporting,Ceva Logistics,Inactive,,,Y,Nb of reports,,,,LOGISTICS,Agency,,,,,HO CEVA GBS Dept,False,Freight Management,,Freight Management,,,,Freight - Air,Air Freight Monitoring,False,,,,,,
1017,,Ocean Reporting,Freight - Ocean,Ocean reporting,Ocean Reporting,Ceva Logistics,Inactive,,,Y,nb of reports,,,,LOGISTICS,Agency,,,,,HO CEVA GBS Dept,False,Freight Management,,Freight Management,,,,Freight - Ocean,Ocean Reporting,False,,,,,,
1018,Yes,Assistance to GBS HO project Management F&A,Record to report,Assistance to GBS HO Record to Report,Assistance to GBS HO project Management F&A,Finance,Active,Global Support Function,Project Manager employed by GBS  center having a Role for All GBS centers ,N,,,,,SHIPPING,Head Office,,3. Accounting,,Accounting,GBS HO,False,Finance,OGU_201851,Finance & Performance,Finance,,,Transverse Finance,Assistance to GBS HO Record to Report,False,,GBS - Finance Shipping Delivery,,,No,
1019,,Assistance to GBS HO project Management Booking Doc,"Booking , Doc & FAI",Assistance to GBS HO Customer Care,Assistance to GBS HO project Management Booking Doc,Customer Care,Inactive,Global Support Function,,N,,,,,SHIPPING,Head Office,,Customer Care,,,GBS HO,False,Business,OGU_201857,Sales & Customer Care,Business - Customer Care,,,Other Customer care,Assistance to GBS Corporate Customer Care,False,,GBS - Customer Care Shipping Delivery,,,No,
1020,Yes,Assistance to GBS HO project Management Commercial,Commercial Support,Assistance to GBS HO Commercial,Assistance to GBS HO project Management Commercial,Commercial & Add Value Activities,Active,Global Support Function,,N,,,,,SHIPPING,Head Office,,Line Management,Commercial,,GBS HO,False,Business,OGU_201884,Lines Management,Business - Commercial,,,Commercial Support,Assistance to GBS HO Commercial,False,,GBS - Commercial Shipping Delivery,,,No,
1021,Yes,Assistance to GBS HO project Management Operations,Operations,Assistance to GBS HO Operations,Assistance to GBS HO project Management Operations,"Shipping Ops, Log & Interm",Active,Global Support Function,,N,,,,,SHIPPING,Head Office,,Lines Operations,Operations,,GBS HO,False,Business,OGU_201862,Logistics & Operations,Business - Operations,,,Agency Operations,Assistance to GBS HO Operations,False,,GBS - Intermodal and Operations Shipping Delivery,,,No,
1022,,Assistance to HO Logistics - Lisa project management,Logistics,Assistance to HO Logistics - Project Management,Assistance to HO Logistics - Lisa project management,"Ops, Log, Ils & Legal",Inactive,,,Y,,,,,SHIPPING,Head Office,202404,EQUIPMENT MGT,,,HO Logistics,False,INDUSTRIAL ASSETS,,Logistics & Operation,,,,Logistics,Assistance to HO Logistics - Project Management,False,,,,,No,
1023,,Assistance to HO Intermodal - Lisa Project Management,Intermodal,Assistance to HO Intermodal - Project Management,Assistance to HO Intermodal - Lisa Project Management,"Ops, Log, Ils & Legal",Inactive,,,Y,,,,,SHIPPING,Head Office,202404,INTERMODAL,,,HO Intermodal Dept,False,INDUSTRIAL ASSETS,,Logistic & Operation,,,,Intermodal,Assistance to HO Intermodal - Project Management,False,,,,,No,
1024,Yes,Specific Log support - Empty Booking COD and COC,Logistics,Equipment management,Specific Log support - Empty Booking COD and COC,"Shipping Ops, Log & Interm",Active,Delivery,,Y,Nb of Containers with COD update,"Update Change Of Destination (COD) for Empty bookings in LARA Journey Leg and refresh the LARA tracking to reflect the new POD as per the request received from HO Ship Planner/RO/Agency.
Highlighting Agencies with the list of containers which are currently at Empty Loaded On Board (MOE) status without linked to a booking for Empty booking creation from their end.
",,,SHIPPING,Head Office,,Equipment Mgt,,Specific Log support,HO Logistics Dept,False,Industrial Assets,OGU_201699,HO Logistics,Ind. Assets - Container Fleet Management,,,Container Fleet Management,Equipment Management,False,,GBS - Container Fleet Management Shipping Delivery,,,,
1025,,Assistance to Agency,"Booking , Doc & FAI",Assistance to Agency,Assistance to Agency,Customer Care,Inactive,Delivery,,Y,,,,,,Agency,,Customer Care,,Assistance to Agency,HO GEN dept,False,Business,OGU_201680,Sales & Customer Services,Business - Customer Care,,,Other Customer care,Assistance to Agencies,False,,GBS - Customer Care Shipping Delivery,,,,
1026,Yes,VAS process reporting,Add Value Activities,Analytics Market Intel BI,VAS process reporting,Commercial & Add Value Activities,Active,Delivery,,Y,Number of Reports,,,Ludovic Renou,SHIPPING,Head Office or Regional Office,,Line Management,,,GEN Department,False,Business,OGU_201859,Line Management,Business - Commercial,,,Add Value Activities,Analytics Market Intel BI,False,,GBS - Commercial Shipping Delivery,,,No,
1027,,Specific log support - Empty booking Memo BL Creation,Logistics,Equipment management,Specific log support - Empty booking Memo BL Creation,"Ops, Log, Ils & Legal",Inactive,,,Y,Nb of BL,"Create and Printing BL for empty repositioning bookings.
",,,SHIPPING,Agency,,EQUIPMENT MGT,,Specific Log support,HO Logistics Dept,False,INDUSTRIAL ASSETS,,HO Logistics,,,,Logistics,Equipment Management,False,,,,,Yes,
1028,Yes,DDSM invoicing Import (including Storage invoicing),DDSM,DDSM,DDSM invoicing Import (including Storage invoicing),Customer Care,Active,Delivery,Invoicing of Storage in Port Charge along with Detention & demurage,Y,Per nbr of D&D Import invoices issued,Detention & Demurrage charges invoicing based on TBI report,"<div class=""ExternalClass6BDBDD469D454AFD9A7600CF85622C30""><i><b><span style=""color&#58;black;""></span><a href=""https&#58;//c-report.cma-cgm.com/cognos10/cgi-bin/cognos.cgi?b_action=cognosViewer&amp;ui.action=run&amp;ui.object=/content/folder%5b%40name%3d%27USER%20VIEWS%27%5d/folder%5b%40name%3d%27Real-Time%20Shipping%20Reporting%20%28ADDIVA%20Portal%29%27%5d/folder%5b%40name%3d%27-------%20Certified%20reports%20-------%27%5d/folder%5b%40name%3d%27LAEC%20Demurrage%20and%20Detention%27%5d/reportView%5b%40name%3d%27%28D%26D001%29%20To%20Be%20Invoiced%27%5d&amp;ui.name=%28D%26D001%29%20To%20Be%20Invoiced&amp;run.outputFormat=&amp;run.prompt=true"" title=""C-Report"">C-Report</a></b></i></div><div class=""ExternalClass6BDBDD469D454AFD9A7600CF85622C30""><p>Report name&#58; (D&amp;D012) Invoiced already with shipper name<br></p><p><u style=""font-style&#58;inherit;font-weight&#58;inherit;""><br></u></p><p><u style=""font-style&#58;inherit;font-weight&#58;inherit;"">Filters in report&#58;</u><br></p><p>Date&#58; Year- Month of invoice range</p><p>Countries&#58; Select countries</p><p>Department code&#58; based on countries</p><p>Import / Export&#58; based on countries</p><p>Charge type&#58; all</p><p><br></p><p><u>Filters in Extract&#58;</u></p><p>INH Login&#58; respective GBS users</p><p>Invoice type&#58; Invoice</p><p>Invoice num&#58; Unique count</p><p><br></p></div>",Walid Rizk,SHIPPING,Agency,January 2023,Customer Care,,DDSM,HO 	Demurrages & Detentions - Finance Dept,False,Business,OGU_202088,Finance & Performance,Business - Customer Care,,,Service Delivery,DDSM,False,"Due to Customer care HO alignment
PL 1 - DDSM to Service Delivery",GBS - Customer Care Shipping Delivery,"<div class=""ExternalClass50B71E661FEA424AACA544A50E0A3DE7""><div style=""font-family&#58;Calibri, Arial, Helvetica, sans-serif;font-size&#58;11pt;color&#58;rgb(0, 0, 0);""><span style=""color&#58;black;""><a title=""CIRA""><span style=""color&#58;black;""><i>​</i></span></a></span><i style=""color&#58;rgb(5, 99, 193);font-family&#58;Calibri, sans-serif;font-size&#58;11pt;font-weight&#58;inherit;""><a href=""https&#58;//c-report.cma-cgm.com/cognos10/cgi-bin/cognos.cgi?b_action=cognosViewer&amp;ui.action=run&amp;ui.object=/content/folder%5b%40name%3d%27USER%20VIEWS%27%5d/folder%5b%40name%3d%27Real-Time%20Shipping%20Reporting%20%28ADDIVA%20Portal%29%27%5d/folder%5b%40name%3d%27-------%20Certified%20reports%20-------%27%5d/folder%5b%40name%3d%27LAEC%20Demurrage%20and%20Detention%27%5d/reportView%5b%40name%3d%27%28D%26D001%29%20To%20Be%20Invoiced%27%5d&amp;ui.name=%28D%26D001%29%20To%20Be%20Invoiced&amp;run.outputFormat=&amp;run.prompt=true"" title=""C-Report"">C-Report</a></i></div><div style=""font-family&#58;Calibri, Arial, Helvetica, sans-serif;font-size&#58;11pt;color&#58;rgb(0, 0, 0);""><span style=""color&#58;black;""><div style=""margin-top&#58;0px;margin-bottom&#58;0px;""><span style=""font-size&#58;11.0pt;font-family&#58;&quot;Calibri&quot;,sans-serif;color&#58;#0563C1;""><i><a href=""https&#58;//c-report.cma-cgm.com/cognos10/cgi-bin/cognos.cgi?m_folder=i4B9AA178BA3B41199DAE10BBB8650DB6&amp;m_tab=i5E874058947843C6AA78AF06D375A482&amp;b_action=xts.run&amp;encoding=UTF-8&amp;m=portal/cc.xts&amp;m_folder2=m-""><p></p></a></i></span></div></span><br></div></div>",Top Budget,,
1029,Yes,DDSM invoicing Export (including Storage invoicing),DDSM,DDSM,DDSM invoicing Export (including Storage invoicing),Customer Care,Active,Delivery,Invoicing of Storage in Port Charge along with Detention & demurage,Y,Per nbr of D&D Export invoices issued,Detention & Demurrage charges invoicing based on TBI report,"<div class=""ExternalClass6BDBDD469D454AFD9A7600CF85622C30""><i><b><span style=""color&#58;black;""></span><a href=""https&#58;//c-report.cma-cgm.com/cognos10/cgi-bin/cognos.cgi?b_action=cognosViewer&amp;ui.action=run&amp;ui.object=/content/folder%5b%40name%3d%27USER%20VIEWS%27%5d/folder%5b%40name%3d%27Real-Time%20Shipping%20Reporting%20%28ADDIVA%20Portal%29%27%5d/folder%5b%40name%3d%27-------%20Certified%20reports%20-------%27%5d/folder%5b%40name%3d%27LAEC%20Demurrage%20and%20Detention%27%5d/reportView%5b%40name%3d%27%28D%26D001%29%20To%20Be%20Invoiced%27%5d&amp;ui.name=%28D%26D001%29%20To%20Be%20Invoiced&amp;run.outputFormat=&amp;run.prompt=true"" title=""C-Report"">C-Report</a></b></i></div><div class=""ExternalClass6BDBDD469D454AFD9A7600CF85622C30""><p>Report name&#58; (D&amp;D012) Invoiced already with shipper name<br></p><p><u style=""font-style&#58;inherit;font-weight&#58;inherit;""><br></u></p><p><u style=""font-style&#58;inherit;font-weight&#58;inherit;"">Filters in report&#58;</u><br></p><p>Date&#58; Year- Month of invoice range</p><p>Countries&#58; Select countries</p><p>Department code&#58; based on countries</p><p>Import / Export&#58; based on countries</p><p>Charge type&#58; all</p><p><br></p><p><u>Filters in Extract&#58;</u></p><p>INH Login&#58; respective GBS users</p><p>Invoice type&#58; Invoice</p><p>Invoice num&#58; Unique count</p><p><br></p></div>",Walid Rizk,SHIPPING,Agency,January 2023,Customer Care,,DDSM,HO 	Demurrages & Detentions - Finance Dept,False,Business,OGU_202088,Finance & Performance,Business - Customer Care,,,Service Delivery,DDSM,False,"Due to Customer care HO alignment
PL 1 - DDSM to Service Delivery",GBS - Customer Care Shipping Delivery,"<div class=""ExternalClass50B71E661FEA424AACA544A50E0A3DE7""><div style=""font-family&#58;Calibri, Arial, Helvetica, sans-serif;font-size&#58;11pt;color&#58;rgb(0, 0, 0);""><span style=""color&#58;black;""><a title=""CIRA""><span style=""color&#58;black;""><i>​</i></span></a></span><i style=""color&#58;rgb(5, 99, 193);font-family&#58;Calibri, sans-serif;font-size&#58;11pt;font-weight&#58;inherit;""><a href=""https&#58;//c-report.cma-cgm.com/cognos10/cgi-bin/cognos.cgi?b_action=cognosViewer&amp;ui.action=run&amp;ui.object=/content/folder%5b%40name%3d%27USER%20VIEWS%27%5d/folder%5b%40name%3d%27Real-Time%20Shipping%20Reporting%20%28ADDIVA%20Portal%29%27%5d/folder%5b%40name%3d%27-------%20Certified%20reports%20-------%27%5d/folder%5b%40name%3d%27LAEC%20Demurrage%20and%20Detention%27%5d/reportView%5b%40name%3d%27%28D%26D001%29%20To%20Be%20Invoiced%27%5d&amp;ui.name=%28D%26D001%29%20To%20Be%20Invoiced&amp;run.outputFormat=&amp;run.prompt=true"" title=""C-Report"">C-Report</a></i></div><div style=""font-family&#58;Calibri, Arial, Helvetica, sans-serif;font-size&#58;11pt;color&#58;rgb(0, 0, 0);""><span style=""color&#58;black;""><div style=""margin-top&#58;0px;margin-bottom&#58;0px;""><span style=""font-size&#58;11.0pt;font-family&#58;&quot;Calibri&quot;,sans-serif;color&#58;#0563C1;""><i><a href=""https&#58;//c-report.cma-cgm.com/cognos10/cgi-bin/cognos.cgi?m_folder=i4B9AA178BA3B41199DAE10BBB8650DB6&amp;m_tab=i5E874058947843C6AA78AF06D375A482&amp;b_action=xts.run&amp;encoding=UTF-8&amp;m=portal/cc.xts&amp;m_folder2=m-""><p></p></a></i></span></div></span><br></div></div>",Top Budget,,
1030,Yes,Finance Control,Record to report,Finance support,Finance Control,Finance,Active,Delivery,Reviewing and approving the Financial statement submitted through Group consolidation application. ,Y,Nb of consolidated packages review,"Reviewing and approving the Financial statement submitted through Group consolidation application. 
",,,SHIPPING,Head Office,31/01/23,3. Accounting,,Finance support,HO Financial Control Dept,False,Finance,OGU_201660,HO Finance,Finance,,,Record to report,Country Management and Financial Control ,False,,GBS - Finance Logistics Delivery,,,No,
1032,Yes,Carrier Accounting Manager,Record to report,Finance support,Carrier Accounting Manager,Finance,Active,Delivery,"Country Manager is responsible for co-ordinating the relationship between Carrier, Agency and GBS. Added to that CAM validate the month end close activity of Carrier's books.",N,None FTE based,"Coordinate the relationship between Carrier, Agency and GBS. Validate the month end close activity of Carrier's books.",,,SHIPPING,Head Office,,3. Accounting,,Finance support,HO Accounting Dept,False,Finance,OGU_201659,Finance & Performance,Finance,,,Record to report,Other Record to Report,False,,GBS - Finance Logistics Delivery,,,No,
1033,,Specific Log support - Freight Order Creation,Logistics,Equipment management,Specific Log support - Freight Order Creation,"Ops, Log, Ils & Legal",Inactive,,,Y,Per booking,"Create Freight Order for empty repositioning bookings.
",,,SHIPPING,Agency,,EQUIPMENT MGT,,Specific Log support,HO Logistics Dept,False,INDUSTRIAL ASSETS,,HO Logistics,,,,Logistics,Equipment Management,False,,,,,Yes,
1035,,Auto rating setup & management,CEVA process,CEVA process,Auto rating setup & management,Freight Management,Inactive,,,Y,Nb of charge setup completed for auto rating,Auto rating setup & management is a process where in GBS team uploads and maintains charges for customer invoicing or Carrier Accruals,,,LOGISTICS,Agency,,,CEVA process,,HO CEVA GBS Dept,False,Freight Management,,Freight Management,,,,CEVA process,CEVA process,False,,,,,,
1036,,Brokerage Reporting,CEVA process,CEVA process,Brokerage Reporting,Ceva Logistics,Inactive,,,Y,Nb of reports processed in a month,"Creating & deliverying reports for Brokerage process. These are spread acriss daily, weekly & Monthly reports",,HO Ceva,LOGISTICS,Agency,,,CEVA process,,HO CEVA GBS Dept,False,Freight Management,,Freight Management,,,,CEVA process,CEVA process,False,,,,,,
1037,,SpotOn - Pricing Support,Commercial Support,Pricing Admin Activities Support,SpotOn - Pricing Support,Commercial & Add Value Activities,Inactive,,To validate whether the customer is registered with FMC to allow them place bookings through SPOTON,Y,Nb of requests,,,Sales & Customer Care,SHIPPING,Agency,,LINE MANAGEMENT,,Pricing Admin Activities,GEN Department,False,BUSINESS,,Lines Management,,,,Commercial Support,Pricing Admin Activities Support,False,,,,,,
1038,,Corporate Social Responsibility reporting,Master data management,RSE Master Data Mgt,Corporate Social Responsibility reporting,"Ops, Log, Ils & Legal",Inactive,,,N,Number of reports,Number reports as contribution to response to tender.,,Raphael Giganti,,Head Office,,RSE,CSR (RSE),,CSR ( RSE),False,DGD,,,,,,Master data management,RSE Master Data Mgt,False,,,,,,
1039,Not Applicable,Cargo Release - Finance Validation,Order to cash,Collections,Cargo Release - Finance Validation,Finance,Active,Delivery,Check if the payment is received (bank or accounting system) from cash customers. Return confirmation to Agency/Customer in order to allow container/document release,Y,Per nb of BL,Check if the payment is received (bank or accounting system) from cash customers. Return confirmation to Agency/Customer in order to allow container/document release,,HO Accounting dpt,SHIPPING,Agency,,2. Receivables,Finance & Accounting,,HO Finance,False,Finance,OGU_201643,Finance & Accounting,Finance,,,Order to cash,Collections,False,,GBS - Finance Logistics Delivery,,,Yes,
1040,,Addhoc Reports,CEVA process,CEVA process,Addhoc Reports,Finance,Inactive,,,Y,,,,,LOGISTICS,Agency,,,CEVA process,,HO CEVA GBS Dept,False,CEVA Finance,,CEVA Finance,,,,CEVA process,CEVA process,False,,,,,No,
1041,,BD scorecards,CEVA process,Business Development,BD scorecards,Freight Management,Inactive,,,Y,,,,,LOGISTICS,,,,CEVA process,,HO CEVA GBS Dept,False,Freight Management,,Freight Management,,,,CEVA process,Business development,False,,,,,,
1042,,BoB Finalisation,CEVA process,Business Development,BoB Finalisation,Freight Management,Inactive,,,Y,,,,,LOGISTICS,,,,CEVA process,,HO CEVA GBS Dept,False,Freight Management,,Freight Management,,,,CEVA process,Business development,False,,,,,,
1043,,Book of Business - Actuals,CEVA process,Business Development,Book of Business - Actuals,Freight Management,Inactive,,,Y,,,,,LOGISTICS,,,,CEVA process,,HO CEVA GBS Dept,False,Freight Management,,Freight Management,,,,CEVA process,Business development,False,,,,,,
1044,,Book of Business - Volume,CEVA process,Business Development,Book of Business - Volume,Freight Management,Inactive,,,Y,,,,,LOGISTICS,,,,CEVA process,,HO CEVA GBS Dept,False,Freight Management,,Freight Management,,,,CEVA process,Business development,False,,,,,,
1045,,Budgeting exercise - Individual performance reports,CEVA process,Business Development,Budgeting exercise - Individual performance reports,Freight Management,Inactive,,,Y,,,,,LOGISTICS,,,,CEVA process,,HO CEVA GBS Dept,False,Freight Management,,Freight Management,,,,CEVA process,Business development,False,,,,,,
1046,,Cargowise username creation,CEVA process,CEVA process,Cargowise username creation,Finance,Inactive,,,Y,,,,,LOGISTICS,,,,CEVA process,,HO CEVA GBS Dept,False,CEVA Finance,,CEVA Finance,,,,CEVA process,CEVA process,False,,,,,No,
1047,,Commission for BD's,CEVA process,Business Development,Commission for BD's,Freight Management,Inactive,,,Y,,,,,LOGISTICS,,,,CEVA process,,HO CEVA GBS Dept,False,Freight Management,,Freight Management,,,,CEVA process,Business development,False,,,,,,
1048,,Country wise - Weekly /Monthly Deck,CEVA process,Business Development,Country wise - Weekly /Monthly Deck,Freight Management,Inactive,,,Y,,,,,LOGISTICS,,,,CEVA process,,HO CEVA GBS Dept,False,Freight Management,,Freight Management,,,,CEVA process,Business development,False,,,,,,
1049,,C-view BD Activities report,CEVA process,Business Development,C-view BD Activities report,Freight Management,Inactive,,,Y,,,,,LOGISTICS,,202308,,CEVA process,,HO CEVA GBS Dept,False,Freight Management,,Freight Management,,,,CEVA process,Business development,False,,,,,,
1050,,C-view Expired opportunity report,CEVA process,Business Development,C-view Expired opportunity report,Freight Management,Inactive,,,Y,,,,,LOGISTICS,,202308,,CEVA process,,HO CEVA GBS Dept,False,Freight Management,,Freight Management,,,,CEVA process,Business development,False,,,,,,
1051,,C-view pipeline report,CEVA process,Business Development,C-view pipeline report,Freight Management,Inactive,,,Y,,,,,LOGISTICS,,202308,,CEVA process,,HO CEVA GBS Dept,False,Freight Management,,Freight Management,,,,CEVA process,Business development,False,,,,,,
1052,,Cview top wins - Business description,CEVA process,Business Development,Cview top wins - Business description,Freight Management,Inactive,,,Y,,,,,LOGISTICS,,"202308
",,CEVA process,,HO CEVA GBS Dept,False,Freight Management,,Freight Management,,,,CEVA process,Business development,False,,,,,,
1053,,Dashboard report - Weekly,CEVA process,Business Development,Dashboard report - Weekly,Freight Management,Inactive,,,Y,,,,,LOGISTICS,,202308,,CEVA process,,HO CEVA GBS Dept,False,Freight Management,,Freight Management,,,,CEVA process,Business development,False,,,,,,
1054,,KPI Dashboard,CEVA process,Business Development,KPI Dashboard,Freight Management,Inactive,,,Y,,,,,LOGISTICS,,202308,,CEVA process,,HO CEVA GBS Dept,False,Freight Management,,Freight Management,,,,CEVA process,Business development,False,,,,,,
1055,,MEA Dashboard,CEVA process,Business Development,MEA Dashboard,Freight Management,Inactive,,,Y,,,,,LOGISTICS,,202308,,CEVA process,,HO CEVA GBS Dept,False,Freight Management,,Freight Management,,,,CEVA process,Business development,False,,,,,,
1056,,MEA News Headline Weekly,CEVA process,Business Development,MEA News Headline Weekly,Freight Management,Inactive,,,Y,,,,,LOGISTICS,,202308,,CEVA process,,HO CEVA GBS Dept,False,Freight Management,,Freight Management,,,,CEVA process,Business development,False,,,,,,
1065,,MEA Weekly/Monthly Deck,CEVA process,Business Development,MEA Weekly/Monthly Deck,Freight Management,Inactive,,,Y,,,,,LOGISTICS,,,,,,HO CEVA GBS Dept,False,Freight Management,,Freight Management,,,,CEVA process,Business development,False,,,,,,
1067,,Preparation of Oman and UAE Business slides on monthly basis.,CEVA process,Business Development,Preparation of Oman and UAE Business slides on monthly basis.,Freight Management,Inactive,,,Y,,,,,LOGISTICS,,202308,,,,HO CEVA GBS Dept,False,Freight Management,,,,,,CEVA process,Business development,False,,,,,,
1068,,ROI - Actuals,CEVA process,Business Development,ROI - Actuals,Freight Management,Inactive,,,Y,,,,,LOGISTICS,,202308,,CEVA process,,HO CEVA GBS Dept,False,Freight Management,,Freight Management,,,,CEVA process,Business development,False,,,,,,
1069,,"Segments , Accounts monitoring & Addhoc Reporting",CEVA process,Business Development,"Segments , Accounts monitoring & Addhoc Reporting",Freight Management,Inactive,,,Y,,,,,LOGISTICS,,202308,,,,HO CEVA GBS Dept,False,Freight Management,,Freight Management,,,,CEVA process,Business development,False,,,,,,
1070,,Subregion wise - Monthly Deck,CEVA process,Business Development,Subregion wise - Monthly Deck,Freight Management,Inactive,,,Y,,,,,LOGISTICS,,202308,,CEVA process,,HO CEVA GBS Dept,False,Freight Management,,Freight Management,,,,CEVA process,Business development,False,,,,,,
1072,,Customer Master Data,CEVA process,CEVA process,Customer Master Data,Finance,Inactive,,,Y,,,,,LOGISTICS,Agency,,,,,HO CEVA GBS Dept,False,CEVA Finance,,CEVA Finance,,,,CEVA process,CEVA process,False,,,,,Yes,
1074,,Cargowise GR & NR Reports,CEVA process,CEVA process,Cargowise GR & NR Reports,Finance,Inactive,,,Y,,,,,LOGISTICS,,,,,,HO CEVA GBS Dept,False,CEVA Finance,,CEVA Finance,,,,CEVA process,CEVA process,False,,,,,No,
1075,,Cargowise WIP & Accural Reports,CEVA process,CEVA process,Cargowise WIP & Accural Reports,Freight Management,Inactive,,,Y,,,,,LOGISTICS,,,,CEVA process,,HO CEVA GBS Dept,False,CEVA Finance,,CEVA Finance,,,,CEVA process,CEVA process,False,,,,,,
1076,,HO - PO Invoice matching,CEVA process,CEVA process,HO - PO Invoice matching,Finance,Inactive,,,Y,,,,,LOGISTICS,,,,CEVA process,,HO CEVA GBS Dept,False,CEVA Finance,,CEVA Finance,,,,CEVA process,CEVA process,False,,,,,No,
1077,,JDE Month End Closing/One Stream Closing,CEVA process,CEVA process,JDE Month End Closing/One Stream Closing,Finance,Inactive,,,Y,,,,,LOGISTICS,Agency,,,CEVA process,,HO CEVA GBS Dept,False,CEVA Finance,,CEVA Finance,,,,CEVA process,CEVA process,False,,,,,,
1078,,Adhoc Support,CEVA process,CEVA process,Adhoc Support,Finance,Inactive,,,Y,,,,,LOGISTICS,Agency,,,CEVA process,,HO CEVA GBS Dept,False,CEVA Finance,,CEVA Finance,,,,CEVA process,CEVA process,False,,,,,No,
1079,,Audit Support,CEVA process,CEVA process,Audit Support,Finance,Inactive,,,Y,,,,,LOGISTICS,,,,CEVA process,,HO CEVA GBS Dept,False,CEVA Finance,,CEVA Finance,,,,CEVA process,CEVA process,False,,,,,No,
1080,,Budget,CEVA process,CEVA process,Budget,Finance,Inactive,,,Y,,,,,LOGISTICS,,,,CEVA process,,HO CEVA GBS Dept,False,CEVA Finance,,CEVA Finance,,,,CEVA process,CEVA process,False,,,,,No,
1081,,Estimate,CEVA process,CEVA process,Estimate,Finance,Inactive,,,Y,,,,,LOGISTICS,,,,CEVA process,,HO CEVA GBS Dept,False,CEVA Finance,,CEVA Finance,,,,CEVA process,CEVA process,False,,,,,,
1082,,Flash Reporting,CEVA process,CEVA process,Flash Reporting,Finance,Inactive,,,Y,,,,,LOGISTICS,,,,CEVA process,,HO CEVA GBS Dept,False,CEVA Finance,,CEVA Finance,,,,CEVA process,CEVA process,False,,,,,Yes,
1083,,Flux Analysis,CEVA process,CEVA process,Flux Analysis,Freight Management,Inactive,,,Y,,,,,LOGISTICS,,,,CEVA process,,HO CEVA GBS Dept,False,CEVA Finance,,CEVA Finance,,,,CEVA process,CEVA process,False,,,,,,
1084,,GL vs. SL Reconcilation,CEVA process,CEVA process,GL vs. SL Reconcilation,Finance,Inactive,,,Y,,,,,LOGISTICS,,,,CEVA process,,HO CEVA GBS Dept,False,CEVA Finance,,CEVA Finance,,,,CEVA process,CEVA process,False,,,,,No,
1085,Yes,IFRS Anaplan Management,Record to report,Record to report,IFRS Anaplan Management,Finance,Active,Delivery,,Y,,,,,ALL BUs,Agency,,3. Accounting,CEVA process,,HO CEVA GBS Dept,False,Finance,OGU_201659,CEVA Finance,Finance,,,Record to report,Other Record to Report,False,,GBS - Finance Logistics Delivery,,,No,
1086,,Outlook,CEVA process,CEVA process,Outlook,Finance,Inactive,,,Y,,,,,LOGISTICS,,,,CEVA process,,HO CEVA GBS Dept,False,CEVA Finance,,CEVA Finance,,,,CEVA process,CEVA process,False,,,,,No,
1088,,Statistics & Volume,CEVA process,CEVA process,Statistics & Volume,Finance,Inactive,,,Y,,,,,LOGISTICS,,,,CEVA process,,HO CEVA GBS Dept,False,CEVA Finance,,CEVA Finance,,,,CEVA process,CEVA process,False,,,,,No,
1089,,Tax Reporting,CEVA process,CEVA process,Tax Reporting,Finance,Inactive,,,Y,,,,,LOGISTICS,,,,CEVA process,,HO CEVA GBS Dept,False,CEVA Finance,,CEVA Finance,,,,CEVA process,CEVA process,False,,,,,No,
1090,,TB Manual upload,CEVA process,CEVA process,TB Manual upload,Freight Management,Inactive,,,Y,,,,,LOGISTICS,,,,CEVA process,,HO CEVA GBS Dept,False,CEVA Finance,,CEVA Finance,,,,CEVA process,CEVA process,False,,,,,,
1091,,Ticketing Support,CEVA process,CEVA process,Ticketing Support,Finance,Inactive,,,Y,,,,,LOGISTICS,,,,CEVA process,,HO CEVA GBS Dept,False,CEVA Finance,,CEVA Finance,,,,CEVA process,CEVA process,False,,,,,,
1092,,"Trend analysis-BS, Profit & Loss",CEVA process,CEVA process,"Trend analysis-BS, Profit & Loss",Finance,Inactive,,,Y,,,,,LOGISTICS,,,,CEVA process,,HO CEVA GBS Dept,False,CEVA Finance,,CEVA Finance,,,,CEVA process,CEVA process,False,,,,,No,
1093,,Leading RFQ's when required for MEA,CEVA process,Tender Management,Leading RFQ's when required for MEA,Freight Management,Inactive,,,Y,,,,,LOGISTICS,,202308,,CEVA process,,HO CEVA GBS Dept,False,Freight Management,,Freight Management,,,,CEVA process,Tender Management,False,,,,,,
1094,,Maintain DL and contact database for africa 3rd party network partners,CEVA process,Tender Management,Maintain DL and contact database for africa 3rd party network partners,Freight Management,Inactive,,,Y,,,,,LOGISTICS,,"202308
",,CEVA process,,HO CEVA GBS Dept,False,Freight Management,,Freight Management,,,,CEVA process,Tender Management,False,,,,,,
1095,,Maintaining weekly pipeline Tracker,CEVA process,Tender Management,Maintaining weekly pipeline Tracker,Freight Management,Inactive,,,Y,,,,,LOGISTICS,,202308,,CEVA process,,HO CEVA GBS Dept,False,Freight Management,,Freight Management,,,,CEVA process,Tender Management,False,,,,,,
1096,,performing additional tasks assigned,CEVA process,Tender Management,performing additional tasks assigned,Freight Management,Inactive,,,Y,,,,,LOGISTICS,,202308,,CEVA process,,HO CEVA GBS Dept,False,Freight Management,,Freight Management,,,,CEVA process,Tender Management,False,,,,,,
1097,,Providing feedback to quoting parties,CEVA process,Tender Management,Providing feedback to quoting parties,Freight Management,Inactive,,,Y,,,,,LOGISTICS,,202308,,CEVA process,,HO CEVA GBS Dept,False,Freight Management,,Freight Management,,,,CEVA process,Tender Management,False,,,,,,
1098,,Supporting Regional RFQ's for MEA,CEVA process,Tender Management,Supporting Regional RFQ's for MEA,Freight Management,Inactive,,,Y,,,,,LOGISTICS,,202309,,CEVA process,,HO CEVA GBS Dept,False,Freight Management,,Freight Management,,,,CEVA process,Tender Management,False,,,,,,
1099,,Supporting Strategic RFQ's FOR MEA,CEVA process,Tender Management,Supporting Strategic RFQ's FOR MEA,Freight Management,Inactive,,,Y,,,,,LOGISTICS,,202309,,CEVA process,,HO CEVA GBS Dept,False,Freight Management,,Freight Management,,,,CEVA process,Tender Management,False,,,,,,
1100,Yes,Business Development,CEVA process,CEVA process,Business Development,Ceva Logistics,Active,Delivery,,Y,,,,Air & Ocean,LOGISTICS,Agency,,Operations,CEVA process,,HO CEVA GBS Dept,False,Air & Ocean,0,,0,,,Air and Ocean,Business development,False,,0,,,No,
1101,,Order to Cash / Receivable - Transition,CEVA process,CEVA process,Order to Cash / Receivable - Transition,Finance,Inactive,,,Y,,,,,LOGISTICS,Head Office,,,CEVA process,,HO CEVA GBS Dept,False,CEVA Finance,,CEVA Finance,,,,CEVA process,CEVA process,False,,,,,No,
1102,,Procure to Pay / Payable - Transition,CEVA process,CEVA process,Procure to Pay / Payable - Transition,Finance,Inactive,,,Y,,,,,LOGISTICS,Head Office,,,CEVA process,,HO CEVA GBS Dept,False,CEVA Finance,,CEVA Finance,,,,CEVA process,CEVA process,False,,,,,No,
1103,,Record to Report - Transition,CEVA process,CEVA process,Record to Report - Transition,Finance,Inactive,,,Y,,,,,LOGISTICS,Head Office,,,CEVA process,,HO CEVA GBS Dept,False,CEVA Finance,,CEVA Finance,,,,CEVA process,CEVA process,False,,,,,No,
1104,,Tender & Pricing - Transition,CEVA process,Tender Management,Tender & Pricing - Transition,Ceva Logistics,Inactive,,,Y,,,,,LOGISTICS,,,,CEVA process,,HO CEVA GBS Dept,False,Freight Management,,Freight Management,,,,CEVA process,Tender Management,False,,,,,,
1105,,Procurement - Transition,CEVA process,CEVA process,Procurement - Transition,Ceva Logistics,Inactive,,,Y,,,,,LOGISTICS,Head Office,,,CEVA process,,HO CEVA GBS Dept,False,CEVA Finance,,CEVA Finance,,,,CEVA process,CEVA process,False,,,,,No,
1106,,PO - Open/close followup,CEVA process,CEVA process,PO - Open/close followup,Finance,Inactive,,,Y,,,,,LOGISTICS,Agency,,,CEVA process,,HO CEVA GBS Dept,False,CEVA Finance,,CEVA Finance,,,,CEVA process,CEVA process,False,,,,,No,
1107,,Query Management,CEVA process,CEVA process,Query Management,Freight Management,Inactive,,,Y,,,,,LOGISTICS,,,,CEVA process,,HO CEVA GBS Dept,False,CEVA Finance,,CEVA Finance,,,,CEVA process,CEVA process,False,,,,,,
1108,,Supplier Invoices & followup,CEVA process,CEVA process,Supplier Invoices & followup,Freight Management,Inactive,,,Y,,,,,LOGISTICS,Agency,,,CEVA process,,HO CEVA GBS Dept,False,CEVA Finance,,CEVA Finance,,,,CEVA process,CEVA process,False,,,,,,
1109,,Blanket PO,CEVA process,CEVA process,Blanket PO,Finance,Inactive,,,Y,,,,,LOGISTICS,,,,CEVA process,,HO CEVA GBS Dept,False,CEVA Finance,,CEVA Finance,,,,CEVA process,CEVA process,False,,,,,,
1110,,MHE Fleet List Management,CEVA process,CEVA process,MHE Fleet List Management,Freight Management,Inactive,,,Y,,,,,LOGISTICS,,,,CEVA process,,HO CEVA GBS Dept,False,CEVA Finance,,CEVA Finance,,,,CEVA process,CEVA process,False,,,,,,
1111,,PO Reconciliation,CEVA process,CEVA process,PO Reconciliation,Finance,Inactive,,,Y,,,,,LOGISTICS,,,,CEVA process,,HO CEVA GBS Dept,False,CEVA Finance,,CEVA Finance,,,,CEVA process,CEVA process,False,,,,,,
1112,,Reports,CEVA process,CEVA process,Reports,Finance,Inactive,,,Y,,,,,LOGISTICS,Agency,,,CEVA process,,HO CEVA GBS Dept,False,CEVA Finance,,CEVA Finance,,,,CEVA process,CEVA process,False,,,,,No,
1113,,Vendor on boarding,CEVA process,CEVA process,Vendor on boarding,Freight Management,Inactive,,,Y,,,,,LOGISTICS,,,,CEVA process,,HO CEVA GBS Dept,False,CEVA Finance,,CEVA Finance,,,,CEVA process,CEVA process,False,,,,,,
1114,,Helpdesk,CEVA process,CEVA process,Helpdesk,Freight Management,Inactive,,,Y,,,,,LOGISTICS,,,,CEVA process,,HO CEVA GBS Dept,False,CEVA Finance,,CEVA Finance,,,,CEVA process,CEVA process,False,,,,,,
1115,,Outstanding payment and Supplier's SOA,CEVA process,CEVA process,Outstanding payment and Supplier's SOA,Finance,Inactive,,,Y,,,,,LOGISTICS,Agency,,,CEVA process,,HO CEVA GBS Dept,False,CEVA Finance,,CEVA Finance,,,,CEVA process,CEVA process,False,,,,,No,
1116,,VMD Masterdata Review,CEVA process,CEVA process,VMD Masterdata Review,Freight Management,Inactive,,,Y,,,,,LOGISTICS,,,,CEVA process,,HO CEVA GBS Dept,False,CEVA Finance,,CEVA Finance,,,,CEVA process,CEVA process,False,,,,,,
1117,,PACT Record Maintenance,CEVA process,CEVA process,PACT Record Maintenance,Freight Management,Inactive,,,Y,,,,,LOGISTICS,,,,CEVA process,,HO CEVA GBS Dept,False,CEVA Finance,,CEVA Finance,,,,CEVA process,CEVA process,False,,,,,,
1118,,Monitoring Supplier Status,CEVA process,CEVA process,Monitoring Supplier Status,Freight Management,Inactive,,,Y,,,,,LOGISTICS,,,,CEVA process,,HO CEVA GBS Dept,False,CEVA Finance,,CEVA Finance,,,,CEVA process,CEVA process,False,,,,,,
1120,,HO Finance project,CEVA process,CEVA process,HO Finance project,Finance,Inactive,,,Y,,,,,LOGISTICS,,,,,,HO CEVA GBS Dept,False,CEVA Finance,,CEVA Finance,,,,CEVA process,CEVA process,False,,,,,,
1121,,HO Lisa Support,CEVA process,CEVA process,HO Lisa Support,Freight Management,Inactive,,,Y,,,,,LOGISTICS,,,,,,HO CEVA GBS Dept,False,CEVA Finance,,CEVA Finance,,,,CEVA process,CEVA process,False,,,,,,
1122,,AR - Aqua Invoicing,CEVA process,CEVA process,AR - Aqua Invoicing,Finance,Inactive,,,Y,,,,,LOGISTICS,,,,,,HO CEVA GBS Dept,False,CEVA Finance,,CEVA Finance,,,,CEVA process,CEVA process,False,,,,,,
1123,,AR - Reports,CEVA process,CEVA process,AR - Reports,Finance,Inactive,,,Y,,,,,LOGISTICS,Agency,,,,,HO CEVA GBS Dept,False,CEVA Finance,,CEVA Finance,,,,CEVA process,CEVA process,False,,,,,Yes,
1124,,AP Reconciliation,CEVA process,CEVA process,AP Reconciliation,Finance,Inactive,,,Y,,,,,LOGISTICS,,,1. Payables,Procure to pay,,HO CEVA GBS Dept,False,CEVA Finance,,CEVA Finance,,,,CEVA process,CEVA process,False,,,,,No,
1125,,Management Reports,CEVA process,CEVA process,Management Reports,Freight Management,Inactive,,,Y,,,,HO Ceva,LOGISTICS,Agency,202308,,,,HO CEVA GBS Dept,False,Freight Management,,Freight Management,,,,CEVA process,CEVA process,False,,,,,,
1126,,ICAP,CEVA process,CEVA process,ICAP,Finance,Inactive,,,Y,,,,HO Ceva,LOGISTICS,Agency,,,,,HO CEVA GBS Dept,False,CEVA Finance,,CEVA Finance,,,,CEVA process,CEVA process,False,,,,,No,
1127,,NTBU - Yemen Compliance process,Documentation,HO Documentation,NTBU - Yemen Compliance process,Customer Care,Inactive,,GBSI ECO Sanction team validates the compliance booking form request received from Bookings team for Yemen Export & Imports.,Y,Per Request,,,,SHIPPING,Head Office,24/07/23,Customer Care,,HO Documentation,HO Documentation Dept,False,Business,,Sales & Customer Care,,,,Documentation,HO Documentation,False,"PL3 Moved to Legal Domain, New PL3 will be created in Legal, hence this Ref getting Inactive",,,,,
1129,,Adhoc & Ticketing Support,CEVA process,CEVA process,Adhoc & Ticketing Support,Finance,Inactive,,,Y,,,,,LOGISTICS,Agency,,,,,HO CEVA GBS Dept,False,CEVA Finance,,CEVA Finance,,,,CEVA process,CEVA process,False,,,,,Yes,
1130,,Adhoc Task,CEVA process,Tender Management,Adhoc Task,Freight Management,Inactive,,,Y,,,,,LOGISTICS,Agency,,,,,HO CEVA GBS Dept,False,Freight Management,,CEVA Finance,,,,CEVA process,Tender Management,False,,,,,,
1136,,AR Reports & SOA's,CEVA process,CEVA process,AR Reports & SOA's,Finance,Inactive,,,Y,,,,,LOGISTICS,Agency,,,,,HO CEVA GBS Dept,False,CEVA Finance,,CEVA Finance,,,,CEVA process,CEVA process,False,,,,,Yes,
1138,,"Flash Report, Estimates",CEVA process,CEVA process,"Flash Report, Estimates",Finance,Inactive,,,Y,,,,,LOGISTICS,Agency,,,,,HO CEVA GBS Dept,False,CEVA Finance,,CEVA Finance,,,,CEVA process,CEVA process,False,,,,,No,
1139,,OS Month End Closing,CEVA process,CEVA process,OS Month End Closing,Finance,Inactive,,,Y,,,,,LOGISTICS,Agency,,,,,HO CEVA GBS Dept,False,CEVA Finance,,CEVA Finance,,,,CEVA process,CEVA process,False,,,,,Yes,
1140,,C-View Management,CEVA process,Business Development,C-View Management,Ceva Logistics,Inactive,,,Y,,,,,LOGISTICS,Agency,,,,,HO CEVA GBS Dept,False,Freight Management,,Freight Management,,,,CEVA process,Business development,False,,,,,,
1141,,"Vendor Master, Fleet list Management",CEVA process,CEVA process,"Vendor Master, Fleet list Management",Finance,Inactive,,,Y,,,,,LOGISTICS,Agency,,,,,HO CEVA GBS Dept,False,CEVA Finance,,CEVA Finance,,,,CEVA process,CEVA process,False,,,,,No,
1142,,Vendor Reconciliation,CEVA process,CEVA process,Vendor Reconciliation,Finance,Inactive,,,Y,,,,,LOGISTICS,Agency,,,,,HO CEVA GBS Dept,False,CEVA Finance,,CEVA Finance,,,,CEVA process,CEVA process,False,,,,,No,
1143,,JDE Month End Closing,CEVA process,CEVA process,JDE Month End Closing,Finance,Inactive,,,Y,,,,,LOGISTICS,Agency,,,,,HO CEVA GBS Dept,False,CEVA Finance,,CEVA Finance,,,,CEVA process,CEVA process,False,,,,,Yes,
1144,,Receipt Processing,CEVA process,CEVA process,Receipt Processing,Finance,Inactive,,,Y,,,,,LOGISTICS,Agency,,2. Receivables,,Order to cash,HO CEVA GBS Dept,False,CEVA Finance,,CEVA Finance,,,,CEVA process,CEVA process,False,,,,,Yes,
1145,,Collections & Dispute Management,CEVA process,CEVA process,Collections & Dispute Management,Finance,Inactive,,,Y,,,,,LOGISTICS,Agency,,2. Receivables,,Collections,HO CEVA GBS Dept,False,CEVA Finance,,CEVA Finance,,,,CEVA process,CEVA process,False,,,,,No,
1146,,Intercompany Reconciliation & Follow up,CEVA process,CEVA process,Intercompany Reconciliation & Follow up,Finance,Inactive,,,Y,,,,,LOGISTICS,Agency,,3. Accounting,,Accounting,HO CEVA GBS Dept,False,CEVA Finance,,CEVA Finance,,,,CEVA process,CEVA process,False,,,,,No,
1147,,AP Booking Trade & Non Trade,CEVA process,CEVA process,AP Booking Trade & Non Trade,Finance,Inactive,,,Y,,,,,LOGISTICS,Agency,,1. Payables,,Procure to pay,HO CEVA GBS Dept,False,CEVA Finance,,CEVA Finance,,,,CEVA process,CEVA process,False,,,,,Yes,
1148,,AP Payment & Application,CEVA process,CEVA process,AP Payment & Application,Finance,Inactive,,,Y,,,,,LOGISTICS,Agency,,1. Payables,,Procure to pay,HO CEVA GBS Dept,False,CEVA Finance,,CEVA Finance,,,,CEVA process,CEVA process,False,,,,,Yes,
1149,,AP Reports & Cargowise Reports,CEVA process,CEVA process,AP Reports & Cargowise Reports,Finance,Inactive,,,Y,,,,,LOGISTICS,Agency,,1. Payables,,Procure to pay,HO CEVA GBS Dept,False,CEVA Finance,,CEVA Finance,,,,CEVA process,CEVA process,False,,,,,No,
1150,,Vendor Master Data,CEVA process,CEVA process,Vendor Master Data,Finance,Inactive,,,Y,,,,,LOGISTICS,Agency,,1. Payables,,Procure to pay,HO CEVA GBS Dept,False,CEVA Finance,,CEVA Finance,,,,CEVA process,CEVA process,False,,,,,No,
1151,,General Ledger - Journal entries,CEVA process,CEVA process,General Ledger - Journal entries,Finance,Inactive,,,Y,,,,,LOGISTICS,Agency,,3. Accounting,,Accounting,HO CEVA GBS Dept,False,CEVA Finance,,CEVA Finance,,,,CEVA process,CEVA process,False,,,,,No,
1152,,"Budget, Outlook",CEVA process,CEVA process,"Budget, Outlook",Finance,Inactive,,,Y,,,,,LOGISTICS,,,,,Accounting,HO CEVA GBS Dept,False,CEVA Finance,,CEVA Finance,,,,CEVA process,CEVA process,False,,,,,No,
1153,,Quaterly Reportings,CEVA process,CEVA process,Quaterly Reportings,Finance,Inactive,,,Y,,,,,LOGISTICS,Agency,,,,,HO CEVA GBS Dept,False,CEVA Finance,,CEVA Finance,,,,CEVA process,CEVA process,False,,,,,No,
1154,,Fixed Assets Management,CEVA process,CEVA process,Fixed Assets Management,Finance,Inactive,,,Y,,,,,LOGISTICS,Agency,,3. Accounting,,Accounting,HO CEVA GBS Dept,False,CEVA Finance,,CEVA Finance,,,,CEVA process,CEVA process,False,,,,,No,
1155,,"PO - Open/close followup, Blanket PO",CEVA process,CEVA process,"PO - Open/close followup, Blanket PO",Finance,Inactive,,,Y,,,,,LOGISTICS,Agency,,,,,HO CEVA GBS Dept,False,CEVA Finance,,CEVA Finance,,,,CEVA process,CEVA process,False,,,,,Yes,
1156,,"Reconciliation, Records Maintenance",CEVA process,CEVA process,"Reconciliation, Records Maintenance",Finance,Inactive,,,Y,,,,,LOGISTICS,,,3. Accounting,,,HO CEVA GBS Dept,False,CEVA Finance,,CEVA Finance,,,,CEVA process,CEVA process,False,,,,,No,
1157,,"RFQ's - Regional, Strategic for MEA",CEVA process,Tender Management,"RFQ's - Regional, Strategic for MEA",Freight Management,Inactive,,,Y,,,,,LOGISTICS,Head Office,202308,,,Accounting,HO CEVA GBS Dept,False,Freight Management,,Freight Management,,,,CEVA process,Tender Management,False,,,,,,
1158,,Book of Business,CEVA process,Business Development,Book of Business,Ceva Logistics,Inactive,,,Y,,,,,LOGISTICS,Agency,,,,Accounting,HO CEVA GBS Dept,False,Freight Management,,Freight Management,,,,CEVA process,Business development,False,,,,,,
1159,,OneID updation,Global Customer Onboarding,OneID,OneID updation,Freight Management,Inactive,,,Y,,,,,LOGISTICS,Head Office,,,,Accounting,HO CEVA GBS Dept,False,Freight Management,,Freight Management,,,,Global Customer Onboarding,OneID,False,,,,,,
1160,,"Regional Reports & Deck, Calls",CEVA process,Business Development,"Regional Reports & Deck, Calls",Ceva Logistics,Inactive,,,Y,,,,,LOGISTICS,Agency,,,,Accounting,HO CEVA GBS Dept,False,Freight Management,,Freight Management,,,,CEVA process,Business development,False,,,,,,
1161,,NRA validation,CEVA process,CEVA process,NRA validation,Ceva Logistics,Inactive,,,Y,,,,,LOGISTICS,Head Office,,,,,HO CEVA GBS Dept,False,Freight Management,,,,,,CEVA process,CEVA process,False,,,,,,
1162,Not Applicable,ADM Data Analytics,India Group IT,Application Development & Maintenance,ADM Data Analytics,IT Services,Active,Talent Pool,,N,,,,,SHIPPING,Head Office,,IT,,,HO IT Department,False,IT,OGU_201789,IT,IT,,,Group Information Technology,Application Development and Maintenance,False,,GBS - Information Technology Shipping Delivery,,,No,
1163,Not Applicable,ADM EDI,India Group IT,Application Development & Maintenance,ADM EDI,IT Services,Active,Talent Pool,,N,,,,,SHIPPING,Head Office,,IT,,,HO IT Department,False,IT,OGU_201790,IT,IT,,,Group Information Technology,Application Development and Maintenance,False,,GBS - Information Technology Shipping Delivery,,,No,
1164,Not Applicable,ADM LISA Shipping,India Group IT,Application Development & Maintenance,ADM LISA Shipping,IT Services,Active,Talent Pool,,N,,,,,SHIPPING,Head Office,,IT,,,HO IT Department,False,IT,OGU_201790,IT,IT,,,Group Information Technology,Application Development and Maintenance,False,,GBS - Information Technology Shipping Delivery,,,No,
1165,Not Applicable,ADM BOOKING DOC,India Group IT,Application Development & Maintenance,ADM BOOKING DOC,IT Services,Active,Talent Pool,,N,,,,,SHIPPING,Head Office,,IT,,,HO IT Department,False,IT,OGU_201790,IT,IT,,,Group Information Technology,Application Development and Maintenance,False,,GBS - Information Technology Shipping Delivery,,,No,
1166,Not Applicable,ADM PRICING,India Group IT,Application Development & Maintenance,ADM PRICING,IT Services,Active,Talent Pool,,N,,,,,SHIPPING,Head Office,,IT,,,HO IT Department,False,IT,OGU_201790,IT,IT,,,Group Information Technology,Application Development and Maintenance,False,,GBS - Information Technology Shipping Delivery,,,No,
1167,Not Applicable,ADM FICOM,India Group IT,Application Development & Maintenance,ADM FICOM,IT Services,Active,Talent Pool,,N,,,,,SHIPPING,Head Office,,IT,,,HO IT Department,False,IT,OGU_201790,IT,IT,,,Group Information Technology,Application Development and Maintenance,False,,GBS - Information Technology Shipping Delivery,,,No,
1168,Not Applicable,ADM Invoice & DDSM,India Group IT,Application Development & Maintenance,ADM Invoice & DDSM,IT Services,Active,Talent Pool,,N,,,,,SHIPPING,Head Office,,IT,,,HO IT Department,False,IT,OGU_201790,IT,IT,,,Group Information Technology,Application Development and Maintenance,False,,GBS - Information Technology Shipping Delivery,,,No,
1169,Not Applicable,ADM CDM,India Group IT,Application Development & Maintenance,ADM CDM,IT Services,Active,Talent Pool,,N,,,,,SHIPPING,Head Office,,IT,,,HO IT Department,False,IT,OGU_201790,IT,IT,,,Group Information Technology,Application Development and Maintenance,False,,GBS - Information Technology Shipping Delivery,,,No,
1170,Not Applicable,ADM CMA CGM Inland services,India Group IT,Application Development & Maintenance,ADM CMA CGM Inland services,IT Services,Active,Talent Pool,,N,,,,,SHIPPING,Head Office,,IT,,,HO IT Department,False,IT,OGU_201790,IT,IT,,,Group Information Technology,Application Development and Maintenance,False,,GBS - Information Technology Shipping Delivery,,,No,
1171,Not Applicable,ADM ECM,India Group IT,Application Development & Maintenance,ADM ECM,IT Services,Active,Talent Pool,,N,,,,,SHIPPING,Head Office,,IT,,,HO IT Department,False,IT,OGU_201790,IT,IT,,,Group Information Technology,Application Development and Maintenance,False,,GBS - Information Technology Shipping Delivery,,,No,
1172,Not Applicable,ADM CRM,India Group IT,Application Development & Maintenance,ADM CRM,IT Services,Active,Talent Pool,,N,,,,,SHIPPING,Head Office,,IT,,,HO IT Department,False,IT,OGU_201790,IT,IT,,,Group Information Technology,Application Development and Maintenance,False,,GBS - Information Technology Shipping Delivery,,,No,
1173,Not Applicable,ADM LARA Partner,India Group IT,Application Development & Maintenance,ADM LARA Partner,IT Services,Active,Talent Pool,,N,,,,,SHIPPING,Head Office,,IT,,,HO IT Department,False,IT,OGU_201790,IT,IT,,,Group Information Technology,Application Development and Maintenance,False,,GBS - Information Technology Shipping Delivery,,,No,
1174,Not Applicable,ADM Terminals,India Group IT,Application Development & Maintenance,ADM Terminals,IT Services,Active,Talent Pool,,N,,,,,SHIPPING,Head Office,,IT,,,HO IT Department,False,IT,OGU_201790,IT,IT,,,Group Information Technology,Application Development and Maintenance,False,,GBS - Information Technology Shipping Delivery,,,No,
1175,Not Applicable,F&A Systems Support,India Group IT,Application user support,F&A Systems Support,IT Services,Active,Talent Pool,,Y,,,,,SHIPPING,Agency,,IT,,,HO IT Department,False,IT,OGU_201790,IT,IT,,,Group Information Technology,F and A System Implementation and Support,False,,GBS - Information Technology Shipping Delivery,,,No,
1176,Not Applicable,MyHR Support,India Group IT,Application user support,MyHR Support,IT Services,Active,Talent Pool,,Y,,,,,SHIPPING,Head Office,,IT,,,HO IT Department,False,IT,OGU_201221,IT,HR,,,HRIS Support,HR IS Operations & Support,False,,GBS - Human Resources,,,No,
1177,Not Applicable,NOVA Implementation,India Group IT,System Implementation,NOVA Implementation,IT Services,Active,Talent Pool,,Y,,Nova deployment,,,SHIPPING,Head Office,,IT,,,HO IT Department,False,IT,OGU_201790,IT,IT,,,Group Information Technology,S&CC System Implementation and Support,False,,GBS - Information Technology Shipping Delivery,,,No,
1178,Not Applicable,F&A Systems Implementation,India Group IT,System Implementation,F&A Systems Implementation,IT Services,Active,Talent Pool,,Y,,Finance Applications deployment,,,SHIPPING,Agency,,IT,,,HO Finance,False,IT,OGU_201784,IT,IT,,,Group Information Technology,F and A System Implementation and Support,False,,GBS - Information Technology Shipping Delivery,,,No,
1179,Not Applicable,LISA Finance Implementation,India Group IT,System Implementation,LISA Finance Implementation,IT Services,Active,Talent Pool,,Y,,Lisa deployement,,,SHIPPING,Head Office,,IT,,,HO Finance,False,IT,OGU_201785,IT,IT,,,Group Information Technology,F and A System Implementation and Support,False,,GBS - Information Technology Shipping Delivery,,,No,
1180,Not Applicable,Global Information Security Office,India Group IT,Transversal,Global Information Security Office,IT Services,Active,Talent Pool,,Y,,Manage Applications access,,,SHIPPING,Head Office,,IT,,,HO IT Department,False,IT,OGU_201784,IT,IT,,,Group Information Technology,Global Information Security Office,False,,GBS - Information Technology Shipping Delivery,,,No,
1181,Not Applicable,CIO Office,India Group IT,Transversal,CIO Office,IT Services,Active,Talent Pool,,Y,,"Chief information office => Follow Projects and claimingq for the Group needs
",,,SHIPPING,Head Office,,IT,,,HO IT Department,False,IT,OGU_201784,IT,IT,,,Group Information Technology,CIO Office Support,False,,GBS - Information Technology Shipping Delivery,,,No,
1182,Not Applicable,IT Architecture,India Group IT,Transversal ADM,IT Architecture,IT Services,Active,Talent Pool,,Y,,,,,SHIPPING,Head Office,,IT,,,HO IT Department,False,IT,OGU_201792,IT,IT,,,Group Information Technology,IT Architecture,False,,GBS - Information Technology Shipping Delivery,,,No,
1183,Not Applicable,Release Management,India Group IT,Transversal ADM,Release Management,IT Services,Active,Talent Pool,,Y,,,,,SHIPPING,Head Office,,IT,,,HO IT Department,False,IT,OGU_201793,IT,IT,,,Group Information Technology,Release Management,False,,GBS - Information Technology Shipping Delivery,,,No,
1184,Not Applicable,Testing,India Group IT,Transversal ADM,Testing,IT Services,Active,Talent Pool,,Y,,,,,SHIPPING,Head Office,,IT,,,HO IT Department,False,IT,OGU_201788,IT,IT,,,Group Information Technology,Testing,False,,GBS - Information Technology Shipping Delivery,,,No,
1185,,Data Governance,India Group IT,Transversal ADM,Data Governance,IT Services,Inactive,Talent Pool,,Y,,,,,SHIPPING,Head Office,,IT,,,HO IT Department,False,IT,OGU_201791,IT,IT,,,Group Information Technology,Data Management,False,"Rename request received, since the PL3 actively used from 2024, same not been renamed, new PL3 created 

New PL3 Request is - MDM Finance",GBS - Information Technology Shipping Delivery,,,No,
1186,Not Applicable,IT Operations,India Group IT,Transversal operations,IT Operations,IT Services,Active,Talent Pool,,Y,,"Server exploitation, technical infrastructure.",,,SHIPPING,Head Office,,IT,,IT Transversal Operations,HO IT Department,False,IT,OGU_201787,IT,IT,,,Group Information Technology,IT Operations,False,,GBS - Information Technology Shipping Delivery,,,No,
1187,Not Applicable,Application Development & Maintenance (ADM) Run,GBS IT,Application Development & Maintenance,Application Development & Maintenance (ADM) Run,IT Services,Active,Talent Pool,,Y,,Workflow & Automation,,,ALL BUs,Head Office,,GBS IT,,,"IT - Core IT, Global DSI & Transfo",False,IT,OGU_201781,IT,IT,,,GBS Information Technology,GBS Application Development and Maintenance,False,,GBS - Information Technology,,,No,
1188,Not Applicable,CoE_Automation Run,GBS IT,Automation RPA,CoE_Automation Run,IT Services,Active,Talent Pool,,Y,,,,,SHIPPING,Head Office,,GBS IT,,,HO IT Department,False,IT,OGU_201870,IT,IT,,,GBS Information Technology,Automation RPA,False,,GBS - Information Technology,,,No,
1189,Not Applicable,PMO,GBS IT,GBS IT Transversal ADM - IBO,PMO,IT Services,Active,Talent Pool,,Y,,,,IT Services,SHIPPING,Head Office,,GBS IT,,,HO IT Department,False,IT,OGU_201786,IT,IT,,,GBS Information Technology,Intelligent Business operations,False,,GBS - Information Technology Shipping Delivery,,,No,
1190,,Management GBS IT,GBS IT,Management GBS IT,Management GBS IT,IT Services,Inactive,,,Y,,,,,SHIPPING,Head Office,202404,GBS IT,,,HO IT Department,False,IT,,IT,,,,GBS IT,Management GBS IT,False,,,,,No,
1191,Not Applicable,IT Infrastructure - End user computer,GBS IT,End user Computer support,IT Infrastructure - End user computer,IT Services,Active,Talent Pool,,Y,,End user computer,,,SHIPPING,SSC,,GBS IT,,,HO IT Department,False,IT,OGU_201779,IT,IT,,,IT Infrastructure,End User Computing,False,,GBS - Information Technology,,,No,
1192,Not Applicable,IT Infrastructure - Data center management,GBS IT,Data center management,IT Infrastructure - Data center management,IT Services,Active,Talent Pool,,Y,,Manage GBSI servers,,,SHIPPING,SSC,,GBS IT,,,HO IT Department,False,IT,OGU_201780,IT,IT,,,IT Infrastructure,Data center Management,False,,GBS - Information Technology,,,No,
1193,,IT Infrastructure - Management,GBS IT,Management IT,IT Infrastructure - Management,IT Services,Inactive,,,Y,,,,,SHIPPING,Head Office,"202402
",GBS IT,,,HO IT Department,False,IT,,IT,,,,IT Infrastructure,Management IT,False,,,,,No,
1194,,Management,GBS IT,Management IT,Management,IT Services,Inactive,,,Y,,,,,SHIPPING,Head Office,,GBS IT,,,HO IT Department,False,IT,,IT,,,,GBS IT,Management IT,False,,,,,No,
1199,,Management IT Ingram,CLS Ingram IT,Application Development & Maintenance,Management IT Ingram,IT Services,Inactive,,,Y,,,,,LOGISTICS,,,CLS Ingram,,,HO IT INGRAM,False,CEVA - IT,OGU_201797,IT,IT,,,CLS Ingram IT,CLS Application Development and Support,False,Kevin requested to remove the word Ingram name - Ingram is the name of a company that shall not be in our references,GBS - Information Technology Logistics Delivery,,,No,
1200,Not Applicable,CEVA JDE Implementation - JDE WEB3,India Group IT CEVA,System Implementation CEVA,CEVA JDE Implementation - JDE WEB3,IT Services,Active,Talent Pool,,Y,,,,,LOGISTICS,,,Group IT CEVA,CEVA process,,HO CEVA GBS Dept,False,CEVA - IT,OGU_201795,CEVA Finance,IT,,,Group IT CEVA,F and A System Implementation and Support,False,,GBS - Information Technology Logistics Delivery,,,No,
1201,Not Applicable,CEVA Get Paid Implementation,India Group IT CEVA,System Implementation CEVA,CEVA Get Paid Implementation,IT Services,Active,Talent Pool,,Y,,,,,LOGISTICS,,,Group IT CEVA,CEVA process,,HO CEVA GBS Dept,False,CEVA - IT,OGU_201795,CEVA Finance,IT,,,Group IT CEVA,F and A System Implementation and Support,False,,GBS - Information Technology Logistics Delivery,,,No,
1202,Not Applicable,CEVA Get Paid Support,India Group IT CEVA,Application user support CEVA,CEVA Get Paid Support,IT Services,Active,Talent Pool,,Y,,,,,LOGISTICS,,,Group IT CEVA,CEVA process,,HO CEVA GBS Dept,False,CEVA - IT,OGU_201800,CEVA Finance,IT,,,Group IT CEVA,Application Development and Maintenance,False,,GBS - Information Technology Logistics Delivery,,,No,
1203,,Partnership,Other customer care,Partnership,Partnership,Partnership,Inactive,Delivery,,Y,,,,,SHIPPING,Head Office,,Customer Care,,Partnership,HO GEN Dept,False,Business,OGU_201804,,Business - Customer Care,,,Other Customer Care,Partnership,False,,GBS - Customer Care Shipping Delivery,,,No,
1204,Yes,AR - MYCS/Cashiering,Order to cash,AR Receipt processing,AR - MYCS/Cashiering,Finance,Active,Delivery,MYCS is a workflow used to confirm BL/DO release based on the application in accounting tool or funds in the bank,Y,Per no. of Receipts,"MYCS- It is NOVA workflow which is used by AR team to get the remittance advice from the documentation team after the BL is released/payment is fully confirmed. Once the BL is released, Documentation team closed the ticket from their end and then it comes to AR team. AR team open the ticket and perform the application in LISA/OCEAN.",,HO Accounting dpt,SHIPPING,Agency,,2. Receivables,,Order to cash,HO Accounting Dept,False,Finance,OGU_201644,Finance & performance,Finance,,,Order to cash,Accounts receivable Receipt Processing,False,,GBS - Finance Logistics Delivery,,,Yes,
1205,,Empty Selling,Logistics,Equipment management,Empty Selling,"Ops, Log, Ils & Legal",Inactive,,,Y,No. of container,Based on HO Logistics guideline to support HO logitics team in Container sales and invoicing Process ,,,,Head Office,,EQUIPMENT MGT,,,HO Logistics Dept,False,INDUSTRIAL ASSETS,,HO Logistics,,,,Logistics,Equipment Management,False,,,,,,
1207,,Customer Service Global Account,Customer Care,Customer Service,Customer Service Global Account,Customer Care,Inactive,,,Y,Per nb of SQ worked,Nb of SQ's from which data is extracted,"<div class=""ExternalClassFACD8DF638454C87A5479A233B358211""><div>Excel Tracker<br><br></div></div>",,SHIPPING,Head Office,,,,Customer Service,HO GEN Dept,False,BUSINESS,,Sales & Customer Care,,,,Customer service,Customer Service,False,,,,,,
1218,,Global COE Data & Digital Integration,CLS Ingram IT,Application Development & Maintenance,Global COE Data & Digital Integration,IT Services,Inactive,,,Y,,,,,LOGISTICS,,,CLS Ingram,,Application Development & Maintenance,HO IT INGRAM,False,CEVA - IT,OGU_201797,IT,IT,,,CLS Ingram IT,CLS Application Development and Support,False,Kevin requested to remove the word Ingram name - Ingram is the name of a company that shall not be in our references,GBS - Information Technology Logistics Delivery,,,No,
1219,,Customized Disputes resolution,Customer Care,Dispute Management,Customized Disputes resolution,Customer Care,Inactive,Delivery,,Y,Per Dispute resolved,Amount of the resolved disputes (in NOVA).,"<div class=""ExternalClassFEC8C3A7452B451C9B23869C66CF99F1""><div>Nova Analytics</div></div>",,SHIPPING,Agency,,Customer Care,,Dispute Management,HO GEN Dept,False,Business,OGU_201806,Sales & Customer Care,Business - Customer Care,,,Service Delivery,Dispute Management,False,"Inactive - Activity Dispute resolution is already available requested only Costa Rica team using this PL 3, which been asked to use the Dispute resolution as per Other GBS centers using the same",GBS - Customer Care Shipping Delivery,,,,
1220,,Customized Customer Service,Customer Care,Customer Service,Customized Customer Service,Customer Care,Inactive,Delivery,,Y,Per teu,,,,SHIPPING,Agency,,Customer Care,,Customer Service,HO GEN Dept,False,Business,OGU_201681,Sales & Customer Care,Business - Customer Care,,,Other Customer Care,Corporate Documentation,False,,GBS - Customer Care Shipping Delivery,,,,
1221,Yes,Customized Specific Support,Customer Care,Customer Service,Customized Specific Support,Customer Care,Active,Delivery,,Y,Per container,,,,SHIPPING,Agency,,Customer Care,,Customer Service,HO GEN Dept,False,Business,OGU_201681,Sales & Customer Care,Business - Customer Care,,,Other Customer Care,Customized Services,False,"Due to Customer care HO alignment
PL 2 - Corporate Documentation to Customized Services",GBS - Customer Care Shipping Delivery,,,,
1222,Yes,Global Account Reporting,Customer Care,Customer Service,Global Account Reporting,Customer Care,Active,Delivery,,Y,Per nb of reports,,,,SHIPPING,Agency,,Customer Care,,Customer Service,HO GEN Dept,False,Business,OGU_202089,Sales & Customer Care,Business - Customer Care,,,Other Customer Care,Customized Services,False,,GBS - Customer Care Shipping Delivery,,,,
1223,,"Data Quality, Learning Dashboard & Reporting",Legal,Maritime Claims,"Data Quality, Learning Dashboard & Reporting","Ops, Log, Ils & Legal",Inactive,,,Y,No. of Notifications,"Ensure high-quality data, implement a comprehensive learning and training, develop robust reporting mechanisms and dashboard within the cargo claims team for all the agencies and RO as well well as to enhance accuracy, streamline insights, and support informed decision-making.",,,SHIPPING,Head Office,,LEGAL,,Maritime Claims,HO Legal Dept,False,LEGAL,,Logistics & Operations,,,,Shipping and Air Freight Legal,Maritime Claims,False,Referential been inactivated due to Legal moved Separately from July 2025,,,,,
1224,,Third Party Claims,Legal,Maritime Claims,Third Party Claims,"Ops, Log, Ils & Legal",Inactive,,,Y,No. of Notifications,Claims from 3rd Party i.e. lawyers/insurance/recovery agents. Steps taken to handle as well negotiation strategy changes for 3rd Party Claims varies from customer focused claims. Also budget is different. ,,,SHIPPING,Head Office,,LEGAL,,Maritime Claims,HO Legal Dept,False,LEGAL,,Logistics & Operations,,,,Shipping and Air Freight Legal,Maritime Claims,False,Referential been inactivated due to Legal moved Separately from July 2025,,,,,
1226,,VIP Reefer Claims,Legal,Maritime Claims,VIP Reefer Claims,"Ops, Log, Ils & Legal",Inactive,,,Y,No. of Notifications,Clients designated as VIP reefer Claims by HO Commercial Desk to be handled as per separate contract and working style.,,,SHIPPING,Head Office,,LEGAL,,Maritime Claims,HO Legal Dept,False,LEGAL,,Logistics & Operations,,,,Shipping and Air Freight Legal,Maritime Claims,False,Referential been inactivated due to Legal moved Separately from July 2025,,,,,
1227,,Dry Customer Claims,Legal,Maritime Claims,Dry Customer Claims,"Ops, Log, Ils & Legal",Inactive,,,Y,No. of Notifications,,,,SHIPPING,Head Office,,LEGAL,,Maritime Claims,HO Legal Dept,False,LEGAL,,Logistics & Operations,,,,Shipping and Air Freight Legal,Maritime Claims,False,Referential been inactivated due to Legal moved Separately from July 2025,,,,,
1228,,Reefer Customer Claims,Legal,Maritime Claims,Reefer Customer Claims,"Ops, Log, Ils & Legal",Inactive,,,Y,No. of Notifications,,,,SHIPPING,Head Office,,LEGAL,,Maritime Claims,HO Legal Dept,False,LEGAL,,Logistics & Operations,,,,Shipping and Air Freight Legal,Maritime Claims,False,Referential been inactivated due to Legal moved Separately from July 2025,,,,,
1230,Yes,SpotOn Admin,Commercial,Sales Support,SpotOn Admin,Commercial & Add Value Activities,Active,Delivery,Aqua SpotOn (split/merge/US FFW validation)  - Validate whether the customer is allowed to place bookings through SPOTON. This applies only for BCO and FMC registered NVO's. NVOCC and BCO. (FFW is on hold awaiting US legal approval),Y,Nb of request,Nb of request,,,SHIPPING,Head Office,,Line Management,,,HO Lines Dept,False,Business,OGU_201811,Lines Management,Business - Commercial,,,Commercial,Sales Support,False,,GBS - Commercial Shipping Delivery,,,No,
1231,Yes,Container Sales Support,Logistics,Equipment management,Container Sales Support,"Shipping Ops, Log & Interm",Active,Delivery,,Y,No. of container,Based on HO Logistics guideline to support HO logitics team in Container sales and invoicing Process,,,SHIPPING,Head Office,,Equipment Mgt,,,HO Logistics Dept,False,Industrial Assets,OGU_201699,HO Logistics,Ind. Assets - Container Fleet Management,,,Container Fleet Management,Equipment Management,False,,GBS - Container Fleet Management Shipping Delivery,,,,
1232,,Training & Learning System support,India Group IT,Application user support,Training & Learning System support,IT Services,Inactive,,,Y,Per nb of request,"Provide first-level technical and functional support to all employees of the CMA CGM Group for learning systems, across all brands and subsidiaries, primarily on TMS (Training Orchestra) and LMS (Learning Management Systems) tools",,,SHIPPING,,,IT,,Users Support,HR Training,False,IT,,IT,,,,Group IT,Application user support,False,,,,,No,
1233,Not Applicable,None,NONE,NONE,None,None,Active,Delivery,,N,,,,,SHIPPING,Head Office,,None,,,,False,,,,,,,None,NONE,False,,,,,,
1234,Not Applicable,CEVA Medius Implementation,India Group IT CEVA,System Implementation CEVA,CEVA Medius Implementation,IT Services,Active,Talent Pool,,Y,,,,,LOGISTICS,,,Group IT CEVA,,,HO CEVA GBS Dept,False,CEVA - IT,OGU_201795,CEVA Finance,IT,,,Group IT CEVA,F and A System Implementation and Support,False,,GBS - Information Technology Logistics Delivery,,,No,
1235,Not Applicable,AI Development and Maintenance,India Group IT,Application Development & Maintenance,AI Development and Maintenance,IT Services,Active,Talent Pool,,N,,,,,SHIPPING,,,IT,,,HO IT Department,False,IT,OGU_201790,IT,IT,,,Group Information Technology,Application Development and Maintenance,False,,GBS - Information Technology Shipping Delivery,,,No,
1237,Not Applicable,NONE (Business),NONE,NONE,NONE (Business),None,Active,Delivery,,Y,,,,,SHIPPING,Head Office,,Business,,,,False,,,,,,,None,NONE,False,,,,,No,
1238,Not Applicable,NONE (Finance),NONE,NONE,NONE (Finance),None,Active,Center Support Function,,Y,,,,,SHIPPING,Head Office,,Finance,,,,False,,,,,,,None,NONE,False,,,,,No,
1239,Not Applicable,NONE (HR),NONE,NONE,NONE (HR),None,Active,Center Support Function,,Y,,,,,SHIPPING,Head Office,,HR,,,,False,,,,,,,None,NONE,False,,,,,No,
1240,Not Applicable,NONE (Other),NONE,NONE,NONE (Other),None,Active,Center Support Function,,Y,,,,,SHIPPING,Head Office,,Other,,,,False,,,,,,,None,NONE,False,,,,,No,
1241,Not Applicable,NONE (Industrial Assets),NONE,NONE,NONE (Industrial Assets),None,Active,Delivery,,Y,,,,,SHIPPING,Head Office,,Industrial Assets,,,,False,,,,,,,None,NONE,False,,,,,No,
1243,,Capacity Mobilisation,Booking,NONE,Capacity Mobilisation,Customer Care,Inactive,,,N,N/A,N/A,,,SHIPPING,Head Office,,CUSTOMER CARE,,Booking,Customer Care,False,Business,,Sales & Customer Care,,,,Documentation,NONE,False,,,,,No,
1246,Yes,Empty redelivery,Logistics,Equipment management,Empty redelivery,"Shipping Ops, Log & Interm",Active,Delivery,,Y,Per nb of containers,"Issue return instructions to the trucker for the container based on the designated plan provided by the agency. If the return location is a terminal, update the container details on the terminal website. If the return location is a depot, provide the container details via email.
","<div class=""ExternalClass81A611EE9A9145E68FD97A6D7B9BFFD7""><div style=""font-family&#58;Calibri, Arial, Helvetica, sans-serif;font-size&#58;11pt;color&#58;rgb(0, 0, 0);""><span>​LARA (PL/SQL8)<br></span><span></span><br></div></div>",,SHIPPING,Agency,,Equipment Mgt,,Equipment management,HO Logistics Dept,False,Industrial Assets,OGU_201699,Logistics & Operations,Ind. Assets - Container Fleet Management,,,Container Fleet Management,Equipment Management,False,,GBS - Container Fleet Management Shipping Delivery,"<div class=""ExternalClassA03044949DFF4DAA93EF59ED6ABDF7C4""><div style=""font-family&#58;Calibri, Arial, Helvetica, sans-serif;font-size&#58;11pt;color&#58;rgb(0, 0, 0);"">​<a href=""https&#58;//apps.cma-cgm.com/Citrix/CMACGMWeb/"">https&#58;//apps.cma-cgm.com/Citrix/CMACGMWeb/</a><br></div></div>",,Yes,
1247,Not Applicable,Timesheet Management system,Global Support Function,Control Tower Project,Timesheet Management system,Support Function,Active,Global Support Function,,N,,,,,ALL BUs,Head Office,,Quality Process,,,GBS HO,False,Other,0,,0,August 2024,,Global Support Function,Control Tower Project,False,,0,,,No,
1248,Not Applicable,Identity and Access Management (IAM),IT services,Cybersecurity,Identity and Access Management (IAM),IT Services,Active,Talent Pool,,N,Number of Assignement done,"The IAM team at CMA (Identity and Access Management at the Company of Markets and Actions) is responsible for managing digital identities and user access rights within the organization. Their main role is to ensure that only authorized individuals have access to systems and sensitive information by implementing security policies, authentication processes, and access controls. This includes managing user accounts, passwords, permissions, and security audits to prevent unauthorized access and protect the company's data.",,,SHIPPING,Head Office,202410,IT,,,HO Group Security,False,IT,OGU_201794,IT,IT,202410,,Group Information Technology,Cybersecurity,False,,GBS - Information Technology Shipping Delivery,,,No,
1249,Not Applicable,Cyber Defense Center (CDC),IT services,Cybersecurity,Cyber Defense Center (CDC),IT Services,Active,Talent Pool,,N,,"The activities of the CDC team (Cyber Defense Center) in Cyber Security at CMA CGM include monitoring and analyzing security threats, managing incident responses, conducting vulnerability assessments, and implementing security measures to protect the company's digital assets. They are responsible for ensuring the integrity, confidentiality, and availability of information systems by detecting and mitigating cyber threats, coordinating with other security teams, and continuously improving the organization's cybersecurity posture.",,,SHIPPING,Head Office,,IT,,,HO Group Security,False,IT,OGU_201794,IT,IT,,,Group Information Technology,Cybersecurity,False,,GBS - Information Technology Shipping Delivery,,,No,
1250,,IT Solutions Security compliance (DevOps),IT services,Cybersecurity,IT Solutions Security compliance (DevOps),IT Services,Inactive,,,N,,"The activities of the DEV Ops team in Cyber Security at CMA CGM include automating and streamlining security processes, integrating security practices into the software development lifecycle, managing infrastructure as code, and ensuring continuous compliance with security standards. They work on deploying, monitoring, and maintaining secure development environments, collaborating with development and operations teams to implement security controls, and responding to security incidents in a timely manner. Their goal is to enhance the security posture of the organization by embedding security into every phase of the development and operational processes.",,,SHIPPING,Head Office,,IT,,,HO Group Security,False,IT,,IT,,,,Group IT,Cybersecurity,False,,,,,No,
1252,Not Applicable,Recruitment & Functional Mobility,HR,Talent Management,Recruitment & Functional Mobility,HR,Active,Global Support Function,,Y,,,,,ALL BUs,Agency,202501,HR,,Talent Management,HO Group Human Ressource Department,False,HR,OGU_201775,Human Ressources,HR,202501,,Talent Management,Talent Acquisition,False,,GBS - Human Resources Delivery,,,No,
1253,Not Applicable,Payroll,HR,HR Administration,Payroll,HR,Active,Center Support Function,,Y,,,,,ALL BUs,Agency,202501,HR,,HR Administration,HO Group Human Ressource Department,False,HR,OGU_201235,Human Ressources,HR,202501,,HR,HR Administration,False,,GBS - Human Resources,,,No,
1255,Not Applicable,HR Information System,HR,HR Administration,HR Information System,HR,Active,Center Support Function,,Y,,,,,ALL BUs,,202501,HR,,HR Operations & Support,HO Group Human Ressource Department,False,HR,0,HR Administration Management,0,202501,,HR,HR Operations & Support,False,,0,,,No,
1256,,Assistance to GBS HO GTO PMO,Global Support Function,Global Support Function,Assistance to GBS HO GTO PMO,Support Function,Inactive,,Project Management Office to monitor and accelerate GBS Transition projects ,N,,,,,ALL BUs,Head Office,,Quality Process,,,GBS HO,False,Other,,,,202410,,Global Support Function,Global Support Function,False,,,,,No,
1257,,R2R Desktop Procedures Revamp,Record to report,Project - Record to Report,R2R Desktop Procedures Revamp,Finance,Inactive,,,Y,Per FTE,Temporary support HC (SKU & KU role) to facilitate Cargo wise system implementation for R2R,,,LOGISTICS,Head Office,,3. Accounting ,,Record to Report,HO CEVA GBS Dept,False,CEVA Finance,,,,,,Record to Report,Project - Record to Report,False,,,,,No,
1258,,O2C Desktop Procedures Revamp,Order to cash,Project – Order to cash,O2C Desktop Procedures Revamp,Finance,Inactive,,,Y,Per FTE,Temporary support HC (SKU & KU role) to facilitate Cargo wise system implementation for O2C,,,LOGISTICS,Head Office,,2. Recevables,,Order to cash,HO CEVA GBS Dept,False,CEVA Finance,,,,,,Order to cash,Project – Order to cash,False,,,,,No,
1259,,Project ERA – Functional,Global Support Function,Project ERA,Project ERA – Functional,Support Function,Inactive,,,N,Per FTE,,,,SHIPPING,Head Office,,QUALITY PROCESS ,,Support Function,HO GBS,False,Other,,,,07/11/2024,,Global Support Function,Project ERA,False,,,,,No,
1260,,Project ERA - IT ADM,GBS IT,Application Development & Maintenance,Project ERA - IT ADM,IT Services,Inactive,,,N,Per FTE,,,Ocean Shipping,SHIPPING,Head Office,,GBS IT,,Support Function,HO GBS,False,IT,OGU_201781,,IT,01/11/2024,,GBS IT,GBS Application Development and Maintenance,False,,GBS - Information Technology,,,No,
1261,,Project Dataways Testing,Project,Customer service,Project Dataways Testing,Customer Care,Inactive,Delivery,,N,per FTE,per FTE,,,SHIPPING,Head Office,,Customer Care,,Customer Service,HO GEN Customer Care Dept,False,Business,OGU_201682,Sales & Customer Care,Business - Customer Care,,,Customer service,Customer Service Projects,False,,GBS - Customer Care Shipping Delivery,,,No,
1262,Yes,Project - Commercial Allocation Data Quality,Operations,Project - Commercial Allocation Data Quality,Project - Commercial Allocation Data Quality,"Shipping Ops, Log & Interm",Active,Delivery,,N,,,,,SHIPPING,Head Office,,Lines Operations,Lines Operations,Booking,HO Lines Operations Dept,False,Business,OGU_201714,Lines Management,Business - Operations,,,Lines operations,Commercial Allocation Project,False,,GBS - Intermodal and Operations Shipping Delivery,,,No,
1263,Not Applicable,Assistance to GBS HO Project Management HR,HR,Assistance to GBS HO HR,Assistance to GBS HO Project Management HR,HR,Active,Global Support Function,Preparation of the HR activities  ,N,Per FTE,,,Shipping,SHIPPING,Head Office,,HR,,,HO HR,False,HR,0,HR Administration Management,0,202501,,Talent Management,Assistance to GBS HO HR,False,,0,,,No,
1264,,Cyber Defense Center,IT services,Cybersecurity,Cyber Defense Center,IT Services,Inactive,,,N,,"The activities of the DEV Ops team in Cyber Security at CMA CGM include automating and streamlining security processes, integrating security practices into the software development lifecycle, managing infrastructure as code, and ensuring continuous compliance with security standards. They work on deploying, monitoring, and maintaining secure development environments, collaborating with development and operations teams to implement security controls, and responding to security incidents in a timely manner. Their goal is to enhance the security posture of the organization by embedding security into every phase of the development and operational processes.",,,SHIPPING,Head Office,,,,,HO Group Security,False,IT,,IT,,,,Cybersecurity,Cybersecurity,False,,,,,No,
1265,Not Applicable,ADM AIML Run,GBS IT,Application Development & Maintenance,ADM AIML Run,IT Services,Active,Talent Pool,"Artificial Intelligence Machine Learning (AIML) - This process focuses on discovering AI/ML opportunities and maintaining applications to address business needs. Key activities include identifying use cases, developing models, ensuring data quality, and providing ongoing support to optimize performance and reliability.",N,,,,,SHIPPING,Head Office,,GBS IT,,,GBS HO,False,IT,OGU_201781,IT,IT,,,GBS Information Technology,GBS Application Development and Maintenance,True,,GBS - Information Technology,,,No,
1266,Not Applicable,ADM E-Commerce,India Group IT,Application Development & Maintenance,ADM E-Commerce,IT Services,Active,Talent Pool,"This is extension of existing ECommerce team in HO, which supports development and testing activities from Release perspective, work closely with HO and Business stake holders to deploy monthly planned releases. We will be working on development, QA and CICD pipelines.",N,,,,,SHIPPING,Head Office,,IT,,,"IT - Core IT, Global DSI & Transfo",False,IT,OGU_201790,IT,IT,,,Group Information Technology,Application Development and Maintenance,True,,GBS - Information Technology Shipping Delivery,,,,
1267,Not Applicable,F&A System Implementation - Cash Application,India Group IT,System Implementation,F&A System Implementation - Cash Application,IT Services,Active,Talent Pool,Cash Application is the overall process of matching Payment line received on Bank statement with remittance information from customer and closing the open AR on customer account.,N,,,,,SHIPPING,Head Office,,IT,,,"IT - Core IT, Global DSI & Transfo",False,IT,OGU_201784,Anand SIVAGNANAM,IT,,,Group Information Technology,F and A System Implementation and Support,True,,GBS - Information Technology Shipping Delivery,,,,
1268,Not Applicable,Transversal ADM - LARA,India Group IT,Transversal ADM,Transversal ADM - LARA,IT Services,Active,Talent Pool,,N,,,,,SHIPPING,Head Office,,IT,,,"IT - Core IT, Global DSI & Transfo",False,IT,OGU_201876,IT,IT,,,Group Information Technology,Transversal ADM - LARA,True,,GBS - Information Technology Shipping Delivery,,,No,
1269,Not Applicable,Security Operations (CSOps),IT services,Cybersecurity,Security Operations (CSOps),IT Services,Active,Talent Pool,Security Operations will be practicing  integrating security practices within the operations of an organization. Also will be working support and maintenance as per business and organization need. Team would be setup in India under GBS IT for this.		,N,,,,,SHIPPING,Head Office,,IT,,,HO Group Security,False,IT,OGU_201794,Anand SIVAGNANAM,IT,,,Group Information Technology,Cybersecurity,False,,GBS - Information Technology Shipping Delivery,,,No,
1270,Yes,Customer Care Plus,Customer Care,Customer Service,Customer Care Plus,Customer Care,Active,Delivery,"Provide a value-added service to the customer at the booking stage for a specific extra cost, which entitled GBS to provided 24/7 elite customer service via Email and Telephone.",Y,,,,,SHIPPING,Agency,,Customer Care,,,HO GEN Customer Care Dept,False,Business,OGU_201673,MK Narayanan,Business - Customer Care,20-Jan-2025,,Customer Service,Customer Service,False,,GBS - Customer Care Shipping Delivery,,,,
1273,,Ground and Rail Claims,Legal,Logistics Claims,Ground and Rail Claims,Ceva Logistics,Inactive,,"If any damage happened for the cargo related to Ground Product, customer submit the claims in My CEVA application which is interfaced to RISKONNECT Tool. GBSI Claims team access the claims from RISKONNECT tool and review the claims with proofs submitted by the customers , and they appoint the surveyors if needed, once all the investigation done, GBSI claims either decides to deny the claims or moving for payments to customer.",Y,No of Claims,"No of Claims
","<div class=""ExternalClass0675661844E84E94AB849A25B66F6C83""><div style=""font-family&#58;Calibri, Arial, Helvetica, sans-serif;font-size&#58;11pt;color&#58;rgb(0, 0, 0);"">RISKONNECT Tool<br></div></div>",,LOGISTICS,Head Office,,None,,,CEVA Legal Dept,False,None,,Vivekanandhan Ravi,,30-Apr-2025,,Legal,Logistics Claims,False,,,,,Yes,
1275,Not Applicable,Learning management System Support,India Group IT,Transversal,Learning management System Support,IT Services,Active,Talent Pool,This scope of work provides the Tangram Support for HR. ,N,,,,,SHIPPING,Head Office,,IT,,,"IT - Core IT, Global DSI & Transfo",False,IT,OGU_201874,Anand SIVAGNANAM,IT,1-Dec-2024,,Group Information Technology,Learning System Implementation and Support,True,,GBS - Information Technology Shipping Delivery,,,,
1276,Not Applicable,ADM UiPath,GBS IT,Application Development & Maintenance,ADM UiPath,IT Services,Active,Talent Pool,"This scope of work provides the required guidance, feasibility assessment, solution support & administration for the citizen developers from business to create automation solutions using UiPath RPA tool.",N,,,,,SHIPPING,Head Office,,GBS IT,,,"IT - Core IT, Global DSI & Transfo",False,IT,OGU_201781,Anand SIVAGNANAM,IT,1-Sep-2024,,GBS Information Technology,GBS Application Development and Maintenance,True,,GBS - Information Technology,,,,
1277,Not Applicable,ADM Procurement platforms,India Group IT,Application Development & Maintenance,ADM Procurement platforms,IT Services,Active,Talent Pool,"""The main objective is focusing the IT teams on specific platforms to optimize the value added of their services.

Within Ops & Corpo Platforms service, the Finance, CSR & Procurement domain must build a sub domain dedicated to the delivery of projects and application maintenance for all the platforms used by the procurement department ensuring cost-effectiveness, quality, and timely delivery to support the business.""		",N,,Develop and maintain procurement IT platfoms,,,SHIPPING,Head Office,,IT,,Application Development & Maintenance,"IT - Core IT, Global DSI & Transfo",False,IT,OGU_201790,IT,IT,1-Dec-2024,,Group Information Technology,Application Development and Maintenance,True,,GBS - Information Technology Shipping Delivery,,,No,
1278,Not Applicable,Risk & Compliance,"Audit, Risk & Compliance",Risk & Compliance,Risk & Compliance,Audit Risk and Internal Control,Active,Delivery,"Deliver Risk Analysis, Investigation tool & Compliance Report",N,,,,,SHIPPING,Head Office,,"Audit, Risk & Compliance Management",Risk & Compliance Audit (RCA),,"HO Audit, Risk & Compliance Management Dept",False,CEO Office,,,,,,Audit Risk & compliance,Risk & Compliance,True,,,,,No,
1283,,Local Finance_IA,Center Support Function,Center Support Function,Local Finance_IA,Support Function,Inactive,,,N,,,,,ALL BUs,SSC,,Quality Process,Support Function,,GBS HO,False,OTHER,,Support Function,,Jan'25,,Center Support Function,Center Support Function,False,,,,,No,
1284,,Local HR_IA,Center Support Function,Center Support Function,Local HR_IA,Support Function,Inactive,,,N,,,,,ALL BUs,SSC,,Quality Process,Support Function,,GBS HO,False,OTHER,,Support Function,,,,Center Support Function,Center Support Function,False,,,,,No,
1285,,Local Quality Process,Center Support Function,Center Support Function,Local Quality Process,Support Function,Inactive,,,N,,,,,ALL BUs,SSC,,Quality Process,Support Function,,GBS HO,False,OTHER,,Support Function,,,,Center Support Function,Center Support Function,False,,,,,No,
1286,,"Local GM, PA & Admin",Center Support Function,Center Support Function,"Local GM, PA & Admin",Support Function,Inactive,,,N,,,,,ALL BUs,SSC,,Quality Process,Support Function,,GBS HO,False,OTHER,,Support Function,,,,Center Support Function,Center Support Function,False,,,,,No,
1287,,Local IT,Center Support Function,Center Support Function,Local IT,Support Function,Inactive,,,N,,,,,ALL BUs,SSC,,Quality Process,Support Function,,GBS HO,False,OTHER,,Support Function,,,,Center Support Function,Center Support Function,False,,,,,No,
1288,Not Applicable,Local Exceptional Bonus,Center Support Function,Center Support Function,Local Exceptional Bonus,Support Function,Active,Center Support Function,,N,,,,,ALL BUs,Head Office,,Quality Process,Support Function,,GBS HO,False,Other,0,Support Function,0,,,Center Support Function,Center Support Function,False,,0,,,No,
1289,Not Applicable,Assistance to GBS HO Business control & Performance,Global Support Function,Global Support Function,Assistance to GBS HO Business control & Performance,Support Function,Active,Global Support Function,,N,,,,,ALL BUs,Head Office,,Quality Process,Support Function,,GBS HO,False,Other,0,Support Function,0,,,Global Support Function,Global Support Function,False,,0,,,No,
1290,Not Applicable,Assistance to GBS HO BCMS,Global Support Function,Global Support Function,Assistance to GBS HO BCMS,Support Function,Active,Global Support Function,,N,,,,,ALL BUs,Head Office,,Quality Process,Support Function,,GBS HO,False,Other,0,Support Function,0,,,Global Support Function,Global Support Function,False,,0,,,No,
1292,,Unassigned Capacity - Industrial Assets Bench,Unassigned Capacity - Industrial Assets,Unassigned Capacity - Industrial Assets,Unassigned Capacity - Industrial Assets Bench,"Ops, Log, Ils & Legal",Inactive,,,N,N/A,N/A,,,SHIPPING,Head Office,,Quality Process,,,GBS HO,False,OTHER,,,,,,Unassigned Capacity - Industrial Assets,Unassigned Capacity - Industrial Assets,False,,,,,No,
1293,,Unassigned Capacity - Finance Bench,Unassigned Capacity - Finance,Unassigned Capacity - Finance,Unassigned Capacity - Finance Bench,Finance,Inactive,,,N,N/A,N/A,,,ALL BUs,Head Office,,Quality Process,,,GBS HO,False,OTHER,,,,,,Unassigned Capacity - Finance,Unassigned Capacity - Finance,False,,,,,No,
1294,,Unassigned Capacity - Legal Bench,Unassigned Capacity - Legal,Unassigned Capacity - Legal,Unassigned Capacity - Legal Bench,"Ops, Log, Ils & Legal",Inactive,,,N,N/A,N/A,,,SHIPPING,Head Office,,Quality Process,,,GBS HO,False,OTHER,,,,,,Unassigned Capacity - Legal,Unassigned Capacity - Legal,False,,,,,No,
1298,Not Applicable,Data Analytics and Insights,GBS IT,GBS IT Transversal ADM - IBO,Data Analytics and Insights,IT Services,Active,Talent Pool,,Y,,,,IT Services,SHIPPING,,,GBS IT,,,HO IT Department,False,IT,OGU_201786,IT,IT,,,GBS Information Technology,Intelligent Business operations,False,,GBS - Information Technology Shipping Delivery,,,No,
1299,Not Applicable,Lean Management - Process Transformation,GBS IT,GBS IT Transversal ADM - IBO,Lean Management - Process Transformation,IT Services,Active,Talent Pool,,Y,,,,IT Services,SHIPPING,,,GBS IT,,,HO IT Department,False,IT,OGU_201786,IT,IT,,,GBS Information Technology,Intelligent Business operations,False,,GBS - Information Technology Shipping Delivery,,,No,
1300,Yes,Commercial Reporting,Commercial Support,NONE,Commercial Reporting,Commercial & Add Value Activities,Active,Delivery,,Y,No. of Reports,,,,SHIPPING,Regional Office,,Line Management,,,GEN Department,False,Business,OGU_201885,Line Management,Business - Commercial,,,Commercial Support,Commercial Reporting,False,,GBS - Commercial Shipping Delivery,,,No,
1301,,NTBU - Defense Cargo Compliance Checks,,,NTBU - Defense Cargo Compliance Checks,Customer Care,Inactive,,,Y,Per No. of Booking,No. of Booking extracted from Qliksense on daily basis,"<div class=""ExternalClassF8841ACD816A4204B50DF9827D041F87""><div>Excel Tracker</div></div>",,SHIPPING,Head Office,,Customer Care,,HO Documentation,HO Documentation Dept,False,Business,,Sales & Customer Care,,,,Documentation,HO Documentation,False,"PL3 Moved to Legal Domain, New PL3 will be created in Legal, hence this Ref getting Inactive",,,,,
1302,Yes,Web Banking Payment Controls,Procure to pay,AP Payment,Web Banking Payment Controls,Finance,Active,Delivery,,N,Per nb of invoices,"Performing the payment initiation in ERP's. Pushing to the approver to release the payment to the supplier
","<div class=""ExternalClass5909D465F34F4C51839E5FA8FFF6896F""><div>OCEAN</div></div>",,SHIPPING,Agency,,1. Payables,,Procure to pay,HO Cost control Dept,False,Finance,OGU_201652,Finance & performance,Finance,,,Procure to pay,Accounts Payable Payment,False,,GBS - Finance Logistics Delivery,"<div class=""ExternalClassF8266E66E55F41F68BA1BEAD7BE5122B""><div style=""font-family&#58;Calibri, Arial, Helvetica, sans-serif;font-size&#58;11pt;color&#58;rgb(0, 0, 0);""><a href=""/sites/CMA-GlobalBusinessServices/Shared%20Documents/Forms/AllItems.aspx?ga=1&amp;id=/sites/CMA-GlobalBusinessServices/Shared%20Documents/Shared%20KPIs/F%26A%20processes%20-%20volume%20of%20transaction%20PIC%20%26%20data%20source/Procure%20to%20Pay/AP%20Payment/GBSI%20working%20files&amp;viewid=4d22bbf0-1e02-4f79-9aaa-fb82a4b4c210"" title=""GBS Sharepoint link"">GBS Sharepoint link</a></div></div>",,Yes,
1303,Not Applicable,IT Service Management,,,IT Service Management,IT Services,Active,Talent Pool,,Y,,,,,SHIPPING,Head Office,,IT,,IT Transversal Operations,HO IT Department,False,IT,OGU_201877,IT,IT,,,Group Information Technology,Transversal Operations,False,,GBS - Information Technology Shipping Delivery,,,No,
1304,Yes,Air & Ocean Agent Booking creation,Air & Ocean,Air & Ocean Agent Booking creation,Air & Ocean Agent Booking creation,Ceva Logistics,Active,Delivery,,Y,No of bookings created by GBS,GBS received booking creation request in shared mailbox for Agent shipmentrs which are then created in CSP portal. All such requests are considered as GBS Volumes,,Air & Ocean,LOGISTICS,Agency,,Operations,,,Air & Ocean,False,Air & Ocean,OGU_201738,,Air and Ocean,,,Air and Ocean,Agent Booking Creation,True,,GBS - Air and Ocean Logistics Delivery,,,Yes,
1305,Yes,Air & Ocean Global Tender Support,Air & Ocean,Air & Ocean Global Tender Support,Air & Ocean Global Tender Support,Ceva Logistics,Active,Delivery,,Y,No of rounds to answer RFQ,GBS received request from SALES TEAM/ FO in email. Discussion on the strategies with the Front office will commence for the GBS to apply the selling rates. All such request are considered as GBS Volumes. ,"<div class=""ExternalClass7947D4FB1AA341989D7899A104497F49"">Excel Logsheet</div>",Air & Ocean,LOGISTICS,Head Office,,Commercial,,,Air & Ocean,True,Air & Ocean,OGU_201739,,Air and Ocean,,,Air and Ocean,Air and Ocean Global Tender Support,True,,GBS - Air and Ocean Logistics Delivery,"<div class=""ExternalClassFC77D8E40AF745848A45A6005EDF07DD"">Excel Logsheet</div>",,No,
1306,Yes,Air & Ocean L&D Support,Air & Ocean,Air & Ocean Learning & Development,Air & Ocean L&D Support,Ceva Logistics,Active,Delivery,,Y,No. of Training attendance sheets recorded,No. of Training attendance sheets updated in Orchestra. All such requests handled by GBS are considered as GBS Volumes,,Air & Ocean,LOGISTICS,Head Office,,HR,,,Air & Ocean,False,Air & Ocean,0,,0,,,Air and Ocean,Air & Ocean Learning & Development,True,,0,,,Yes,
1307,Yes,Air & Ocean Spot Quotation,Air & Ocean,Air & Ocean Quotation,Air & Ocean Spot Quotation,Ceva Logistics,Active,Delivery,,Y,Number of created spot quote (Participated/Non Participated),GBS received request in shared Mailbox for which quote is generated and rates are added in to customer portal. All such requests are considered as GBS Volumes,"<div class=""ExternalClass230014C0D73341899469B0E9B76BF6CC"">Excel Logsheet</div>",Air & Ocean,LOGISTICS,Agency,,Commercial,,,Air & Ocean,True,Air & Ocean,OGU_201741,,Air and Ocean,,,Air and Ocean,Air and Ocean Quotation,True,,GBS - Air and Ocean Logistics Delivery,"<div class=""ExternalClass2589ED8530C84614B55AF3C7CA1002EA"">Excel Logsheet</div>",,Yes,
1308,Yes,Air & Ocean Standard Operating Procedures Audit,Air & Ocean,Air & Ocean Compliance,Air & Ocean Standard Operating Procedures Audit,Ceva Logistics,Active,Delivery,,Y,No of SOP Audits performed,GBS team received weekly data from HO team with the list of SOP to be audited. All such SOP's that are audited are considered as GBS Volumes,,Air & Ocean,LOGISTICS,Head Office,,Operations,,,Air & Ocean,False,Air & Ocean,OGU_201742,,Air and Ocean,,,Air and Ocean,Compliance,True,,GBS - Air and Ocean Logistics Delivery,,,Yes,
1309,Yes,Air & Ocean Milestone Update,Air & Ocean,Air & Ocean Event Management,Air & Ocean Milestone Update,Ceva Logistics,Active,Delivery,Number of updated events,Y,No of Milestones updated ,"GBS team periodically extracts report from report server - CNTR/MBL level report, then all missing milestone are considered GBS volumes.",,Air & Ocean,LOGISTICS,Agency,,Operations,,,Air & Ocean,True,Air & Ocean,OGU_201743,,Air and Ocean,,,Air and Ocean,Air and Ocean Event Management,True,,GBS - Air and Ocean Logistics Delivery,,,Yes,
1310,Yes,Air & Ocean CWO / CSP Milestone workaround,Air & Ocean,Air & Ocean Event Management,Air & Ocean CWO / CSP Milestone workaround,Ceva Logistics,Active,Delivery,,Y,No of Milestones updated ,GBS team periodically extracts report for missing milestone and updates it in CWO & CSP,,Air & Ocean,LOGISTICS,Agency,,Operations,,,Air & Ocean,False,Air & Ocean,OGU_201743,,Air and Ocean,,,Air and Ocean,Air and Ocean Event Management,True,,GBS - Air and Ocean Logistics Delivery,,,Yes,
1311,Yes,Air & Ocean Carrier cost control,Air & Ocean,Air & Ocean Ops control,Air & Ocean Carrier cost control,Ceva Logistics,Active,Delivery,,Y,No of invoices handed by GBS,GBS team received invoices to be checked in APOC,,Air & Ocean,LOGISTICS,Agency,,Operations,,,Air & Ocean,True,Air & Ocean,OGU_201744,,Air and Ocean,,,Air and Ocean,Operations Control,True,,GBS - Air and Ocean Logistics Delivery,,,Yes,
1312,Yes,Air & Ocean File Closure,Air & Ocean,Air & Ocean Ops control,Air & Ocean File Closure,Ceva Logistics,Active,Delivery,,Y,No of shipments closed,All shipments closed by GBS,,Air,LOGISTICS,Agency,,Operations,,,Air & Ocean,True,Air & Ocean,OGU_201744,,Air and Ocean,,,Air and Ocean,Operations Control,False,,GBS - Air and Ocean Logistics Delivery,,,Yes,
1313,Yes,Air Export Booking with Carrier,Air Freight,Air Export,Air Export Booking with Carrier,Ceva Logistics,Active,Delivery,,N,No of bookings created by GBS,No of bookings created by GBS,,Air,LOGISTICS,Agency,,Operations,,,Air Freight,False,Air & Ocean,OGU_201728,,Air and Ocean,,,Air Freight,Air Export,True,,GBS - Air and Ocean Logistics Delivery,,,Yes,
1314,Yes,Air Export Documentation,Air Freight,Air Export,Air Export Documentation,Ceva Logistics,Active,Delivery,,Y,No of shipments processed (No of Air way bill),Requests are received by GBS on email. Once these requests are processed these shipments are considered as GBS Volumes,,Air,LOGISTICS,Agency,,Operations,,,Air Freight,True,Air & Ocean,OGU_201728,,Air and Ocean,,,Air Freight,Air Export,True,,GBS - Air and Ocean Logistics Delivery,,,Yes,
1315,Yes,Air Export Filing,Air Freight,Air Export,Air Export Filing,Ceva Logistics,Active,Delivery,,N,No of Shipment file Submitted to customs,Information is transmitted to customs CAN & MEX,,Air,LOGISTICS,Agency,,Operations,,,Air Freight,False,Air & Ocean,OGU_201728,,Air and Ocean,,,Air Freight,Air Export,True,,GBS - Air and Ocean Logistics Delivery,,,Yes,
1316,Yes,Air Export Invoicing,Air Freight,Air Export,Air Export Invoicing,Ceva Logistics,Active,Delivery,,N,No of invoices created,GBS Team invoices shipments as per the Global SLA and all such invoices created by GBS are considered as GBS Volumes,,Air,LOGISTICS,Agency,,Operations,,,Air Freight,True,Air & Ocean,OGU_201728,,Air and Ocean,,,Air Freight,Air Export,True,,GBS - Air and Ocean Logistics Delivery,,,Yes,
1317,Yes,Air Export Transport Order,Air Freight,Air Export,Air Export Transport Order,Ceva Logistics,Active,Delivery,,N,No. of Transport Booking created,Requests are received by GBS on email. Once these requests are processed (Uploaded in TOM) these shipments are considered as GBS Volumes,,Air,LOGISTICS,Agency,,Operations,,,Air Freight,True,Air & Ocean,OGU_201728,,Air and Ocean,,,Air Freight,Air Export,True,,GBS - Air and Ocean Logistics Delivery,,,Yes,
1318,Yes,Air Import Filing,Air Freight,Air Import,Air Import Filing,Ceva Logistics,Active,Delivery,,N,No of Shipment file Submitted to customs,Information is transmitted to customs,,Air,LOGISTICS,Agency,,Operations,,,Air Freight,False,Air & Ocean,OGU_201729,,Air and Ocean,,,Air Freight,Air Import,True,,GBS - Air and Ocean Logistics Delivery,,,Yes,
1319,Yes,Air Import Accruals,Air Freight,Air Import,Air Import Accruals,Ceva Logistics,Active,Delivery,This task involves making accrual entries for Air shipments on CWO or OFS,N,No of invoices created,,,Air,LOGISTICS,Agency,,Operations,,,Air Freight,True,Air & Ocean,OGU_201729,,Air and Ocean,,,Air Freight,Air Import,True,,GBS - Air and Ocean Logistics Delivery,,,Yes,
1320,Yes,Air Intercompany Billing,Air Freight,Air Import,Air Intercompany Billing,Ceva Logistics,Active,Delivery,This task involves doing Intercompany invoicing for Air Import shipments,Y,No of invoices created,,,Air,LOGISTICS,Agency,,Operations,,,Air Freight,True,Air & Ocean,OGU_201729,,Air and Ocean,,,Air Freight,Air Import,True,,GBS - Air and Ocean Logistics Delivery,,,Yes,
1321,Yes,Air Freight Auto-Rating,Air Freight,Air Rate Support,Air Freight Auto-Rating,Ceva Logistics,Active,Delivery,,Y,No. of rate card up-date request processed,GBS received rate card up-date request in sharepoint which is processed and uploaded to CW1. All such request are considered as GBS volumes.,,Air,LOGISTICS,Agency,,Commercial,,,Air Freight,True,Air & Ocean,OGU_201730,,Air and Ocean,,,Air Freight,Air Rate Support,True,,GBS - Air and Ocean Logistics Delivery,,,No,
1322,Yes,Air Customer Reports,Air Freight,Air Reporting,Air Customer Reports,Ceva Logistics,Active,Delivery,,Y,No of reports handled by GBS,GBS team has reative & proactive reports which are handled.All such reports are considered as GBS Volumes,,Air Freight,LOGISTICS,Agency,,Operations,,,Air Freight,False,Air & Ocean,OGU_201731,,Air and Ocean,,,Air Freight,Air Reporting,True,,GBS - Air and Ocean Logistics Delivery,,,Yes,
1323,Yes,Air Operational Reports,Air Freight,Air Reporting,Air Operational Reports,Ceva Logistics,Active,Delivery,,Y,No of reports handled by GBS,GBS team has reative & proactive reports which are handled.All such reports are considered as GBS Volumes,,Air Freight,LOGISTICS,Agency,,Operations,,,Air Freight,False,Air & Ocean,OGU_201731,,Air and Ocean,,,Air Freight,Air Reporting,True,,GBS - Air and Ocean Logistics Delivery,,,Yes,
1324,Yes,Air & Ocean Brokerage Customer Reports,Air & Ocean,Air & Ocean Reporting,Air & Ocean Brokerage Customer Reports,Ceva Logistics,Active,Delivery,,Y,No of reports handled by GBS,GBS team has reactive & proactive reports which are handled.All such reports are considered as GBS Volumes,,Air & Ocean,LOGISTICS,Agency,,Customer Care,,,Air & Ocean,False,Air & Ocean,OGU_201747,,Customs,,,Brokerage,Reporting,True,,GBS - Customs Logistics Delivery,,,No,
1326,Yes,Air & Ocean Customs Brokerage Documentation,Air & Ocean,Air & Ocean Reporting,Air & Ocean Customs Brokerage Documentation,Ceva Logistics,Active,Delivery,,Y,Total  No. Lines of Commercial Invoice entry completed,GBS team receives tasks in CWO which has Commercial Invoices to be processed. Count of commercial Invoices processed is considered as GBS Volumes and also count of lines entries.,,Air & Ocean,LOGISTICS,Agency,,Operations,,,Air & Ocean,True,Air & Ocean,OGU_201746,,Customs,,,Brokerage,Customs Brokerage,True,,GBS - Customs Logistics Delivery,,,Yes,
1327,Yes,Air & Ocean Customs Brokerage Filing,Air & Ocean,Air & Ocean Reporting,Air & Ocean Customs Brokerage Filing,Ceva Logistics,Active,Delivery,,Y,No of shipments for which Filing was done,GBS team receives request in shared mailbox which is then filled in CWO,,Air & Ocean,LOGISTICS,Agency,,Operations,,,Air & Ocean,True,Air & Ocean,OGU_201746,,Customs,,,Brokerage,Customs Brokerage,True,,GBS - Customs Logistics Delivery,,,Yes,
1328,Yes,Air & Ocean Customs Brokerage Invoicing,Air & Ocean,Air & Ocean Reporting,Air & Ocean Customs Brokerage Invoicing,Ceva Logistics,Active,Delivery,,Y,No of shipments invoiced,GBS receives request in Shared mailbox which is then invoiced in OFS & CW1,,Air & Ocean,LOGISTICS,Agency,,Operations,,,Air & Ocean,True,Air & Ocean,OGU_201746,,Customs,,,Brokerage,Customs Brokerage,True,,GBS - Customs Logistics Delivery,,,Yes,
1329,Yes,CLL Booking,CEVA Lead Logistics,CEVA Lead Logistics Booking,CLL Booking,Ceva Logistics,Active,Delivery,,Y,No of Bookings completed by GBS,GBS team receives request in a shared Excel saved on sharepoint. All requests that are processed by GBS are considered as GBS volumes,,CEVA Lead Logistics,LOGISTICS,Agency,,Operations,,,CEVA Lead Logistics,True,CEVA Lead Logistics,OGU_201752,,Lead Logistics,,,Lead Logistics,Lead logistics Booking,True,,GBS - Lead Logistics Delivery,,,Yes,
1330,Yes,Device fleet management,CEVA Lead Logistics,CEVA Lead Logistics Device fleet management,Device fleet management,Ceva Logistics,Active,Delivery,,Y,No. of  enrolled devices,GBS received device details through clients in emails,,CEVA Lead Logistics,LOGISTICS,Agency,,Operations,,,CEVA Lead Logistics,False,CEVA Lead Logistics,OGU_201753,,Lead Logistics,,,Lead Logistics,Device Fleet Management,True,,GBS - Lead Logistics Delivery,,,Yes,
1331,Yes,CLL Documentation,CEVA Lead Logistics,CEVA Lead Logistics Documentation,CLL Documentation,Ceva Logistics,Active,Delivery,,Y,No of documentation request completed,GBS team receives request in Shared mailbox of Matrix application which is then processed. All such request are GBS volumes,,CEVA Lead Logistics,LOGISTICS,Agency,,Operations,,,CEVA Lead Logistics,True,CEVA Lead Logistics,OGU_201754,,Lead Logistics,,,Lead Logistics,Lead Logistics Documentation,True,,GBS - Lead Logistics Delivery,,,Yes,
1332,Yes,CLL Milestone Update,CEVA Lead Logistics,CEVA Lead Logistics Event Management,CLL Milestone Update,Ceva Logistics,Active,Delivery,,Y,No of Milestones updated ,GBS team periodically extracts report for missing milestone and updates it in Matrix,,CEVA Lead Logistics,LOGISTICS,Agency,,Operations,,,CEVA Lead Logistics,True,CEVA Lead Logistics,OGU_201755,,Lead Logistics,,,Lead Logistics,Lead Logistics Event Management,True,,GBS - Lead Logistics Delivery,,,Yes,
1333,Yes,Contract logistics Customer Service,Contract Logistics,Contract logistics Customer Service,Contract logistics Customer Service,Ceva Logistics,Active,Delivery,,Y,No. of closed C-View cases,GBS received cases through C-View (CRM). All such cases are considered as GBS Volume,,Contract Logistics,LOGISTICS,Agency,,Customer Care,,,Contract Logistics,True,Contract Logistics,OGU_201750,,Contract Logistics,,,Contract Logistics,Contract logistics Customer Service,True,,GBS - Contract Logistics Delivery,,,Yes,
1334,Yes,Contract Logistics Transport Order,Contract Logistics,Contract Logistics Order Management,Contract Logistics Transport Order,Ceva Logistics,Active,Delivery,,Y,No of Purchase Order released,GBS received order request through outlook email.,,Contract Logistics,LOGISTICS,Agency,,Operations,,,Contract Logistics,True,Contract Logistics,OGU_201749,,Contract Logistics,,,Contract Logistics,Order Management,True,,GBS - Contract Logistics Delivery,,,Yes,
1335,Yes,Cview Contact Migration,Customer Care,Cview Contact Migration,Cview Contact Migration,Ceva Logistics,Active,Delivery,,Y,No of contact migration requests received,GBS team received request in CVIEW to either create or assign customer. All requests handed by GBS are tagged as GBS Volumes,,Customer Care,LOGISTICS,Head Office,,Customer Care,,,Customer Care,True,Cross Product,OGU_201761,,Business - Customer Care,,,Customer Care,Cview Contact Migration,True,,GBS - Customer Care Logistics Delivery,,,Yes,
1336,Yes,Salesforce Admin,Customer Care,Cview Reporting,Salesforce Admin,Ceva Logistics,Active,Delivery,,,NA,NA,,NA,LOGISTICS,Head Office,,Customer Care,,,Customer Care,True,Cross Product,OGU_201762,,Business - Customer Care,,,Customer Care,Cview Reporting,True,,GBS - Customer Care Logistics Delivery,,,No,
1337,Yes,Customer & Supplier Data Maintaining & Cleansing,Digital,Data Business Services,Customer & Supplier Data Maintaining & Cleansing,Ceva Logistics,Active,Delivery,,Y,No Customer  / Supplier maintained or cleasned ,"Customer & Supplier data is extracted from Source system periodically (Eg. JDE, OFS, Cview) which is the maintained & cleansed",,Digital,LOGISTICS,Head Office,,Digital,,,Digital,True,Cross Product,OGU_201763,,Business - Customer Care,,,Digital,Data Business Services,True,,GBS - Customer Care Logistics Delivery,,,Yes,
1338,Yes,Customer & Supplier Ground & Rail Data Creation,Digital,Data Business Services,Customer & Supplier Ground & Rail Data Creation,Ceva Logistics,Active,Delivery,,Y,No of tickets / Request handled,Request are received by GBS in FlowG or Shared Mailbox. These are handled by GBS and consolidated requests are reported as volumes,,Digital,LOGISTICS,Head Office,,Digital,,,Digital,True,Cross Product,OGU_201763,,Business - Customer Care,,,Digital,Data Business Services,True,,GBS - Customer Care Logistics Delivery,,,Yes,
1339,Yes,Customer Data Validation & Master data management,Digital,Data Business Services,Customer Data Validation & Master data management,Ceva Logistics,Active,Delivery,,Y,No of ticket / Request handled,"Request are received by GBS in CWO, ServiceNow or Shared Mailbox. These are handled by GBS and consolidated requests are reported as volumes",,Digital,LOGISTICS,HO / Agency,,Digital,,,Digital,True,Cross Product,OGU_201763,,Business - Customer Care,,,Digital,Data Business Services,True,,GBS - Customer Care Logistics Delivery,,,Yes,
1340,Yes,Document Digitalization,Digital,Data Business Services,Document Digitalization,Ceva Logistics,Active,Delivery,,Y,No of documents processed ,Documents are received in KOFAX Application. Once these document completed the 2 phases of Quality Control & Validation it is reported as GBS volume,,Digital,LOGISTICS,Head Office,,Digital,,,Digital,True,Cross Product,OGU_201763,,Business - Customer Care,,,Digital,Data Business Services,True,,GBS - Customer Care Logistics Delivery,,,Yes,
1341,Yes,MyCEVA Account Validation,Digital,E-commerce Support,MyCEVA Account Validation,Ceva Logistics,Active,Delivery,,Y,No of customer accounts Validated,Request for Validation of New customers on MyCEVA portal are routed to GBS. All these requests once handled are reported as GBS Volumes,,Digital,LOGISTICS,Head Office,,Digital,,,Digital,True,Cross Product,OGU_201764,,Business - Customer Care,,,Digital,Logistics Ecommerce Support,True,,GBS - Customer Care Logistics Delivery,,,Yes,
1342,Yes,MyCEVA Booking,Digital,E-commerce Support,MyCEVA Booking,Ceva Logistics,Active,Delivery,,Y,No of bookings handled,GBS receives request on CVIEW. GBS team handled the booking as per requirement. Count of booking handled by GSB are GBS Volumes,,Digital,LOGISTICS,Head Office,,Digital,,,Digital,True,Cross Product,OGU_201764,,Business - Customer Care,,,Digital,Logistics Ecommerce Support,True,,GBS - Customer Care Logistics Delivery,,,Yes,
1343,Yes,MyCEVA Quotation,Digital,E-commerce Support,MyCEVA Quotation,Ceva Logistics,Active,Delivery,,Y,No of quotes generated and shared,GBS receives request on CVIEW. GBS team generates the quotation template and upload the templates into CVIEW,,Digital,LOGISTICS,Head Office,,Digital,,,Digital,True,Cross Product,OGU_201764,,Business - Customer Care,,,Digital,Logistics Ecommerce Support,True,,GBS - Customer Care Logistics Delivery,,,Yes,
1344,Yes,Finished Vehicle Logistics Invoicing,Finished Vehicle Logistics,Finished Vehicle Logistics Invoicing,Finished Vehicle Logistics Invoicing,Ceva Logistics,Active,Delivery,,Y,No of AR Invoices created,"Generate Invoices or send the invoices only when automatically generated. (+ accessory activities such as  up-date the data in customer portal,…)",,FVL,LOGISTICS,Agency,,Operations,,,FVL,True,Finished Vehicle Logistics,OGU_201760,,Finished Vehicle Logistics,,,Finished Vehicle Logistics,Finished Vehicle Logistics Invoicing,True,,GBS - Finished Vehicle Logistics Delivery,,,Yes,
1345,Yes,Finished Vehicle Logistics Purchase,Procure to pay,Finished Vehicle Logistics Purchase,Finished Vehicle Logistics Purchase,Ceva Logistics,Active,Delivery,,Y,No of Pre-Invoices created,Pre-Invoices generated & sent to suppliers for them to invoice accordingly,,FVL,LOGISTICS,Agency,,Procurement,,,FVL,True,Finished Vehicle Logistics,OGU_201866,,Finished Vehicle Logistics,,,Finished Vehicle Logistics,Finished Vehicle Logistics Purchase,True,,GBS - Finished Vehicle Logistics Delivery,,,Yes,
1346,Yes,Ground & Rail Customer Service,Ground & Rail,Ground & Rail Customer Service,Ground & Rail Customer Service,Ceva Logistics,Active,Delivery,,Y,No. of closed C-View cases,GBS received cases through C-View (CRM). All such cases are considered as GBS Volume,,Ground & Rail,LOGISTICS,Agency,,Customer Care,,,Ground & Rail,True,Ground & Rail,OGU_201757,,Ground and Rail,,,Ground and Rail,Ground and Rail Customer Service,True,,GBS - Ground and Rail Logistics Delivery,,,Yes,
1347,Yes,Ground & Rail Transport Order,Ground & Rail,Ground & Rail order Management,Ground & Rail Transport Order,Ceva Logistics,Active,Delivery,,Y,No of transport order  received,No of transport order received and keyed-in in TOM system. Data key-in,,Ground & Rail,LOGISTICS,Agency,,Operations,,,Ground & Rail,False,Ground & Rail,OGU_201869,,Ground and Rail,,,Ground and Rail,Ground and Rail order Management,True,,GBS - Ground and Rail Logistics Delivery,,,Yes,
1348,,Ground & Rail EDI Support,Ground & Rail,Ground & Rail EDI Support,Ground & Rail EDI Support,Ceva Logistics,Inactive,,,,,,,,LOGISTICS,NA,,,,,,,,,,,,,Ground and Rail,Ground and Rail EDI Support,,,,,,No,
1349,Yes,Ground & Rail Track & Trace,Ground & Rail,Ground & Rail EDI Track & Trace,Ground & Rail Track & Trace,Ceva Logistics,Active,Delivery,,Y,Number of trips monitored,Number of trips monitored (trip = Loading to first discharge),,Ground & Rail,LOGISTICS,Agency,,Operations,,,Ground & Rail,True,Ground & Rail,OGU_201758,,Ground and Rail,,,Ground and Rail,Ground and Rail EDI Track and Trace,True,,GBS - Ground and Rail Logistics Delivery,,,No,
1350,Yes,Ground & Rail Invoicing,Ground & Rail,Ground & Rail,Ground & Rail Invoicing,Ceva Logistics,Active,Delivery,,Y,No of invoices created,Invoices generated and Invoices sent are the 2 main process dimensions,,Ground & Rail,LOGISTICS,Agency,,Operations,,,Ground & Rail,True,Ground & Rail,OGU_201759,,Ground and Rail,,,Ground and Rail,Ground and Rail Invoicing,True,,GBS - Ground and Rail Logistics Delivery,,,Yes,
1351,Yes,HR support,HR,HR support,HR support,Ceva Logistics,Active,Global Support Function,,,NA,NA,,NA,LOGISTICS,Head Office,,HR,,,HR,True,HR,,,,,,HR,HR support,True,,,,,No,
1352,Not Applicable,HR reporting,HR,HR support,HR reporting,HR,Active,Center Support Function,"KPI Reportings on Coach hub, TANGRAM",,NA,NA.,,NA,LOGISTICS,Head Office,,HR,,,HR,False,HR,0,Human Ressources,0,,,HR,HR support,True,,0,,,No,
1353,Yes,Air & Ocean EDI support,IT,Application development and maintenance,Air & Ocean EDI support,Ceva Logistics,Active,Delivery,,Y,No of Request created,"request are coming from email, Systrems,…",,IT,LOGISTICS,Head Office,,IT,,,IT Dept,False,IT,,,,,,IT,Application development and maintenance,True,,,,,No,
1355,,Finished Vehicle Logistics Claims,Legal Logistics,Freight & Logistics claims,Finished Vehicle Logistics Claims,Ceva Logistics,Inactive,,"If any damage happened for the cargo related to FVL Product (Finished Vehicle Logistics), customer submit the claims in My CEVA application which is interfaced to RISKONNECT Tool. GBSI Claims team access the claims from RISKONNECT tool and review the claims with proofs submitted by the customers , and they appoint the surveyors if needed, once all the investigation done, GBSI claims either decides to deny the claims or moving for payments to customer.",Y,No. of Notifications,No of notifications received ,"<div class=""ExternalClass67CF7F930D1849B98067F0CCA8697AA0""><div style=""font-family&#58;Calibri, Arial, Helvetica, sans-serif;font-size&#58;11pt;color&#58;rgb(0, 0, 0);"">RISKONNECT Tool
</div></div>",,LOGISTICS,NA,,Legal,,,HO Legal Dept,,Cross Product,,,,,,Legal Logistics,Logistics Claims,,"Since Legal got separated domain, Once the new process starts will get activated in Legal Domain ",,,,Yes,
1356,,Ground & Rail Claims,Legal Logistics,Freight & Logistics claims,Ground & Rail Claims,Ceva Logistics,Inactive,,,,No. of Notifications,No of notifications received ,,,LOGISTICS,NA,,Legal,,,HO Legal Dept,,Cross Product,,,,,,Legal Logistics,Logistics Claims,,"Since Legal got separated domain, Once the new process starts will get activated in Legal Domain",,,,Yes,
1357,,Legal documentation preparation,Legal Logistics,Legal Support,Legal documentation preparation,Ceva Logistics,Inactive,,,Y,No of requests,Shareholders Org chart presentation or documentaion for Banks,,Legal,LOGISTICS,Head Office,,Legal,,,HO Legal Dept,False,Cross Product,,,,,,Legal Logistics,Legal Support,True,"Since Legal got separated domain, Once the new process starts will get activated in Legal Domain",,,,No,
1358,Yes,Ocean DND Milestone,Ocean Freight,Ocean Event Management,Ocean DND Milestone,Ceva Logistics,Active,Delivery,,Y,No. of Up-dated Milestones,Daily run from the OFS (Container Level) to identify all the missing D&D Milestones. All missing D&D milestones are considered as GBS volume.,,Ocean,LOGISTICS,Agency,,Operations,,,Ocean Freight,True,Air & Ocean,OGU_201736,,Air and Ocean,,,Ocean Freight,Ocean Event Management,True,,GBS - Air and Ocean Logistics Delivery,,,Yes,
1359,Yes,Ocean Export Booking with Carrier,Ocean Freight,Ocean Export,Ocean Export Booking with Carrier,Ceva Logistics,Active,Delivery,,N,No of bookings created by GBS,No of bookings created by GBS,,Ocean,LOGISTICS,Agency,,Customer Care,,,Ocean Freight,False,Air & Ocean,OGU_201733,,Air and Ocean,,,Ocean Freight,Ocean Export,True,,GBS - Air and Ocean Logistics Delivery,,,Yes,
1360,Yes,Ocean Export Documentation,Ocean Freight,Ocean Export,Ocean Export Documentation,Ceva Logistics,Active,Delivery,,Y,No of shipments processed (No of bill of lading),Requests are received by GBS on email. Once these requests are processed these shipments are considered as GBS Volumes,,Ocean,LOGISTICS,Agency,,Customer Care,,,Ocean Freight,True,Air & Ocean,OGU_201733,,Air and Ocean,,,Ocean Freight,Ocean Export,True,,GBS - Air and Ocean Logistics Delivery,,,Yes,
1361,Yes,Ocean Export Filing,Ocean Freight,Ocean Export,Ocean Export Filing,Ceva Logistics,Active,Delivery,,N,No of shipments for which filling completed or validated,GBS Team receives requests in Shared Mailbox. All such requests are considered to be GBS Volumes,,Ocean,LOGISTICS,Agency,,Operations,,,Ocean Freight,True,Air & Ocean,OGU_201733,,Air and Ocean,,,Ocean Freight,Ocean Export,True,,GBS - Air and Ocean Logistics Delivery,,,Yes,
1362,Yes,Ocean Export Invoicing,Ocean Freight,Ocean Export,Ocean Export Invoicing,Ceva Logistics,Active,Delivery,,N,No of Invoices created,GBS Team invoices shipments as per the Global SLA and all such invoiced registered by GBS are GBS Volumes,,Ocean,LOGISTICS,Agency,,Customer Care,,,Ocean Freight,True,Air & Ocean,OGU_201733,,Air and Ocean,,,Ocean Freight,Ocean Export,True,,GBS - Air and Ocean Logistics Delivery,,,Yes,
1363,Yes,Ocean Export Transport Order,Ocean Freight,Ocean Export,Ocean Export Transport Order,Ceva Logistics,Active,Delivery,,N,No. of Transport Booking created,Requests are received by GBS on email. Once these requests are processed these shipments are considered as GBS Volumes,,Ocean,LOGISTICS,Agency,,Customer Care,,,Ocean Freight,True,Air & Ocean,OGU_201733,,Air and Ocean,,,Ocean Freight,Ocean Export,True,,GBS - Air and Ocean Logistics Delivery,,,Yes,
1364,Yes,Ocean Import Filing,Ocean Freight,Ocean Import,Ocean Import Filing,Ceva Logistics,Active,Delivery,,N,No of shipments for which filling completed or validated,All shipments into MEX & CAN which are eligible for AMS Filing are validated. These shipments are considered as GBS Volumes,,Ocean,LOGISTICS,Agency,,Operations,,,Ocean Freight,True,Air & Ocean,OGU_201734,,Air and Ocean,,,Ocean Freight,Ocean Import,True,,GBS - Air and Ocean Logistics Delivery,,,Yes,
1365,Yes,Ocean Import Invoicing,Ocean Freight,Ocean Import,Ocean Import Invoicing,Ceva Logistics,Active,Delivery,,N,No of Invoices created ,GBS Team invoices shipments as per the Global SLA and all such invoiced registered by GBS are GBS Volumes,,Ocean,LOGISTICS,Agency,,Operations,,,Ocean Freight,True,Air & Ocean,OGU_201734,,Air and Ocean,,,Ocean Freight,Ocean Import,True,,GBS - Air and Ocean Logistics Delivery,,,Yes,
1366,Yes,Ocean Import Registration,Ocean Freight,Ocean Import,Ocean Import Registration,Ceva Logistics,Active,Delivery,,Y,No of shipments Registered,GBS Team registers shipments as per the Global SLA and all such shipments registered by GBS are GBS Volumes,,Ocean,LOGISTICS,Agency,,Operations,,,Ocean Freight,True,Air & Ocean,OGU_201734,,Air and Ocean,,,Ocean Freight,Ocean Import,True,,GBS - Air and Ocean Logistics Delivery,,,Yes,
1367,Yes,Ocean Buy Rates,Ocean Freight,Ocean Rate Support,Ocean Buy Rates,Ceva Logistics,Active,Delivery,,Y,No. of Requests of approved grids,GBS received approved rate grid per carrier on the sharepoint list which will be processed and uploaded to the DMP portal. Each request are classified based on it complexity and considered to be the volumes.,,Ocean,LOGISTICS,Head Office,,Procurement,,,Ocean Freight,True,Air & Ocean,OGU_201735,,Air and Ocean,,,Ocean Freight,Ocean Rate Support,True,,GBS - Air and Ocean Logistics Delivery,,,No,
1368,Yes,Ocean Freight Auto-Rating,Ocean Freight,Ocean Rate Support,Ocean Freight Auto-Rating,Ceva Logistics,Active,Delivery,,Y,No. of rate card up-date requests processed,GBS received rate card up-date request in sharepoint which is processed and uploaded to CW1. All such request are considered as GBS volumes.,,Ocean,LOGISTICS,Agency,,Commercial,,,Ocean Freight,True,Air & Ocean,OGU_201735,,Air and Ocean,,,Ocean Freight,Ocean Rate Support,True,,GBS - Air and Ocean Logistics Delivery,,,No,
1369,Yes,Ocean Market Selling Rates,Ocean Freight,Ocean Rate Support,Ocean Market Selling Rates,Ceva Logistics,Active,Delivery,,Y,No of Tariff sheets handled by GBS,GBS team receives tariff from OKAM in sharepoint which is then processed and uploaded in GPM. All such Tariff request are considered as GBS Volumes,,Ocean,LOGISTICS,Head Office,,Commercial,,,Ocean Freight,True,Air & Ocean,OGU_201735,,Air and Ocean,,,Ocean Freight,Ocean Rate Support,True,,GBS - Air and Ocean Logistics Delivery,,,Yes,
1370,Yes,Ocean Customer Reports,Ocean Freight,Ocean Reporting,Ocean Customer Reports,Ceva Logistics,Active,Delivery,,Y,No of reports handled by GBS,GBS team has reactive & proactive reports which are handled.All such reports are considered as GBS Volumes,,Ocean,LOGISTICS,Agency,,Operations,,,Ocean Freight,False,Air & Ocean,OGU_201736,,Air and Ocean,,,Ocean Freight,Ocean Reporting,True,,GBS - Air and Ocean Logistics Delivery,,,Yes,
1371,Yes,Ocean Operational Reports,Ocean Freight,Ocean Reporting,Ocean Operational Reports,Ceva Logistics,Active,Delivery,,Y,No of report handled by GBS,GBS team has reative & proactive reports which are handled.All such reports are considered as GBS Volumes,,Ocean,LOGISTICS,Agency,,Operations,,,Ocean Freight,False,Air & Ocean,OGU_201736,,Air and Ocean,,,Ocean Freight,Ocean Reporting,True,,GBS - Air and Ocean Logistics Delivery,,,Yes,
1372,Yes,"Air & Ocean invoice submission  (Tax,VAT, etc)",Air & Ocean,Air & Ocean Import / Export,"Air & Ocean invoice submission  (Tax,VAT, etc)",Ceva Logistics,Active,Delivery,"No of invoices submitted , Receive requests and print VAT fapiao after billing done",Y,No of invoices submitted,,,Air & Ocean,LOGISTICS,Agency,,Operations,,,Air & Ocean,True,Air & Ocean,OGU_201910,,Air and Ocean,,,Air and Ocean,Air & Ocean Import / Export,True,,GBS - Air and Ocean Logistics Delivery,,,No,
1373,Yes,Ocean import Full Container Load quotations,Air & Ocean,Ocean Import,Ocean import Full Container Load quotations,Ceva Logistics,Active,Delivery,No of quotations updated and send to overseas,Y,No of quotations updated and send to overseas,GBS Team update and send quotations based on SLA,,Air & Ocean,LOGISTICS,Agency,,Commercial,,,Air & Ocean,True,Air & Ocean,OGU_201910,,Air and Ocean,,,Air and Ocean,Ocean Import,True,,GBS - Air and Ocean Logistics Delivery,,,Yes,
1374,Yes,Air & Ocean Technical Key Account (TEKA) event up-date confirmation,Air & Ocean,Air & Ocean Event Management,Air & Ocean Technical Key Account (TEKA) event up-date confirmation,Ceva Logistics,Active,Delivery,No of events confirmed as updated,Y,No of events confirmed as updated,GBS Team request to update events to OPS Team based on the SLA,,Air & Ocean,LOGISTICS,Agency,,Operations,,,Air & Ocean,True,Air & Ocean,OGU_201743,,Air and Ocean,,,Air and Ocean,Air and Ocean Event Management,True,,GBS - Air and Ocean Logistics Delivery,,,Yes,
1375,Yes,Air & Ocean PO Management,Air & Ocean,Air & Ocean Import,Air & Ocean PO Management,Ceva Logistics,Active,Delivery,"Verify that the PO is created correctly and on time. 

Link the PO to the respective shipment for named customers",Y,No of POs entered to the CWO,GBS Team add the PO to CWO based on the SLA GBS team link the PO to the shipment for named accounts,,Air & Ocean,LOGISTICS,Agency,,Operations,,,Air & Ocean,True,Air & Ocean,OGU_201910,,Air and Ocean,,,Air and Ocean,Air & Ocean Import,True,,GBS - Air and Ocean Logistics Delivery,,,Yes,
1376,Yes,Air Import & export Management reporting,Air Freight,Air & Ocean Import / Export,Air Import & export Management reporting,Ceva Logistics,Active,Delivery,"KPIS presented in PPT templates on air flows for management (figures of volume, costs, etc) for Middle office solutions",Y,No of PPT presentation created per month,Every month GBS must create in Tableau the Kpis for Air flow volumes and costs per region,,Air Freight,LOGISTICS,Agency,,Operations,,,Air Freight,False,Air & Ocean,OGU_201731,,Air and Ocean,,,Air Freight,Air Reporting,True,,GBS - Air and Ocean Logistics Delivery,,,No,
1377,Yes,Ocean Import Accruals,Ocean Freight,Ocean Import,Ocean Import Accruals,Ceva Logistics,Active,Delivery,This task involves making accrual entries for Ocean shipments on CWO or OFS,N,No of invoices created,,,,LOGISTICS,Agency,,Operations,,,Ocean Freight,,Air & Ocean,OGU_201734,,Air and Ocean,,,Ocean Freight,Ocean Import,,,GBS - Air and Ocean Logistics Delivery,,,Yes,
1378,Yes,NONE (Operations Logistics),Air & Ocean,,NONE (Operations Logistics),Ceva Logistics,Active,Delivery,,N,,,,Air & Ocean,LOGISTICS,NA,,Operations,,,Air and Ocean,False,Air & Ocean,,,,,,None,NONE,False,,,,,No,
1379,,Assistance to GBS HO Project Management DDSM,DDSM,Assistance to GBS HO Customer Care,Assistance to GBS HO Project Management DDSM,Customer Care,Inactive,Global Support Function,Project Manager Involved on Projectconcerning several GBS centers on DDSM Domain,N,,,,,SHIPPING,Head Office,,Customer Care,CUSTOMER CARE,Project - DDSM,GBS HO,False,Business,OGU_201856,Sales & Customer Care,Business - Customer Care,,,DDSM,Assistance to GBS HO Customer Care DDSM,False,,GBS - Customer Care Shipping Delivery,,,No,
1380,Yes,AP Booking E-Vendor,Procure to pay,,AP Booking E-Vendor,Finance,Active,Delivery,"Invoices sent to Sub-contractor for him to record them  in Suppliers E-vendor portal, and solve integration incidents and problems ",Y,No of invoices,Number of AP invoices recorded in E-VEndor application,,Finance,LOGISTICS,Agency,,1. Payables,,,Finance,False,Finance,OGU_201655,Finance,Finance,,,Procure to pay,Other Procure to Pay,True,,GBS - Finance Logistics Delivery,,,Yes,
1381,Yes,Dispatcher Bonus,Record to report,,Dispatcher Bonus,Finance,Active,Delivery,Check the volume of dispatch and calculate the dispatcher bonus,N,NA,NA,,,LOGISTICS,Head Office,,3. Accounting,,HO Record to report,NA,False,Finance,OGU_201659,Finance & performance,Finance,,,Record to report,Other Record to Report,False,,GBS - Finance Logistics Delivery,,,No,
1382,Yes,Ground and Rail Pick Up Processing,Ground & Rail,Ground & Rail referential,Ground and Rail Pick Up Processing,Ceva Logistics,Active,Delivery,This task involves processing pickup orders for Ground & rail activities in US,Y,Number of Shipments,,,Ground & Rail,LOGISTICS,Agency,,Operations,,,Ground & Rail,False,Ground & Rail,OGU_201869,,Ground and Rail,,,Ground and Rail,Ground and Rail referential,False,,GBS - Ground and Rail Logistics Delivery,,,Yes,
1383,Yes,Air & Ocean Operational Report,Air & Ocean,Air & Ocean Reporting,Air & Ocean Operational Report,Ceva Logistics,Active,Delivery,,Y,No of Reports handed by GBS,,,Air & Ocean,LOGISTICS,,,Operations,,,Air and Ocean,False,Air & Ocean,OGU_202039,,Air and Ocean,,,Air and Ocean,Air & Ocean Reporting,False,,GBS - Air and Ocean Logistics Delivery,,,,
1384,Yes,Air & Ocean Customer Report,Air & Ocean,Air & Ocean Ops control,Air & Ocean Customer Report,Ceva Logistics,Active,Delivery,,Y,No of Reports handed by GBS,,,Air & Ocean,LOGISTICS,,,Operations,,,Air and Ocean,False,Air & Ocean,OGU_202039,,Air and Ocean,,,Air and Ocean,Air & Ocean Reporting,False,,GBS - Air and Ocean Logistics Delivery,,,,
1395,Yes,Fumigation Services,Add Value Activities,Analytics Market Intel BI,Fumigation Services,Commercial & Add Value Activities,Active,Delivery,"To ensure local regulations of Australia and New Zealand is complied with, CMA CGM offers our customers the option to fumigated their containers which fall within the scope of these restrictions. When the customers opts to fumigate using CMA CGM services then the containers are rerouted to transhipment hubs of Malaysia/Singapore where authorized vendors are contracted to perform the fumigations. The tasks are broadly categorized as follows:

1. Execution of customer instruction: execution on mandatory operational procedure of fumigation for AU & NZ bound shipments.
2. Transit management: ensuring container rerouting to Malaysia/Singapore and subseqeuent journey legs connected to final POD
3. Vendor’s coordination: appointment of vendor and negotiation of total cost of fumigation.
4. Cost handling: consolidated cost approval, inclusive of rerouting costs, to be validated through customer.
5. Document exchange: providing fumigation certificate & survey report to the customer for customs clearance in AU/NZ.",Y,Number of bookings confirmed,,,,SHIPPING,Head Office,,Line Management,,,,,Business,OGU_201859,,Business - Commercial,,,VAS,Product Management,True,,GBS - Commercial Shipping Delivery,,,No,
1397,Yes,Business Presentation Design,Add Value Activities,Business Presentation Design,Business Presentation Design,Commercial & Add Value Activities,Active,Delivery,Provides powerpoint presentation design services to top management.,Y,Number of PPT presentations,Nb of PPT presentations,,Ludovic Renou,SHIPPING,Head Office,,Line Management,,,,,Business,OGU_201860,,Business - Commercial,,,Add Value Activities,Business Presentation Design,True,,GBS - Commercial Shipping Delivery,,,No,
1399,Yes,Commercial Process Excellence,Transverse Commercial,Commercial Performance Improvement,Commercial Process Excellence,Commercial & Add Value Activities,Active,Global Support Function,"Ensure KPI/SLA are reported and met, process are well define, documented and aligned. CI / automation and process change under this scope.",Y,N/A GBS Global Support Function,,,NA - GBS,SHIPPING,Head Office,,Line Management,,,,,Business,OGU_201697,,Business - Commercial,,,Transverse Commercial,Commercial Process Improvement,True,,GBS - Commercial Shipping Delivery,,,No,
1402,Yes,HO IFF Desk FAK Grid,Commercial,Sales Support,HO IFF Desk FAK Grid,Commercial & Add Value Activities,Active,Delivery,Sending FAK grid rates to Forwarders on a monthly basis (Hugh Curtis team support),Y,Of Contracts,Of Contracts,,Thomas Cassuto,SHIPPING,Head Office,,Line Management,,,HO Lines Dept,,Business,OGU_201811,,Business - Commercial,,,Commercial,Sales Support,True,,GBS - Commercial Shipping Delivery,,,No,
1406,Yes,BAF Update,Commercial,Global Tender Support,BAF Update,Commercial & Add Value Activities,Active,Delivery,Update BAF/ETS details into LARA for Strategic accounts and maintain general tariff as per HO Guidance.,Y,Per nb of quote lines,Per nb of quote lines,,Thomas Cassuto,,Head Office,,Line Management,,Global Tender Support,HO Global Account Dept,False,Business,OGU_201692,,Business - Commercial,,,Commercial,Global Tender Support,True,,GBS - Commercial Shipping Delivery,,,No,
1408,Yes,Reefer Corporate Pricing Desk,Commercial,Global Tender Support,Reefer Corporate Pricing Desk,Commercial & Add Value Activities,Active,Delivery,"End-to-end management of Reefer tenders, quotations, pricing implementation, contract filing Audit and governance to ensure seamless commercial pricing support globally.",Y,Per nb of quote lines,No of port pairs managed to update it in OOG Webtool,,Thomas Cassuto,SHIPPING,Head Office,,Line Management,,Global Tender Support,HO Global Account Dept,False,Business,OGU_201692,Lines Management,Business - Commercial,,,Commercial,Global Tender Support,True,,GBS - Commercial Shipping Delivery,,,No,
1416,Yes,Quotation Quality & Control,Transverse Commercial,Commercial Performance Improvement,Quotation Quality & Control,Commercial & Add Value Activities,Active,Delivery,Review data quality prior to filing into LARA,Y,Per nb of quote lines,Nb of Quoted lanes in each Tender round,,NA - GBS,SHIPPING,Agency,,Line Management,,,HO Global Account Dept,False,Business,OGU_201697,,Business - Commercial,,,Transverse Commercial,Commercial Process Improvement,True,,GBS - Commercial Shipping Delivery,,,No,
1423,Yes,Charge Tariff Management (CTM),Tariff Management,Charge Tariff Management,Charge Tariff Management (CTM),Commercial & Add Value Activities,Active,Delivery,To create and manage surcharges in Tariffs (GTB/TTB/CTB),Y,Number of lines,Number of lines,,Christine Cabau,SHIPPING,Head Office,,Line Management,,,GEN Department,False,Business,OGU_201812,,Business - Commercial,,,Tariff Management,Charge Tariff support,True,,GBS - Commercial Shipping Delivery,,,No,
1428,Yes,Ocean import FCL quotations,Air & Ocean,Air & Ocean Quotation,Ocean import FCL quotations,Ceva Logistics,Active,Delivery,,Y,No of quotations updated and send to overseas,GBS Team update and send quotations based on SLA  by emaols,,Ocean,LOGISTICS,Agency,,Commercial,,,Ocean Freight,False,Air & Ocean,OGU_201741,,Air and Ocean,,,Air and Ocean,Air and Ocean Quotation,True,,GBS - Air and Ocean Logistics Delivery,,,Yes,
1429,Not Applicable,Data Integration Platform,India Group IT,Application Development & Maintenance,Data Integration Platform,IT Services,Active,Talent Pool,"This team will consume data from various source system like LARA , LISA, Aqua, Pricing, Aircargo, shiptracking, shipdb, Nova , etc and provide data to Qlik sense where business will analyze data and generate report",N,,,,,SHIPPING,Head Office,,IT,,,"IT - Core IT, Global DSI & Transfo",False,IT,OGU_201790,IT,IT,,,Group Information Technology,Application Development and Maintenance,False,,GBS - Information Technology Shipping Delivery,,,No,
1432,Yes,Quotation,Line Management,Pricing & Line Support,Quotation,Commercial & Add Value Activities,Active,Delivery,"This task involves managing and maintaining quotations for different customer segments and regions, ensuring accuracy and compliance in the system. It includes updates, validations, and linking/unlinking of Daughter Quotations (DQ), and Special Quotations (SQ) for efficient operational execution.",Y,Per nb of MQ + nb of tariff + nb of quote lanes,Per nb of MQ + nb of tariff + nb of quote lanes,,Olivier Nivoix,SHIPPING,Regional Office,,Line Management,,Pricing Support,,False,Business,OGU_201696,,Business - Commercial,,,Lines Management,Pricing and Line Support,True,,GBS - Commercial Shipping Delivery,,,,
1433,,Growth Hub - Shipping Customer Care,Growth Hub - Shipping Customer Care,Growth Hub - Shipping Customer Care,Growth Hub - Shipping Customer Care,Customer Care,Inactive,,,N,,None FTE based,,,SHIPPING,Head Office,,Quality Process,,,GBS HO,False,Other,,,,,,Customer Care Shipping Management,Growth Hub - Shipping Customer Care,False,,,,,No,
1434,,Growth Hub - Shipping Commercial,Growth Hub - Shipping Commercial,Growth Hub - Shipping Commercial,Growth Hub - Shipping Commercial,Commercial & Add Value Activities,Inactive,,,N,,None FTE based,,,SHIPPING,Head Office,,Quality Process,,,GBS HO,False,Other,,,,,,Commercial Shipping Management,Growth Hub - Shipping Commercial,False,,,,,No,
1435,,Growth Hub - Shipping Ops & Log,Growth Hub - Shipping Ops & Log,Growth Hub - Shipping Ops & Log,Growth Hub - Shipping Ops & Log,"Shipping Ops, Log & Interm",Inactive,,,N,,None FTE based,,,SHIPPING,Head Office,,Quality Process,,,GBS HO,False,Other,,,,,,Intermodal and Operations Management,Growth Hub - Shipping Ops & Log,False,,,,,No,
1436,,Growth Hub - Shipping Finance,Growth Hub - Shipping Finance,Growth Hub - Shipping Finance,Growth Hub - Shipping Finance,Finance,Inactive,,,N,,None FTE based,,,SHIPPING,Head Office,,Quality Process,,,GBS HO,False,Other,,,,,,Finance Shipping Management,Growth Hub - Shipping Finance,False,,,,,No,
1437,,Growth Hub - IT,Growth Hub - IT,Growth Hub - IT,Growth Hub - IT,IT Services,Inactive,,,N,,None FTE based,,,SHIPPING,Head Office,,Quality Process,,,GBS HO,False,Other,,,,,,Information Technology Shipping Management,Growth Hub - IT,False,,,,,No,
1438,,Growth Hub - Support Function,Growth Hub - Support Function,Growth Hub - Support Function,Growth Hub - Support Function,Support Function,Inactive,,,N,,None FTE based,,,SHIPPING,Head Office,,Quality Process,,,GBS HO,False,Other,,,,,,Accounting,Growth Hub - Support Function,False,,,,,No,
1439,,Growth Hub - Operations Logistics,Growth Hub - Operations Logistics,Growth Hub - Operations Logistics,Growth Hub - Operations Logistics,Ceva Logistics,Inactive,,,N,,None FTE based,,,LOGISTICS,Head Office,,Quality Process,,,GBS HO,False,Other,,,,,,Air and Ocean Logistics Management,Growth Hub - Operations Logistics,False,,,,,No,
1440,,Growth Hub - Logistics Finance,Growth Hub - Logistics Finance,Growth Hub - Logistics Finance,Growth Hub - Logistics Finance,Finance,Inactive,,,N,,None FTE based,,,LOGISTICS,Head Office,,Quality Process,,,GBS HO,False,Other,,,,,,Finance Logistics Management,Growth Hub - Logistics Finance,False,,,,,No,
1441,Yes,Air & Ocean Brokerage Operational Reports,Air & Ocean,Air & Ocean Reporting,Air & Ocean Brokerage Operational Reports,Ceva Logistics,Active,Delivery,,Y,No of reports handled by GBS,GBS team has reactive & proactive reports which are handled.All such reports are considered as GBS Volumes,,Air & Ocean,LOGISTICS,Agency,,Operations,,,Air & Ocean,False,Air & Ocean,OGU_202039,,Air and Ocean,,,Air and Ocean,Air & Ocean Reporting,True,,GBS - Air and Ocean Logistics Delivery,,,No,
1442,Yes,Air & Ocean Freight Auto-Rating,Air & Ocean,Air & Ocean Rate Support,Air & Ocean Freight Auto-Rating,Ceva Logistics,Active,Delivery,,Y,No. of rate card up-date request processed,GBS received rate card up-date request in SharePoint which is processed and uploaded to CW1. All such request are considered as GBS volumes.,,,LOGISTICS,Agency,,Operations,,,Air & Ocean,False,Air & Ocean,OGU_201864,,Air and Ocean,,,Air and Ocean,Air and Ocean Rate Support,False,,GBS - Air and Ocean Logistics Delivery,,,No,
1443,Yes,Tender Pricing,Line Management,Pricing & Line Support,Tender Pricing,Commercial & Add Value Activities,Active,Delivery,"Work on all tender rounds launched by customers, consolidation of offers from pricers , intermodal team and completing tender files for submission to customer ",Y,Per nb of quote lines,Per nb of quote lines,,Olivier Nivoix,SHIPPING,Regional Office,,Line Management,,Pricing Support,,False,Business,OGU_201696,,Business - Commercial,,,Lines Management,Pricing and Line Support,False,,GBS - Commercial Shipping Delivery,,,,
1444,Not Applicable,Transitions,,,Transitions,Support Function,Active,Global Support Function,,N,Per FTE,Studies on GBS Strategy ,,,ALL BUs,Head Office,,Quality Process,,Support Function,GBS HO,False,Other,OGU_201198,,Strategy and Growth,,,Global Transition Office,Transitions,False,,GBS - Strategy and Growth,,,No,
1445,Yes,Commercial Shipping Management,,,Commercial Shipping Management,Commercial & Add Value Activities,Active,Delivery,,N,Per FTE,Studies on GBS Strategy ,,,ALL BUs,Head Office,,Line Management,,Support Function,GBS HO,False,Business,0,,Business - Commercial,,,Commercial Shipping Management,Commercial Shipping Management,False,,GBS - Commercial Shipping Delivery,,,No,
1446,Not Applicable,GBS HO Transition Strategy,,,GBS HO Transition Strategy,Support Function,Active,Global Support Function,,N,Per FTE,Studies on GBS Strategy ,,,ALL BUs,Head Office,,Quality Process,,Support Function,GBS HO,False,Other,OGU_201196,,Strategy and Growth,,,Global Transition Office,Transition Strategy,False,,GBS - Strategy and Growth,,,No,
1447,Not Applicable,Scope extension New Frontier,,,Scope extension New Frontier,Support Function,Active,Global Support Function,,N,Per FTE,Studies on GBS Strategy ,,,ALL BUs,Head Office,,Quality Process,,Support Function,GBS HO,False,Other,OGU_201197,,Strategy and Growth,,,Global Transition Office,Scope extension,False,,GBS - Strategy and Growth,,,No,
1453,Not Applicable,Local Finance,,,Local Finance,Support Function,Active,Center Support Function,,N,Per FTE,Studies on GBS Strategy ,,,ALL BUs,Head Office,,Quality Process,,Support Function,GBS HO,False,Other,0,,0,,,Accounting,Center Support Function - Finance,False,,0,,,No,
1454,Not Applicable,Local Legal and Compliance,,,Local Legal and Compliance,Support Function,Active,Center Support Function,,N,Per FTE,Studies on GBS Strategy ,,,ALL BUs,Head Office,,5. Tax/Treasury/Cash,,Support Function,GBS HO,False,Finance,OGU_201882,,Finance,,,Compliance,Legal and Compliance,False,,GBS - Finance,,,No,
1455,Not Applicable,Local Admin,,,Local Admin,Support Function,Active,Center Support Function,,N,Per FTE,Studies on GBS Strategy ,,,ALL BUs,Head Office,,GM / ADM / PA,,Support Function,GBS HO,False,Other,OGU_201304,,DGD,,,Facilities Management & Administration,Facilities Management,False,,GBS - Facilities Management and Administration,,,No,
1456,Not Applicable,Local Procurement,,,Local Procurement,Support Function,Active,Center Support Function,,N,Per FTE,Studies on GBS Strategy ,,,ALL BUs,Head Office,,Quality Process,,Support Function,GBS HO,False,Other,OGU_201307,,DGD,,,Facilities Management & Administration,Procurement,False,,GBS - Facilities Management and Administration,,,No,
1457,Not Applicable,Local Transport Solutions,,,Local Transport Solutions,Support Function,Active,Center Support Function,,N,Per FTE,Studies on GBS Strategy ,,,ALL BUs,Head Office,,Quality Process,,Support Function,GBS HO,False,Other,OGU_201306,,DGD,,,Facilities Management & Administration,Transport Solutions,False,,GBS - Facilities Management and Administration,,,No,
1458,Not Applicable,Local Travel Desk,,,Local Travel Desk,Support Function,Active,Center Support Function,,N,Per FTE,Studies on GBS Strategy ,,,ALL BUs,Head Office,,Quality Process,,Support Function,GBS HO,False,Other,OGU_201305,,DGD,,,Facilities Management & Administration,Travel Desk,False,,GBS - Facilities Management and Administration,,,No,
1459,Not Applicable,Local Management Center Heads,,,Local Management Center Heads,Support Function,Active,Center Support Function,,N,Per FTE,Studies on GBS Strategy ,,,ALL BUs,Head Office,,GM / ADM / PA,,Support Function,GBS HO,False,Other,OGU_201121,,Management,,,GBS management,Center Heads,False,,GBS - Management,,,No,
1460,Not Applicable,Local HR,,,Local HR,Support Function,Active,Center Support Function,,N,Per FTE,Studies on GBS Strategy ,,,ALL BUs,Head Office,,Quality Process,,Support Function,GBS HO,False,Other,0,,0,,,Human Resources,Center Support Function - Human Resources,False,,0,,,No,
1461,Not Applicable,Local Quality & Certification,,,Local Quality & Certification,Support Function,Active,Center Support Function,,N,Per FTE,Studies on GBS Strategy ,,,ALL BUs,Head Office,,Quality Process,,Support Function,GBS HO,False,Other,OGU_201315,,RCAI,,,Internal Control,Internal Control,False,,GBS - Audit Risk and Internal Control Delivery,,,No,
1462,Yes,Talent Pool (Customer Care),,,Talent Pool (Customer Care),Customer Care,Active,Talent Pool,,N,Per FTE,,,,ALL BUs,Head Office,,Customer Care,,,GBS HO,False,Business,0,,0,,,Talent Pool (Customer Care),Talent Pool (Customer Care),False,,0,,,No,
1463,Yes,Talent Pool (Finance),,,Talent Pool (Finance),Finance,Active,Talent Pool,,N,Per FTE,,,,ALL BUs,Head Office,,3. Accounting,,,GBS HO,False,Finance,0,,0,,,Talent Pool (Finance),Talent Pool (Finance),False,,0,,,No,
1464,Not Applicable,Talent Pool (HR),,,Talent Pool (HR),HR,Active,Talent Pool,,N,Per FTE,,,,ALL BUs,Head Office,,HR,,,GBS HO,False,HR,0,,0,,,Talent Pool (HR),Talent Pool (HR),False,,0,,,No,
1465,Not Applicable,Talent Pool (IT),,,Talent Pool (IT),IT Services,Active,Talent Pool,,N,Per FTE,,,,ALL BUs,Head Office,,IT,,,GBS HO,False,IT,0,,0,,,Talent Pool (IT),Talent Pool (IT),False,,0,,,No,
1466,Yes,Talent Pool (Operations Logistics),,,Talent Pool (Operations Logistics),Ceva Logistics,Active,Talent Pool,,N,Per FTE,,,,ALL BUs,Head Office,,Operations Logistics,,,GBS HO,False,Air & Ocean,,,,,,Talent Pool (operations Logistics),Talent Pool (Operations Logistics),False,,,,,No,
1467,Yes,Talent Pool (Industrial Assets),,,Talent Pool (Industrial Assets),"Shipping Ops, Log & Interm",Active,Talent Pool,,N,Per FTE,,,,ALL BUs,Head Office,,"Ops, Log and Ils",,,GBS HO,False,Industrial Assets,,,OGU_200382,,,Talent Pool (Industrial Assets),Talent Pool (Industrial Assets),False,,,,,No,
1468,Not Applicable,Application Development & Maintenance (ADM) Project,,,Application Development & Maintenance (ADM) Project,IT Services,Active,Talent Pool,,Y,,Workflow & Automation,,,ALL BUs,Head Office,,GBS IT,,,"IT - Core IT, Global DSI & Transfo",False,IT,OGU_201781,IT,IT,,,GBS Information Technology,GBS Application Development and Maintenance,False,,GBS - Information Technology,,,No,
1469,Not Applicable,ADM AIML Project,,,ADM AIML Project,IT Services,Active,Talent Pool,"Artificial Intelligence Machine Learning (AIML) - This process focuses on discovering AI/ML opportunities and maintaining applications to address business needs. Key activities include identifying use cases, developing models, ensuring data quality, and providing ongoing support to optimize performance and reliability.",N,,,,,SHIPPING,Head Office,,GBS IT,,,GBS HO,False,IT,OGU_201781,IT,IT,,,GBS Information Technology,GBS Application Development and Maintenance,True,,GBS - Information Technology,,,No,
1470,Not Applicable,CoE_Automation Project,,,CoE_Automation Project,IT Services,Active,Talent Pool,,Y,,,,,SHIPPING,Head Office,,GBS IT,,,HO IT Department,False,IT,OGU_201870,IT,IT,,,GBS Information Technology,Automation RPA,False,,GBS - Information Technology,,,No,
1472,Yes,Operations Process Excellence,,,Operations Process Excellence,"Shipping Ops, Log & Interm",Active,Global Support Function,"Ensure KPI/SLA are reported and met, process are well define, documented and aligned. CI / automation and process change under this scope.",N,,,,NA - GBS,ALL BUs,SSC,,Equipment Mgt,,,,False,Industrial Assets,OGU_201879,,Ind. Assets - Intermodal,,,Transverse Intermodal and Operations,Intermodal and Operations process improvement,False,,GBS - Intermodal and Operations Shipping Delivery,,,,
1473,Yes,Finance Process Management,,,Finance Process Management,Finance,Active,Global Support Function,,Y,,,,,,,,3. Accounting,,Finance support,,False,Finance,OGU_201662,,Finance,,,Transverse Finance,Finance Process Improvement,,,GBS - Finance Logistics Delivery,,,,
1474,Yes,Logistics Finance Process Improvement,,,Logistics Finance Process Improvement,Finance,Active,Delivery,,Y,,,,,,,,3. Accounting,,Finance support,,False,Finance,0,,0,,,Transverse Logistics Finance,Logistics Finance Process Improvement,,,0,,,,
1475,Yes,Process Excellence - Key Client,,,Process Excellence - Key Client,Customer Care,Active,Global Support Function,"The role ensures consistent execution of customer commitments across all GBS Delivery Centers by providing end-to-end operational oversight, monitoring service health and SLA performance, driving proactive issue resolution, and leading continuous improvement initiatives.
Acting as the operational governance lead for GBS, the role coordinates delivery across GBS functions and serves as the primary interface between GBS Delivery teams, Global Account Management (CCAM & GKAM) and other key stakeholders on GBS-related operational matters.
The role supports Customer Care in delivering a consistent, high-quality customer experience by providing operational expertise, execution visibility and performance reporting.",N,,,,,ALL BUs,SSC,,Customer Care,,Customer Service,HO GEN Dept,False,Business,,,Business - Customer Care,,,Transversal Functions,Customer Care Account Management,False,,GBS - Customer Care Shipping Delivery,,,,
1476,Yes,Project ERA Finance,,,Project ERA Finance,Finance,Active,Global Support Function,,N,Per FTE,,,,SHIPPING,Head Office,,Quality Process,,Support Function,HO GBS,False,Other,OGU_201850,,Finance,,,Finance Shipping Management,Project ERA Finance,False,,GBS - Finance Shipping Delivery,,,No,
1477,Yes,Project ERA Ops Log ILS & Legal,,,Project ERA Ops Log ILS & Legal,"Shipping Ops, Log & Interm",Active,Global Support Function,,N,Per FTE,,,,SHIPPING,Head Office,,Quality Process,,Support Function,HO GBS,False,Other,OGU_201861,,Ind. Assets - Container Fleet Management,,,Container Fleet Management,Project ERA Ops Log ILS & Legal,False,,GBS - Container fleet Management Shipping Delivery,,,No,
1478,,Project ERA Customer Care,,,Project ERA Customer Care,Customer Care,Inactive,Global Support Function,,N,Per FTE,,,,SHIPPING,Head Office,,Quality Process,,Support Function,HO GBS,False,Other,OGU_201853,,Business - Customer Care,,,Customer Care Shipping Management,Project ERA Customer Care,False,,GBS - Customer Care Shipping Delivery,,,No,
1479,Yes,Specific log support - Empty Container Evacuation,,,Specific log support - Empty Container Evacuation,"Shipping Ops, Log & Interm",Active,Delivery,,Y,Nb of BL,,,,SHIPPING,Agency,,Equipment Mgt,,Specific Log support,HO Logistics Dept,False,Industrial Assets,OGU_201699,HO Logistics,Ind. Assets - Container Fleet Management,,,Container Fleet Management,Equipment Management,False,,GBS - Container Fleet Management Shipping Delivery,,,Yes,
1480,Yes,Purchase Order Management,,,Purchase Order Management,Finance,Active,Delivery,Create Purchase order in CEVA Non trade procurement tool Synertrade (Equivalent to C-Mona in shipping),Y,Nb of PO,,,,LOGISTICS,Agency,,6. Other,,,HO Procurement Dept,False,CEVA Finance,OGU_201880,,Ind. Assets - Procurement,,,Logistics procurement,Non trade Logistics procurement,False,,GBS - Procurement Logistics Delivery,,,Yes,
1481,Yes,Purchase Order Receipt Processing,,,Purchase Order Receipt Processing,Finance,Active,Delivery,Receive services and Goods in Non Trade Procuremnt system Synertrade (equivallent to C-Mona in Shipping),Y,Nb of receipt,,,,LOGISTICS,Agency,,6. Other,,,HO Procurement Dept,False,CEVA Finance,OGU_201880,,Ind. Assets - Procurement,,,Logistics procurement,Non trade Logistics procurement,False,,GBS - Procurement Logistics Delivery,,,Yes,
1482,Yes,Synertrade & Web3 Support,,,Synertrade & Web3 Support,Finance,Active,Delivery,"User assistance with Super Key user role on Synertrade , Non trade Procurement tool (equivallent to C-Mona in shipping) ",Y,Nb of Support ticket,,,,LOGISTICS,Agency,,6. Other,,,HO Procurement Dept,False,CEVA Finance,OGU_201880,,Ind. Assets - Procurement,,,Logistics procurement,Non trade Logistics procurement,False,,GBS - Procurement Logistics Delivery,,,Yes,
1483,Yes,Air and Ocean Operations Logistics Process Excellence,,,Air and Ocean Operations Logistics Process Excellence,Ceva Logistics,Active,Global Support Function,Process Excellence Team,N,,,,Air & Ocean,LOGISTICS,,,Operations,,,Air & Ocean,False,Air & Ocean,OGU_201881,,Air and Ocean,,,Transverse Air and Ocean Operations Logistics,Transverse Air and Ocean process improvement,False,,GBS - Air and Ocean Logistics Delivery,,,Yes,
1484,Not Applicable,Local Application Development & Maintenance,,,Local Application Development & Maintenance,IT Services,Active,Talent Pool,,N,,,,,SHIPPING,SSC,,GBS IT,,,HO IT Department,False,IT,OGU_201779,,IT,,,IT Infrastructure,Local Application Development and Maintenance,,,GBS - Information Technology,,,No,
1485,Yes,Logistics Partnership,,,Logistics Partnership,Ceva Logistics,Active,Delivery,,Y,,,,,LOGISTICS,Head Office,,Operations,,Partnership,HO GEN Dept,False,Cross Product,OGU_201863,,Air and Ocean,,,Air and Ocean,Logistics Partnership,False,,GBS - Air and Ocean Logistics Delivery,,,No,
1486,Yes,Invoice Spot on Booking Cancellation Fee – LARA,,,Invoice Spot on Booking Cancellation Fee – LARA,Customer Care,Active,Delivery,Spot On cancellation invoice created in LARA,N,Per nb of Invoices Produced,Nb of invoice created during the period,"<div class=""ExternalClassBD8313AF638B475CB650CD6B10CBBA9E""><div>China&#58; LARA Mirror

India&#58; Excel Database</div></div>",,SHIPPING,Agency,,Customer Care,,Export - Freight Audit & Invoicing,HO GEN Dept,False,Business,OGU_201670,Sales & Customer Care,Business - Customer Care,,,Service Delivery,Freight Audit and Invoicing Import,True,"Due to Customer care HO alignment
PL 1 - Freight Audit and Invoicing to Service Delivery
PL 2 - Freight Audit and Invoicing Export to Freight Audit Invoicing Export",GBS - Customer Care Shipping Delivery,,,,
1488,Not Applicable,ADM Shipping Operations Applications,,,ADM Shipping Operations Applications,IT Services,Active,Talent Pool,"Network and Operations domain is in charge of  group IT tools of following business process :
- Capacity, Allocation, Utilization,
- Cargo Monitoring,
- Port Call Operations,
- Vessel Operations.
 
Functional expertise and Delivery management are done for a set of applications as Lara (specific modules), Lisa and Dataways, VCBP, LLO. ",N,,,,,SHIPPING,Head Office,,IT,,,"IT - Core IT, Global DSI & Transfo",False,IT,OGU_201790,IT,IT,,,Group Information Technology,Application Development and Maintenance,False,,GBS - Information Technology Shipping Delivery,,,No,
1491,Not Applicable,Business Continuity Plan,,,Business Continuity Plan,Support Function,Active,Global Support Function,,N,,,,,SHIPPING,Head Office,,Quality Process,,,GBS HO,False,Other,OGU_201194,,Strategy and Growth,,,Strategic Planning and Resilience,Business Continuity & Resilience,False,,GBS - Strategy and Growth,,,No,
1494,,Internal Control,,,Internal Control,Support Function,Inactive,,,N,,,,,SHIPPING,Head Office,,Quality Process,,,GBS HO,False,Other,,,,,,Internal Control,Internal Control,False,,,,,No,
1495,,Executive Governance,,,Executive Governance,Support Function,Inactive,,,N,,,,,SHIPPING,Head Office,,Quality Process,,,GBS HO,False,Other,OGU_201191,,Strategy and Growth,,,Strategic Planning & Performance,Executive Governance,False,,GBS - Strategy and Growth,,,No,
1496,Not Applicable,Compensation & Benefits,,,Compensation & Benefits,Support Function,Active,Center Support Function,,N,,,,,SHIPPING,Head Office,,HR,,,GBS HO,False,HR,OGU_201225,,HR,,,Compensation & Benefits,Compensation & Benefits,False,,GBS - Human Resources,,,No,
1497,Not Applicable,Travel Desk Services,,,Travel Desk Services,Support Function,Active,Center Support Function,,N,,,,,SHIPPING,Head Office,,Quality Process,,,GBS HO,False,Other,OGU_201305,,DGD,,,Facilities Management & Administration,Travel Desk Services,False,,GBS - Facilities Management and Administration,,,No,
1498,Not Applicable,Facilities Management,,,Facilities Management,Support Function,Active,Center Support Function,,N,,,,,SHIPPING,Head Office,,GM / ADM / PA,,,GBS HO,False,Other,OGU_201304,,DGD,,,Facilities Management & Administration,Facilities Management,False,,GBS - Facilities Management and Administration,,,No,
1500,Not Applicable,Talent Management Management,,,Talent Management Management,Support Function,Active,Center Support Function,,N,,,,,SHIPPING,Head Office,,HR,,,GBS HO,False,HR,OGU_201229,,HR,,,Talent Management,Talent Management Management,False,,GBS - Human Resources,,,No,
1502,Not Applicable,Transitions Logistics,,,Transitions Logistics,Support Function,Active,Global Support Function,,N,Per FTE,Studies on GBS Strategy ,,,LOGISTICS,Head Office,,Quality Process,,Support Function,GBS HO,False,Other,OGU_201198,,Strategy and Growth,,,Global Transition Office,Transitions,False,,GBS - Strategy and Growth,,,No,
1505,Not Applicable,HR Partnership,,,HR Partnership,Support Function,Active,Center Support Function,,N,,,,,SHIPPING,Head Office,,HR,,,GBS HO,False,HR,OGU_201217,,HR,,,HR specialist,HR Partnership,False,,GBS - Human Resources,,,No,
1506,Not Applicable,Local Accounts Payable Booking,,,Local Accounts Payable Booking,Support Function,Active,Center Support Function,,N,,,,,SHIPPING,Head Office,,1. Payables,,,GBS HO,False,Finance,OGU_201245,,Finance,,,Accounting,Local Accounts Payable Booking,False,,GBS - Finance,,,No,
1507,Not Applicable,Local General Ledger,,,Local General Ledger,Support Function,Active,Center Support Function,,N,,,,,SHIPPING,Head Office,,3. Accounting,,,GBS HO,False,Finance,OGU_201246,,Finance,,,Accounting,Local General Ledger,False,,GBS - Finance,,,No,
1508,Not Applicable,HR Administration Management,,,HR Administration Management,Support Function,Active,Center Support Function,,N,,,,,SHIPPING,Head Office,,HR,,,GBS HO,False,HR,OGU_201235,,HR,,,HR Administration,HR Administration Management,False,,GBS - Human Resources,,,No,
1509,Not Applicable,Local Finance Management,,,Local Finance Management,Support Function,Active,Center Support Function,,N,,,,,SHIPPING,Head Office,,4. Management,,,GBS HO,False,Finance,OGU_201849,,Finance,,,Accounting,Business Finance Management,False,,GBS - Finance,,,No,
1513,Not Applicable,Record to Report Management,,,Record to Report Management,Support Function,Active,Center Support Function,,N,,,,,SHIPPING,Head Office,,Quality Process,,,GBS HO,False,Other,0,,0,,,Accounting,Record to Report Management,False,,0,,,No,
1514,,Customer Care Shipping Management,,,Customer Care Shipping Management,Support Function,Inactive,,,N,,,,,SHIPPING,Head Office,,Quality Process,,,GBS HO,False,Other,,,,,,Project ERA Customer Care,Customer Care Shipping Management,False,,,,,No,
1515,Not Applicable,Labor Relations,,,Labor Relations,Support Function,Active,Center Support Function,,N,,,,,SHIPPING,Head Office,,HR,,,GBS HO,False,HR,OGU_201228,,HR,,,Labor Relations,Labor Relations,False,,GBS - Human Resources,,,No,
1516,,Finance Shipping Management,,,Finance Shipping Management,Support Function,Inactive,,,N,,,,,SHIPPING,Head Office,,Quality Process,,,GBS HO,False,Other,,,,,,Project ERA Finance,Finance Shipping Management,False,,,,,No,
1517,Not Applicable,Learning,,,Learning,Support Function,Active,Center Support Function,,N,,,,,SHIPPING,Head Office,,HR,,,GBS HO,False,HR,OGU_201232,,HR,,,Talent Management,Learning,False,,GBS - Human Resources,,,No,
1518,Not Applicable,Local HR specialist Management,,,Local HR specialist Management,Support Function,Active,Center Support Function,,N,,,,,SHIPPING,Head Office,,HR,,,GBS HO,False,HR,OGU_201217,,HR,,,HR specialist,Local HR specialist Management,False,,GBS - Human Resources,,,No,
1519,,Container Fleet Management,,,Container Fleet Management,Support Function,Inactive,,,N,,,,,SHIPPING,Head Office,,Quality Process,,,GBS HO,False,Other,,,,,,Project ERA Ops Log Ils & Legal,Container Fleet Management,False,,,,,No,
1520,,GBS Management,,,GBS Management,Support Function,Inactive,,,N,,,,,SHIPPING,Head Office,,Quality Process,,,GBS HO,False,Other,0,,0,,,GBS management,GBS Management,False,,0,,,No,
1521,Not Applicable,Engagement,,,Engagement,Support Function,Active,Center Support Function,,N,,,,,SHIPPING,Head Office,,HR,,,GBS HO,False,HR,OGU_201234,,HR,,,Talent Management,Engagement,False,,GBS - Human Resources,,,No,
1522,Not Applicable,Talent Acquisition,,,Talent Acquisition,Support Function,Active,Center Support Function,,N,,,,,SHIPPING,Head Office,,HR,,,GBS HO,False,HR,OGU_201230,,HR,,,Talent Management,Talent Acquisition,False,,GBS - Human Resources,,,No,
1526,Not Applicable,Other Record to Report,,,Other Record to Report,Support Function,Active,Center Support Function,,N,,,,,SHIPPING,Head Office,,Quality Process,,,GBS HO,False,Other,OGU_201633,,Finance,,,Accounting,Other Record to Report,False,,GBS - Finance Shipping Delivery,,,No,
1527,Not Applicable,Payroll & Administration,,,Payroll & Administration,Support Function,Active,Center Support Function,,N,,,,,SHIPPING,Head Office,,HR,,,GBS HO,False,HR,OGU_201236,,HR,,,HR Administration,Payroll & Administration,False,,GBS - Human Resources,,,No,
1528,Not Applicable,Talent Development,,,Talent Development,Support Function,Active,Center Support Function,,N,,,,,SHIPPING,Head Office,,HR,,,GBS HO,False,HR,OGU_201233,,HR,,,Talent Management,Talent Development,False,,GBS - Human Resources,,,No,
1529,Not Applicable,Internal Control Logistics,,,Internal Control Logistics,Audit Risk and Internal Control,Active,Global Support Function,,N,,,,,LOGISTICS,Head Office,,Quality Process,,,GBS HO,False,Other,,,,,,Group Internal Control,Internal Control,False,,,,,No,
1531,Not Applicable,Local Accounts Payable Booking Logistics,,,Local Accounts Payable Booking Logistics,Support Function,Active,Center Support Function,,N,,,,,LOGISTICS,Head Office,,1. Payables,,,GBS HO,False,Finance,OGU_201245,,Finance,,,Accounting,Local Accounts Payable Booking,False,,GBS - Finance,,,No,
1536,Not Applicable,Local General Ledger Logistics,,,Local General Ledger Logistics,Support Function,Active,Center Support Function,,N,,,,,LOGISTICS,Head Office,,6. Other,,,GBS HO,False,CEVA Finance,OGU_201246,,Finance,,,Accounting,Local General Ledger,False,,GBS - Finance,,,No,
1537,,Business performance Logistics,Strategic Planning & Performance,Business performance,Business performance Logistics,Support Function,Inactive,,,N,,,,,LOGISTICS,Head Office,,Quality Process,,,GBS HO,False,Other,OGU_201193,,Strategy and Growth,,,Strategic Planning & Performance,Business performance,False,,GBS - Strategy and Growth,,,No,
1540,Not Applicable,Global Human Resources Management,,,Global Human Resources Management,Support Function,Active,Global Support Function,,N,,,,,SHIPPING,Head Office,,HR,,,GBS HO,False,HR,0,,0,,,Human Resources,Global Support Function-Human Resources,False,,0,,,No,
1541,Yes,Ground and Rail Operational Reports,,,Ground and Rail Operational Reports,Ceva Logistics,Active,Delivery,,Y,,,,,,,,,,,,False,,,,,,,Ground and Rail,Ground and Rail order Management,False,,,,,,
1542,Not Applicable,NONE (Risk & Compliance),,,NONE (Risk & Compliance),Audit Risk and Internal Control,Active,Global Support Function,,N,,,,,SHIPPING,Head Office,,Risk & Compliance,,,,False,,,,,,,Audit Risk & compliance,NONE,False,,,,,No,
1543,Yes,Export Doc - COD,,,Export Doc - COD,Customer Care,Active,Delivery,Based on customer request for COD - BL Release (OBL / SeaWay) to customer before original discharge,N,Per nb of BL Draft COD  sent,"""COD Process to be maintained Separately
(UOM - Source Manual Input from Delivery)""","<div class=""ExternalClass43367B11E3394328906AF794CBB61227"">(UOM - Source Manually Input from Delivery)</div>",,SHIPPING,Agency,,Customer Care,,Service Delivery Export,HO GEN Dept,False,Business,OGU_202086,Sales & Customer Care,Business - Customer Care,,,Service Delivery,Documentation Export,True,"Due to Customer care HO alignment
PL 1 - Documentation to Service Delivery
PL 2 - Service Delivery Export to Documentation Export",GBS - Customer Care Shipping Delivery,,,No,
1544,,Import Doc - COD,,,Import Doc - COD,Customer Care,Inactive,Delivery,Based on customer request for COD - BL Release (OBL / SeaWay) to customer before original discharge and sending the arrival notice accordingly,N,Per nb of Import BL handled - COD,"""COD Process to be maintained Separately
(UOM - Source Manual Input from Delivery)""","<div class=""ExternalClass33BD90C832254461931C0C92B109A3E1""><div style=""font-family&#58;Calibri, Arial, Helvetica, sans-serif;font-size&#58;11pt;color&#58;rgb(0, 0, 0);""><br></div>(UOM - Source Manually Input from Delivery)</div>",,SHIPPING,Agency,,Customer Care,,Service Delivery Import,HO GEN Dept,False,Business,OGU_201668,Sales & Customer Care,Business - Customer Care,,,Documentation,Service Delivery Import,True,"please create new process referential for Export Doc – COD, Import Doc – COD and Import Doc – Exception Management. - MOHAN Dhamodharan  (Email)",GBS - Customer Care Shipping Delivery,,,No,
1545,Yes,Import Doc - Exception Management,,,Import Doc - Exception Management,Customer Care,Active,Delivery,"Exceptional activities handled based on local country specifics/requirements, Main Criteria : >3 FTE workload from any agency,",N,,"Services which is not part of standard process flow to be reviewed and approved by Owner & Tower Head, Main Criteria: >3 FTE workload from any agency, < 3 FTE Moved under standard or FAI ","<div class=""ExternalClassF8B53E5C174845AF9B1348BC202D953C""><div style=""font-family&#58;Calibri, Arial, Helvetica, sans-serif;font-size&#58;11pt;color&#58;rgb(0, 0, 0);""><br></div><span>&lt;div&gt;China&amp;#58; LARA Mirror<br></span><span>&lt;br&gt;&lt;/div&gt;&lt;div&gt;India&amp;#58; Cira dashboard (One Cira)&lt;p&gt;Take the&amp;#160;Manifestation volume&lt;/p&gt;&lt;/div&gt;</span></div>",,SHIPPING,Agency,,Customer Care,,Service Delivery Import,HO GEN Dept,False,Business,OGU_202087,Sales & Customer Care,Business - Customer Care,,,Service Delivery,Documentation Import,True,"Due to Customer care HO alignment
PL 1 - Documentation to Service Delivery
PL 2 - Service Delivery Import to Documentation Import",GBS - Customer Care Shipping Delivery,"<div class=""ExternalClassA16AC2A9C34C4DEA9BFE80585628764B""><div style=""font-family&#58;Calibri, Arial, Helvetica, sans-serif;font-size&#58;11pt;color&#58;rgb(0, 0, 0);""><br></div><table width=""64"" style=""border-collapse&#58;collapse;width&#58;48pt;"">
 <tbody><tr height=""19"" style=""height&#58;14.5pt;"">

  <td height=""19"" width=""64"" style=""padding-top&#58;1px;padding-right&#58;1px;padding-left&#58;1px;color&#58;black;font-size&#58;11pt;font-family&#58;&quot;Aptos Narrow&quot;, sans-serif;vertical-align&#58;bottom;border&#58;none;border&#58;1px solid rgb(212, 212, 212);height&#58;14.5pt;width&#58;48pt;"">&lt;span
  style=&quot;color&amp;#58;black;&quot;&gt;&lt;a
  title=&quot;https&amp;#58;//bareports.cma-cgm.com/rm2016/report/ssc/imports/import_daily_kpi_ssrs/monthly_vol?rs&amp;#58;embed=true&quot;
  href=&quot;https&amp;#58;//bareports.cma-cgm.com/RM2016/report/SSC/Imports/Import_Daily_KPI_SSRS/Monthly_Vol?rs&amp;#58;embed=true&quot;
  rel=&quot;noopener noreferrer&quot; target=&quot;_blank&quot;
  tabindex=&quot;-1&quot;
  style=&quot;margin&amp;#58;0px;box-sizing&amp;#58;border-box;background-color&amp;#58;rgb(255,
  255, 255);color&amp;#58;rgb(91, 95, 199);font-family&amp;#58;&amp;quot;Segoe
  UI&amp;quot;, system-ui, &amp;quot;Apple Color Emoji&amp;quot;,
  &amp;quot;Segoe UI Emoji&amp;quot;,
  sans-serif;font-size&amp;#58;14px;&quot;&gt;Monthly_Vol - SQL Server Reporting
  Services (cma-cgm.com)&lt;/a&gt;&lt;/span&gt;&lt;br&gt;</td></tr></tbody></table></div>",,No,
1546,Yes,Break bulk Support,,,Break bulk Support,"Shipping Ops, Log & Interm",Active,Delivery,"This Team is responsible to Ensure the tracking of the Break bulk containers and see to it that container are loaded with co-ordination with Cargo Project Manager, Surveyor , terminal & Stowage planner.",Y,"No. of break bulk projects handled( i.e including All drawings, Method statements and related documents prepared) 
Source of volume: Records manually maintained by GBSI.",,,,SHIPPING,Head Office,,Lines Operations,,Special Cargo Support,HO Lines Operations Dept,False,Business,0,,0,,,Lines operations,Special Cargo Support,False,,0,,,No,
1547,Yes,Reefer support,,,Reefer support,"Shipping Ops, Log & Interm",Active,Delivery,"This Team is reponsible to Ensure that products are safely set: Approving new commodities, advise Settings, Transit Time and other particularities which are appropriate to certain commodities ; engage with internal and external parties to mitigate the risks (Controlled Atmosphere, Cold Treatment, Pharma, Chilled Meat, etc.)
",Y,Tracking of reefer containers,,,,SHIPPING,Head Office,,Lines Operations,,Special Cargo Support,HO Lines Operations Dept,False,Business,0,Lines Management,0,,,Lines operations,Special Cargo Support,False,,0,,,No,
1548,Yes,Tax Center of Excellence,Record to report,Record to report,Tax Center of Excellence,Finance,Active,Delivery,"As part of the new process in the Tax Center of Excellence, team will help the Local Agency team in extracting the Supporting documents of Invoices, Bill of Lading, Reports and reconcile the balances between Accounting and Statutory Returns files with Tax Authorities. They will assist in Local Tax Audits conducted at Agency",N,NA,"As part of the new process in the Tax Center of Excellence, team will help the Local Agency team in extracting the Supporting documents of Invoices, Bill of Lading, Reports and reconcile the balances between Accounting and Statutory Returns files with Tax Authorities. They will assist in Local Tax Audits conducted at Agency.",,,SHIPPING,Agency,,3. Accounting,,Accounting,,False,Finance,OGU_201659,Finance & performance,Finance,,,Record to report,Other Record to Report,,New Ref - Created,GBS - Finance Logistics Delivery,,,No,
1552,Not Applicable,Security Architecture and Advisory (SAA),IT services,Cybersecurity,Security Architecture and Advisory (SAA),IT Services,Active,Talent Pool,"Security Architecture and Advisory (SAA) involve designing robust security frameworks across systems and networks, while providing expert guidance to assess risks, recommend controls, and ensure business-aligned cyber resilience.",N,,"Security Architecture and Advisory (SAA) involve designing robust security frameworks across systems and networks, while providing expert guidance to assess risks, recommend controls, and ensure business-aligned cyber resilience.",,,SHIPPING,Head Office,,IT,,,HO Group Security,False,IT,OGU_201794,Rakesh Rajora,IT,,,Group Information Technology,Cybersecurity,False,New Ref - Created,GBS - Information Technology Shipping Delivery,,,No,
1553,Yes,Elite claims,,,Elite claims,Legal,Active,Delivery,,Y,Per nb of notifications,"""Handle claims for Clients designated as Elite by HO Commercial Desk. ","<div class=""ExternalClassF3CD935E76CF4475917B53A6362C2EF1""><div style=""font-family&#58;Calibri, Arial, Helvetica, sans-serif;font-size&#58;11pt;color&#58;rgb(0, 0, 0);""><br></div>Manual Excel File</div>",,SHIPPING,Head Office,,Legal,,Maritime Claims,HO Legal Dept,False,Legal,OGU_201766,Prathamesh Avhad,Legal,,,Shipping and Air Freight Legal,Maritime Claims,False,Legal Domain - Newly Created,GBS - Legal Shipping and Air Freight Delivery,,,,
1554,Yes,Financial Monitoring for Claims,,,Financial Monitoring for Claims,Legal,Active,Delivery,,Y,Per nb of invoices,"End to end validation and processing of claims payment, survey fees payment, debit note creation for third party and insurers for GBS and Super-agent claim handlers.
","<div class=""ExternalClassDE9AB7AE702A412082F51C0DFF6B8412"">​Manual excel file</div>",,SHIPPING,Head Office,,Legal,,Maritime Claims,HO Legal Dept,False,Legal,OGU_201766,Prathamesh Avhad,Legal,,,Shipping and Air Freight Legal,Maritime Claims,,Legal Domain - Newly Created,GBS - Legal Shipping and Air Freight Delivery,,,,
1555,Yes,Serenity claims,,,Serenity claims,Legal,Active,Delivery,,Y,Per nb of notifications,,"<div class=""ExternalClass4369C23EC30B4B14B49C319B417444B7"">​Manual excel file</div>",,SHIPPING,Head Office,,Legal,,Maritime Claims,HO Legal Dept,False,Legal,OGU_201766,Prathamesh Avhad,Legal,,,Shipping and Air Freight Legal,Maritime Claims,,Legal Domain - Newly Created,GBS - Legal Shipping and Air Freight Delivery,,,,
1556,Yes,Ops Recovery,,,Ops Recovery,Legal,Active,Delivery,,Y,Per nb of notifications,Recovery process for operational claims related to excess expenditure incurred during transit.,"<div class=""ExternalClass9A0871BC4A80466899FF4E8F84C90FEE"">​Manual excel file</div>",,SHIPPING,Head Office,,Legal,,Maritime Claims,HO Legal Dept,False,Legal,OGU_201766,Prathamesh Avhad,Legal,,,Shipping and Air Freight Legal,Maritime Claims,False,Legal Domain - Newly Created,GBS - Legal Shipping and Air Freight Delivery,,,Yes,
1557,Yes,H&M Recovery,,,H&M Recovery,Legal,Active,Delivery,,Y,Per nb of notifications,Stevedore Damage to CMA CGM vessel recovery process,"<div class=""ExternalClass866E280FEC7149AEBD9A0DFAEAB5F552"">​Manual excel file</div>",,SHIPPING,Head Office,,Legal,,Maritime Claims,HO Legal Dept,False,Legal,OGU_201766,Prathamesh Avhad,Legal,,,Shipping and Air Freight Legal,Maritime Claims,False,Legal Domain - Newly Created,GBS - Legal Shipping and Air Freight Delivery,,,,
1558,Yes,Claims Dispatch,,,Claims Dispatch,Legal,Active,Delivery,,Y,Per nb of notifications,"Distribute the claims to the right claim team entity according to amount evaluation (RO, GBS, Super agency...)
","<div class=""ExternalClass26AF5271F58D4226977D6F9A3980D4DC"">​Manual excel file</div>",,SHIPPING,Head Office,,Legal,,Maritime Claims,HO Legal Dept,False,Legal,OGU_201766,Prathamesh Avhad,Legal,,,Shipping and Air Freight Legal,Maritime Claims,False,Legal Domain - Newly Created,GBS - Legal Shipping and Air Freight Delivery,,,Yes,
1559,Yes,Cargo Claim Recovery,,,Cargo Claim Recovery,Legal,Active,Delivery,,Y,Per nb of notifications,Recovery process related to paid out claims. Exclusive process designed by HO legal to systematically recover from vendors due to pay out at cargo claims.,"<div class=""ExternalClassCB69B094F9974E30B2CA60E42BB9D50A"">​Manual excel file</div>",,SHIPPING,Head Office,,Legal,,Maritime Claims,HO Legal Dept,False,Legal,OGU_201766,Prathamesh Avhad,Legal,,,Shipping and Air Freight Legal,Maritime Claims,False,Legal Domain - Newly Created,GBS - Legal Shipping and Air Freight Delivery,,,,
1560,Yes,Claim Validation,,,Claim Validation,Legal,Active,Delivery,,Y,Per nb of notifications,"The objectives of a Claim Validation team are to ensure accurate and compliant processing of claims. Key goals include verifying claim legitimacy, preventing fraud, maintaining timely processing, communicating effectively with stakeholders, analyzing data for patterns, implementing quality assurance measures, driving continuous improvement, prioritizing customer satisfaction, providing ongoing training, collaborating with other teams, and documenting validation findings for reporting and analysis.","<div class=""ExternalClassB950494817E547ACB949F609F41CDE53"">​Manual excel file</div>",,SHIPPING,Head Office,,Legal,,Maritime Claims,HO Legal Dept,False,Legal,OGU_201766,Prathamesh Avhad,Legal,,,Shipping and Air Freight Legal,Maritime Claims,False,Legal Domain - Newly Created,GBS - Legal Shipping and Air Freight Delivery,,,,
1561,Yes,Adhoc Doc Collection,,,Adhoc Doc Collection,Legal,Active,Delivery,,Y,Per nb of notifications,"Follow up for documents with agency on behalf of head office claim handlers.
","<div class=""ExternalClassA39D95DBCF80486EBACDC04E92580D1C"">​Manual excel file</div>",,SHIPPING,Head Office,,Legal,,Maritime Claims,HO Legal Dept,False,Legal,OGU_201766,Prathamesh Avhad,Legal,,,Shipping and Air Freight Legal,Maritime Claims,False,Legal Domain - Newly Created,GBS - Legal Shipping and Air Freight Delivery,,,,
1562,Yes,Priority Reefer Claims,,,Priority Reefer Claims,Legal,Active,Delivery,,Y,No. of Notifications,Clients designated as Priority Reefer Claims by HO Commercial Desk to be handled as per separate contract and agreed TAT.,"<div class=""ExternalClass89C517F56D404881AC0F5635A2385603""><div style=""font-family&#58;Calibri, Arial, Helvetica, sans-serif;font-size&#58;11pt;color&#58;rgb(0, 0, 0);""><br></div><span style=""color&#58;rgb(50, 49, 48);font-family&#58;Regular, &quot;Helvetica Neue&quot;, Helvetica, Verdana, Arial, sans-serif;font-size&#58;12px;background-color&#58;rgb(255, 255, 255);display&#58;inline !important;"">​Manual excel file</span></div>",,SHIPPING,Head Office,,Legal,,Maritime Claims,HO Legal Dept,False,Legal,OGU_201766,Prathamesh Avhad,Legal,,,Shipping and Air Freight Legal,Maritime Claims,False,Legal Domain - Newly Created,GBS - Legal Shipping and Air Freight Delivery,,,,
1563,Yes,General Claims,,,General Claims,Legal,Active,Delivery,"current proesses for Reefer, Dry and Third Party claims handling have been realigned as per the RO level. Europe RO, LEVANT RO, Singapore RO, Ocenia RO, WAF RO, NAM and MIAMI RO which has now been clubbed under one Process Level 3 as ""General Claims"". ",Y,Number of Notifications,"Number of Notifications
","<div class=""ExternalClassDAAF1C24D662479CA8A55EF9A1673751""><div style=""font-family&#58;Calibri, Arial, Helvetica, sans-serif;font-size&#58;11pt;color&#58;rgb(0, 0, 0);""><br></div><span style=""color&#58;rgb(50, 49, 48);font-family&#58;Regular, &quot;Helvetica Neue&quot;, Helvetica, Verdana, Arial, sans-serif;font-size&#58;12px;background-color&#58;rgb(255, 255, 255);display&#58;inline !important;"">​Manual excel file</span></div>",Logistics & Operations,SHIPPING,Head Office,,Legal,,Maritime Claims,HO Legal Dept,False,Legal,OGU_201766,Prathamesh Avhad,Legal,,,Shipping and Air Freight Legal,Maritime Claims,True,Legal Domain - Newly Created,GBS - Legal Shipping and Air Freight Delivery,,,Yes,
1564,Yes,Business Analytics,,,Business Analytics,Legal,Active,Delivery,"we are bifurcating (Data Quality; Learning Dashboard & Reporting) into Business Analytics, Governance and Audit & CLAP.",Y,Number of Reports,"Number of Reports
","<div class=""ExternalClassFCF10460BC634A9F935C97578D045C90"">​Manual excel file</div>",Logistics & Operations,SHIPPING,Head Office,,Legal,,Maritime Claims,HO Legal Dept,False,Legal,OGU_201766,Prathamesh Avhad,Legal,,,Shipping and Air Freight Legal,Maritime Claims,True,Legal Domain - Newly Created,GBS - Legal Shipping and Air Freight Delivery,,,Yes,
1565,Yes,Governance and Audit,,,Governance and Audit,Legal,Active,Delivery," we are bifurcating (Data Quality; Learning Dashboard & Reporting) into Business Analytics, Governance and Audit & CLAP.",Y,Number of Audits,Number of Audits,"<div class=""ExternalClass65F4C84499F4471F9F18A68BE5182023"">​Manual excel file</div>",Logistics & Operations,SHIPPING,Head Office,,Legal,,Maritime Claims,HO Legal Dept,False,Legal,OGU_201766,Prathamesh Avhad,Legal,,,Shipping and Air Freight Legal,Maritime Claims,True,Legal Domain - Newly Created,GBS - Legal Shipping and Air Freight Delivery,,,Yes,
1566,Yes,CLAP,,,CLAP,Legal,Active,Delivery,.,Y,Number of Trainings,Number of Trainings,"<div class=""ExternalClass4FD829A9967E4035B37A1281A78B60F7"">​Manual excel file</div>",Logistics & Operations,SHIPPING,Head Office,,Legal,,Maritime Claims,HO Legal Dept,False,Legal,OGU_201766,Prathamesh Avhad,Legal,,,Shipping and Air Freight Legal,Maritime Claims,True,Legal Domain - Newly Created,GBS - Legal Shipping and Air Freight Delivery,,,Yes,
1567,Yes,Air and Ocean Claims,,,Air and Ocean Claims,Legal,Active,Delivery,"This process ensures a structured approach of handling intent to claims , Operational claims and identification of quantified claims that may be received from the claimants, customers and Agents for Air & Ocean claims.
The process outlines identification of liable party and notification to insurers, to perform analysis on damage and identify the liable parties & perform recovery of costs related to cargo claims by protecting the interest of the company.",Y,No of Claims,Per nb of notifications,"<div class=""ExternalClass5397BD9E077840988CDFC0E22ADCEC1C""><div style=""font-family&#58;Calibri, Arial, Helvetica, sans-serif;font-size&#58;11pt;color&#58;rgb(0, 0, 0);""><br></div><span>RISKONNECT tool<br></span><span></span></div>","De La Rochebrochard, Gaultier",LOGISTICS,Head Office,,Legal,,,HO Legal Dept,False,Cross Product,OGU_201769,Prathamesh Avhad,Legal,,,Legal Logistics,Logistics Claims,False,Legal Domain - Newly Created,GBS - Legal Logistics Delivery,,,Yes,
1568,Yes,Container Damage Recovery,,,Container Damage Recovery,Legal,Active,Delivery,,Y, Number of Notification,RC file Creation in iRecovery after reviewing M&R estimate/Approval . Notification and follow up to ensure recovery from liabale party,,,SHIPPING,Head Office,,Equipment Mgt,,,HO Logistics Dept,False,INDUSTRIAL ASSETS,OGU_201908,Prathamesh Avhad,Ind. Assets - Container Fleet Management,,,Container Fleet Management,Equipment Recovery,False,Legal Domain - Newly Created,GBS - Container Fleet Management Shipping Delivery,,,,
1569,Yes,Air Quantified Claims,,,Air Quantified Claims,Legal,Active,Delivery,,Y,Per nb of notifications,Manage quantified claims pertaining to air cargo and settle claims where our liability is identified.,"<div class=""ExternalClassA2D368F9D56E4637BB1BFF220C299726"">
​​Manual excel file
</div>",,SHIPPING,Head Office,,Air Freight - Legal,,,HO Legal Dept,False,Air Freight,OGU_201767,Prathamesh Avhad,Legal,,,Shipping and Air Freight Legal,Air Freight Claims,False,Legal Domain - Newly Created,GBS - Legal Shipping and Air Freight Delivery,,,Yes,
1570,Yes,Lost BL,,,Lost BL,Legal,Active,Delivery,GBSI receives Lost B/L request via ZEN Desk ticketing. All required valid documents to be collected from the agencies and submitted to HO for approval. Post approval agents proceeds cargo release (Delivery without OBL / Issuing a fresh set of OBL).,Y,Per nb of tickets assigned from Zendesk,,,,SHIPPING,Head Office,,Legal,,HO Documentation,HO Documentation Dept,False,Legal,OGU_201909,Prathamesh Avhad,Legal,,,Legal documentation,HO Documentation Legal Support,,Legal Domain - Newly Created,GBS - Legal Shipping and Air Freight Delivery,,,,
1571,Yes,Preclaims,,,Preclaims,Legal,Active,Delivery,,Y,No of Claims,Per nb of notifications,,,SHIPPING,Head Office,,Legal,,Maritime Claims,HO Legal Dept,False,Legal,OGU_201766,Prathamesh Avhad,Legal,,,Shipping and Air Freight Legal,Maritime Claims,False,Legal Domain - Newly Created,GBS - Legal Shipping and Air Freight Delivery,,,,
1572,Yes,Project Nova - Legal,,,Project Nova - Legal,Legal,Active,Delivery,"Deploying NOVA for claims for serenity it’s under UAT phase and soon would be in production. 
After serenity it would be designed and for elite claims and then general claims and other legal processes to follow. 
The resource would be needed to do all the BDA activities. ",Y,,,,,SHIPPING,Head Office,,Legal,,Customer Service,HO Legal Dept,False,Legal,OGU_201770,Prathamesh Avhad,Legal,,,Legal,Legal Support,False,"New Ref - Created, Nova project getting implemented in Legal One person moved from Customer care Nova team to legal team",GBS - Legal Logistics Delivery,,,No,
1573,Yes,Project Dataways Testing - OPS,,,Project Dataways Testing - OPS,"Shipping Ops, Log & Interm",Active,Delivery,"The request is from HO for Dataways Testing, the support would include participating in testing, reporting defects, drafting user stories for the backlog, and other related tasks. ",N,per FTE,per FTE,,,SHIPPING,Head Office,,Lines Operations,,Operations assistant,HO GEN Customer Care Dept,False,Business,OGU_201713,LINES OPERATIONS,Business - Operations,,,Lines operations,Operations Assistance,False,Dataway Project - Initiated for Ops team,GBS - Intermodal and Operations Shipping Delivery,,,No,
1574,Yes,Project - Reefer,,,Project - Reefer,"Shipping Ops, Log & Interm",Active,Delivery,"Identify containers eligible for compressor replacement / replacement not yet performed (based on records provided by Thermoking daily / weekly, tbc)
Inform correct stakeholders in agency
Populate next steps / instructions for each container in an Excel master file
Follow up and alert on status changes",Y,Tracking of reefer containers,"Identify containers eligible for compressor replacement / replacement not yet performed (based on records provided by Thermoking daily / weekly, tbc)
Inform correct stakeholders in agency
Populate next steps / instructions for each container in an Excel master file
Follow up and alert on status changes",,,SHIPPING,Head Office,,Equipment Mgt,,Operations assistant,HO Lines Operations Dept,False,Industrial Assets,OGU_201699,LINES OPERATIONS,Ind. Assets - Container Fleet Management,,,Container Fleet Management,Equipment Management,False,Tentative Period :  Q3 2025 (Aug 2025 to Oct 31st 2025),GBS - Container Fleet Management Shipping Delivery,,,No,
1575,Yes,None (Legal),,,None (Legal),Legal,Active,Delivery,,Y,,,,,SHIPPING,NA,,Legal,,,,False,Legal,0,LEGAL,0,,,Shipping and Air Freight Legal,NONE,False,,0,,,,
1576,Not Applicable,Global Finance Management,,,Global Finance Management,Support Function,Active,Global Support Function,,N,,,,,SHIPPING,Head Office,,4. Management,,,GBS HO,False,Finance,OGU_201852,,Finance,,,Accounting,Global Finance Management,False,New Referential created based upon new OGU alignment,GBS - Finance,,,No,
1577,Not Applicable,Local Accounts Payable Payment,,,Local Accounts Payable Payment,Support Function,Active,Center Support Function,,N,,,,,SHIPPING,Head Office,,4. Management,,,GBS HO,False,Finance,OGU_201584,,Finance,,,Accounting,Local Accounts Payable Payment,False,New Referential created based upon new OGU alignment,GBS - Finance,,,No,
1579,Not Applicable,Assistance to GBS HO Strategy,,,Assistance to GBS HO Strategy,Support Function,Active,Global Support Function,,N,,Studies on GBS Strategy ,,,ALL BUs,Head Office,,Quality Process,,,GBS HO,False,Other,OGU_201886,,Strategy and Growth,,,Head office Projects,Assistance to GBS HO Strategy,False,New Referential created based upon new OGU alignment,GBS - Strategy and Growth,,,No,
1580,Not Applicable,Center Heads chief of staff,,,Center Heads chief of staff,Support Function,Active,Center Support Function,,N,,Studies on GBS Strategy ,,,ALL BUs,Head Office,,GM / ADM / PA,,Support Function,GBS HO,False,Other,OGU_201844,,Management,,,GBS management,Center Heads chief of staff,False,New Referential created based upon new OGU alignment,GBS - Management,,,No,
1582,Yes,Global Trade Compliance,,,Global Trade Compliance,Legal,Active,Delivery,Ceva Compliance Team will be responsible for flagging/Screening the customers/Vendors who are restricted to perform business / Trade with the group.,Y,Number of Notifications,Number of Notifications,,,LOGISTICS,Head Office,,Legal,,,HO Legal Dept,False,Cross Product,OGU_201902,Prathamesh Avhad,Legal,,,Legal Logistics,Legal Compliance,False,New Ref Created ,GBS - Legal Logistics Delivery,,,No,
1583,Not Applicable,ADM Manhattan,,,ADM Manhattan,IT Services,Active,Talent Pool,"Development, testing and support for Manhattan - Warehouse Management System application that would be used across CEVA Logistics for warehouse management and related operations.",N,,,,,LOGISTICS,Head Office,,Group IT CEVA,,,HO CEVA GBS Dept,False,CEVA - IT,OGU_201800,RAJORA Rakesh,IT,,,Group IT CEVA,Application Development and Maintenance,False,New Ref Created,GBS - Information Technology Logistics Delivery,,,No,
1584,Yes,Chassis Invoice review and Validation,,,Chassis Invoice review and Validation,"Shipping Ops, Log & Interm",Active,Delivery,"Chassis invoicing & validation- We go through the chassis usage invoices shared by the agency team. Chassis are the wheeled frames used to move containers. Our job is to check whether the charges from truckers are valid. If we find incorrect or unauthorized usage, we either raise a dispute or claim back the costs from the truckers.",Y,Number of Invoice,Number of Invoice,,,SHIPPING,Agency,,Equipment Mgt,,,HO Logistics Dept,False,Industrial Assets,OGU_201699,BHARTI Abhay,Ind. Assets - Container Fleet Management,,,Container Fleet Management,Equipment Management,False,New Ref Created,GBS - Container Fleet Management Shipping Delivery,,,No,
1585,Yes,Talent Pool (Commercial),,,Talent Pool (Commercial),Commercial & Add Value Activities,Active,Talent Pool,,N,Per FTE,,,,ALL BUs,Head Office,,Line Management,,,GBS HO,False,Business,0,,0,,,Talent Pool (Commercial),Talent Pool (Commercial),False,,0,,,No,
1586,Not Applicable,Talent Pool (Support Function),,,Talent Pool (Support Function),Support Function,Active,Talent Pool,,N,Per FTE,,,,ALL BUs,Head Office,,Support Function,,,GBS HO,False,Support Function,0,,0,,,Talent Pool (Support Function),Talent Pool (Support Function),False,,0,,,No,
1587,Yes,Cargo Operations Process Excellence,,,Cargo Operations Process Excellence,"Shipping Ops, Log & Interm",Active,Global Support Function,"Ensure KPI/SLA are reported and met, process are well define, documented and aligned. CI / automation and process change under this scope.",N,,,,NA - GBS,ALL BUs,SSC,,Lines Operations,,,,False,Business,0,,0,,,Transverse Cargo Operation,Operations process improvement,False,,0,,,,
1588,Not Applicable,GBS - IT Architecture,,,GBS - IT Architecture,IT Services,Active,Talent Pool,,N,Per FTE,,,,ALL BUs,Head Office,,IT,,,GBS HO,False,IT,OGU_201903,RAJORA Rakesh,IT,,,GBS Information Technology,IT Architecture,False,,GBS - Information Technology,,,No,
1589,Not Applicable,Network Operations Centre,,,Network Operations Centre,IT Services,Active,Talent Pool,Network Operations Centre is a new stream which supports network infrastructure services for CMA CGM.,N,Per FTE,,,,SHIPPING,Head Office,,IT,,,GBS HO,False,IT,OGU_201787,RAJORA Rakesh,IT,,,Group Information Technology,IT Operations,False,,GBS - Information Technology Shipping Delivery,,,No,
1590,Yes,Fleet Maintenance Support,,,Fleet Maintenance Support,"Shipping Ops, Log & Interm",Active,Delivery,"This Team is responsible to Ensure that the Fleet Deployment is correctly updated for all the Group vessel in the system. (eg. POL, ETB, ETD (TERMINAL)",N,Per FTE,Vessel updation count,"<div class=""ExternalClass69777DEF3708406FB56C55584BBBF38C"">Vessel updation count</div>",,SHIPPING,Head Office,,Lines Operations,,,GBS HO,False,Business,OGU_201904,BHARTI Abhay,Business - Operations,,,Lines operations,Vessel Fleet Management,False,,GBS - Intermodal and Operations Shipping Delivery,,,No,
1591,Yes,Finished Vehicle Logistics Booking Creation,,,Finished Vehicle Logistics Booking Creation,Ceva Logistics,Active,Delivery,"1) Receive booking from Suppliers and Create Job in OFS  
2)Booking with carrier or Agent as per customer request voy.
3)Release booking confirmation & VGM &  ISF notification template  to Customer including cut off times",Y,No of shipment processed,No of shipment processed,"<div class=""ExternalClassFF33E72C796241A7B3884D3963D2BD60""><div style=""font-family&#58;Calibri, Arial, Helvetica, sans-serif;font-size&#58;11pt;color&#58;rgb(50, 49, 48);background-color&#58;transparent;""><br></div>No of shipment processed</div>",,LOGISTICS,Agency,,Operations,,,FVL,False,Finished Vehicle Logistics,OGU_201905,"Sun, Mallon",Finished Vehicle Logistics,,,Finished Vehicle Logistics,Finished Vehicle Logistics Booking Creation,False,,GBS - Finished Vehicle Logistics Delivery,,,No,
1592,Yes,Finished Vehicle Logistics Export Documentation,,,Finished Vehicle Logistics Export Documentation,Ceva Logistics,Active,Delivery,"1) Provide MBL instruction/VGM to carrier or booking agency and Update OFS system
2)Release MBL to Supplier as per CT request
3)Move-ecar system Update",Y,No of shipment processed,No of shipment processed,"<div class=""ExternalClass0D78AA3184424B46B12B941FFF0ACD49""><div style=""font-family&#58;Calibri, Arial, Helvetica, sans-serif;font-size&#58;11pt;color&#58;rgb(50, 49, 48);background-color&#58;transparent;""><br></div>No of shipment processed</div>",,LOGISTICS,Agency,,Operations,,,FVL,False,Finished Vehicle Logistics,OGU_201906,"Sun, Mallon",Finished Vehicle Logistics,,,Finished Vehicle Logistics,Finished Vehicle Logistics Export Documentation,False,,GBS - Finished Vehicle Logistics Delivery,,,No,
1593,Yes,Ocean export Customer Service,,,Ocean export Customer Service,Ceva Logistics,Active,Delivery,Communicate with the supplier/customers to receive s and arrange the bookings,Y,No. of Shipment processed,No. of Shipment processed,"<div class=""ExternalClass0E186920702842F1BA0D4C9656134AD8""><div style=""font-family&#58;Calibri, Arial, Helvetica, sans-serif;font-size&#58;11pt;color&#58;rgb(50, 49, 48);background-color&#58;transparent;""><br></div><span style=""font-family&#58;Regular, &quot;Helvetica Neue&quot;, Helvetica, Verdana, Arial, sans-serif;font-size&#58;12px;background-color&#58;rgb(255, 255, 255);display&#58;inline !important;"">No of shipment processed</span></div>",,LOGISTICS,Agency,,Customer Care,,,Ocean Freight,False,Air & Ocean,OGU_201733,"Sun, Mallon",Air and Ocean,,,Ocean Freight,Ocean Export,False,,GBS - Air and Ocean Logistics Delivery,,,No,
1596,Yes,Ocean PO Management - Export,,,Ocean PO Management - Export,Ceva Logistics,Active,Delivery,"Monitor any POs that are close to the booking submission timeline but for which the supplier has not yet submitted.
Verify that the shipping order is submitted correctly and on time",Y,No. of PO processed,"Monitor any POs that are close to the booking submission timeline but for which the supplier has not yet submitted.
Verify that the shipping order is submitted correctly and on time",,Air & Ocean,LOGISTICS,Agency,,Operations,,,Air & Ocean,False,Air & Ocean,OGU_201733,,Air and Ocean,,,Ocean Freight,Ocean Export,False,,GBS - Air and Ocean Logistics Delivery,,,Yes,
1598,Not Applicable,Training Deployment support,,,Training Deployment support,HR,Active,Delivery,"The GBS team works as a backend team to support  the HO learning deployment team in training administration for all entities in france. 
The tasks performed by the GBS team would be reqired to perform the tasks using the existing learning platforms / tools- Training Orchestra / MY Learning basis the request received from the HO deployment team. 
The deployment team in HO will now be spilt between HO and GBS with a total headcount of 10 employees with 5 in GBS and 5 in HO. 
The GBS team will receive inputs on the tasks to be performed from the HO team and the job will be done using the Training Orchestra or MY LEARNING platform. ",N,Per FTE,,"<div class=""ExternalClass2F95F269F70F4413A249E4857D4D8BA9"">

MY Learning basis the request received from the HO deployment team</div>",,ALL BUs,Head Office,,HR,,,HO Group Human Resource Department<br>,True,HR,OGU_201777,"""""""HO Process Owner - 

MIKAEL Angelo Gabriel
BODY Marc

GBS Process owner
Karishma Gupta """"
""
",HR,,,Talent Management,Talent Development,False,,GBS - Human Resources Delivery,,,No,
1599,Not Applicable,Partner Experience,,,Partner Experience,Support Function,Active,Global Support Function,Management of Customer Experience for the GBS HO entity. To monitor the overall satisfaction of our internal customers.,N,Per FTE,Customer Experience,,,ALL BUs,Head Office,,Quality Process,,,GBS HO,False,Other,OGU_201845,Matthieu DUBOIS,Strategy and Growth,,,Strategic Planning and Resilience,Partner Experience,False,,GBS - Strategy and Growth,,,No,
1600,Yes,Economic Sanctions,,,Economic Sanctions,Legal,Active,Delivery,GBSI ECO Sanction team validates the compliance booking form request received from Bookings team for Sanctioned countries.,Y,Per nb of booking requests,Nb of request received in Outlook and No. of BLs actioned against the report,"<div class=""ExternalClassC5795FFCFB3547D98933BF0FA5662DD8"">
Excel Tracker</div>",,SHIPPING,Head Office,,Legal,,HO Documentation,"HO Risk, compliance audit and inspection Dept",False,Business,OGU_201989,Prathamesh Avhad,Legal,,,Legal Shipping,Legal Compliance,False,,GBS - Legal Shipping and Air Freight Delivery,,,,
1601,Yes,Yemen Compliance process,,,Yemen Compliance process,Legal,Active,Delivery,GBSI ECO Sanction team validates the compliance booking form request received from Bookings team for Yemen Export & Imports.,Y,Per Request,Number of Notifications,"<div class=""ExternalClass5FF1871E0DFD4AE4BE41FD94F11962E8""><div>No of emails</div></div>",,SHIPPING,Head Office,,Legal,,HO Documentation,HO Documentation Dept,False,Business,OGU_201989,Prathamesh Avhad,Legal,,,Legal Shipping,Legal Compliance,False,,GBS - Legal Shipping and Air Freight Delivery,,,,
1602,Yes,Defense Cargo Compliance Checks,,,Defense Cargo Compliance Checks,Legal,Active,Delivery,"The daily report extracted from the Qlik Sense portal, which contains details about commodities and entities involved in military activities. Based on this report, it is essential for the GBSI team to request a filled Defence Cargo Form (DCF) from the customer. Once receive the response, the GBSI Defence Cargo Compliance team will segregate the commodity or booking as either Low Sensitive or Sensitive.",Y,Number of Notifications,No. of Booking extracted from Qliksense on daily basis,"<div class=""ExternalClassB7A2AEA079374D419535220021B2639F"">
Excel Tracker</div>",,SHIPPING,Head Office,,Legal,,HO Documentation,HO Documentation Dept,False,Business,OGU_201989,Prathamesh Avhad,Legal,,,Legal Shipping,Legal Compliance,False,,GBS - Legal Shipping and Air Freight Delivery,,,,
1603,,Research and Development,,,Research and Development,Research and Development,Inactive,,,N,,,,,ALL BUs,Head Office,,RESEARCH AND DEVELOPMENT,,HO data Management,HO Data Management,False,Management,,,,,,Research and Development,GBS Research and Development,False,,,,,,
1604,Yes,Web Banking Admin Access Control,,,Web Banking Admin Access Control,Finance,Active,Delivery,As part of the new process in the Web banking Admin Access management- the team will maintain the master database of all bank Accounts of Agencies with the details of web banking access with details of users /type of access /Approval authority and other details. Initial KT will be done by Agency to document the As IS process used to obtain new access in Bank/modification and deletion of access. Any further change in access will be monitored by this team and based on each request team will support for access management.,N,NA,As part of the new process in the Web banking Admin Access management- the team will maintain the master database of all bank Accounts of Agencies with the details of web banking access with details of users /type of access /Approval authority and other details. Initial KT will be done by Agency to document the As IS process used to obtain new access in Bank/modification and deletion of access. Any further change in access will be monitored by this team and based on each request team will support for access management.,,,SHIPPING,Head Office or Regional Office,,3. Accounting,,Accounting,NA,False,Finance,OGU_201659,Finance & performance,Finance,,,Record to report,Other Record to Report,False,,GBS - Finance Logistics Delivery,,,No,
1605,,Change Management,,,Change Management,Support Function,Inactive,,,N,Per FTE,,,,ALL BUs,Head Office,,,,HO data Management,NA,False,,0,,0,,,Strategic Planning & Performance,Transformation Excellence,False,,0,,,No,
1606,Not Applicable,CEVA - 3S IT,,,CEVA - 3S IT,IT Services,Active,Talent Pool,"Part of CEVA’s IT transformation under the 3S (Standardize, Simplify, Shift) program",N,,,,,LOGISTICS,Head Office,,Group IT CEVA,,,HO CEVA GBS Dept,False,CEVA - IT,OGU_201800,NAIR Pradeep Kumar,IT,,,Group IT CEVA,Application Development and Maintenance,False,New Ref Created,GBS - Information Technology Logistics Delivery,,,No,
1607,Yes,Talent Pool (Business Transformation and Digital Agency),,,Talent Pool (Business Transformation and Digital Agency),"Shipping Ops, Log & Interm",Active,Talent Pool,,N,Per FTE,,,,ALL BUs,Head Office,,"Ops, Log and Ils",,,GBS HO,False,Business,,,OGU_200407,,,Talent Pool (Business Transformation and Digital Agency),Talent Pool (Business Transformation and Digital Agency),False,,,,,No,
1608,Not Applicable,CEVA JDE Implementation - JDE CEVA,,,CEVA JDE Implementation - JDE CEVA,IT Services,Active,Talent Pool,,Y,,,,,LOGISTICS,,,Group IT CEVA,,,HO CEVA GBS Dept,False,CEVA - IT,OGU_201795,CEVA Finance,IT,,,Group IT CEVA,F and A System Implementation and Support,False,,GBS - Information Technology Logistics Delivery,,,No,
1609,Not Applicable,CEVA JDE Implementation - JDE CEVA IT,,,CEVA JDE Implementation - JDE CEVA IT,IT Services,Active,Talent Pool,,Y,,,,,LOGISTICS,,,Group IT CEVA,,,HO CEVA GBS Dept,False,CEVA - IT,OGU_201795,CEVA Finance,IT,,,Group IT CEVA,F and A System Implementation and Support,False,,GBS - Information Technology Logistics Delivery,,,No,
1610,Not Applicable,Group HR Function,,,Group HR Function,IT Services,Active,Talent Pool,,Y,,,,,ALL BUs,,,IT,,,HO IT Department,False,IT,OGU_201221,IT,HR,,,HRIS Support,HR IS Operations & Support,False,,GBS - Human Resources,,,No,
1611,Yes,Finance Internal Control Compliance,,,Finance Internal Control Compliance,Finance,Active,Delivery,,N,,"Finance Internal Control is a key function within the Internal Control at CMA CGM. It operates in close partnership with the Group Internal Control and Compliance Department to reinforce the financial control environment and ensure consistent compliance with applicable regulations across all controlled subsidiaries. This function plays a critical role in safeguarding financial integrity, promoting operational efficiency, and supporting the Group’s governance framework",,,SHIPPING,HO / RO / Agency,,3. Accounting,,Finance support,,False,Finance,OGU_201638,,Finance,,,Transverse Finance,Finance Internal Control,False,,GBS - Finance Shipping Delivery,,,No,
1612,Yes,Air & Ocean Data Admin,,,Air & Ocean Data Admin,Ceva Logistics,Active,Delivery,"Task includes managing of Import Mailbox & allocating emails, manage documents for identified customer and upload on customer portal",Y,"No of Emails, Managing customer Documentation",,,Air & Ocean,LOGISTICS,Agency,,Operations,,,Air & Ocean,False,Air & Ocean,OGU_201910,,Air and Ocean,,,Air and Ocean,Air & Ocean Import / Export,False,,GBS - Air and Ocean Logistics Delivery,,,No,
1618,Yes,Air & Ocean Export Documentation,,,Air & Ocean Export Documentation,Ceva Logistics,Active,Delivery,"Germany : 
Main process: Aerospace support (track & trace, proactive notice, customs compliance)- Air & Ocean Export Documentation 
Process level 5:

•Daily check of departure and arrivals for the past 2 weeks. Done for 3 different branches (Frankfurt,Hamburg and Munich)
•Checking and custom clearing MRN numbers in SCOPE.
•Gathering problematic data from Tableau and sending it for further action
•Gathering missing MRNs from Check task and forwarding further for action
•To action Alexander's (contact from DE office) requests for CW1 update

France - No of booking will be created from station based on the requirements from customer via (commercial Invoice, packing List )",Y,"Germany: Will be Number of Reports,     France: Will be Number of Bookings",,,Air & Ocean,LOGISTICS,Agency,,Operations,,,Air & Ocean,False,Air & Ocean,OGU_201910,,Air and Ocean,,,Air and Ocean,Air & Ocean Import / Export,False,,GBS - Air and Ocean Logistics Delivery,,,No,
1619,Yes,Air & Ocean Transport Order,,,Air & Ocean Transport Order,Ceva Logistics,Active,Delivery,"Main process: AEB creation (transport order management in external Customer system)- Air & Ocean Transport Order
Process level 5:
•Creation of transport requests for Airbus helicopter suppliers
•Report weekly statistics of AEB requests to MRS colleagues",Y,"Number of Transport Request ,     No. of Transport Booking created",,,Air & Ocean,LOGISTICS,Agency,,Operations,,,Air & Ocean,False,Air & Ocean,OGU_201910,,Air and Ocean,,,Air and Ocean,Air & Ocean Import / Export,False,,GBS - Air and Ocean Logistics Delivery,,,No,
1620,Not Applicable,Internal Control Others,,,Internal Control Others,Audit Risk and Internal Control,Active,Global Support Function,,N,,,,,SHIPPING,Head Office,,Quality Process,,,GBS HO,False,Other,,,,,,Group Internal Control,Internal Control,False,,,,,No,
1621,Not Applicable,Forensic,,,Forensic,Audit Risk and Internal Control,Active,Global Support Function,,N,,,,,ALL BUs,Head Office,,Risk & Compliance,,,GBS HO,False,Other,,,,,,"Risk, Internal Control & Investigations",Investigation,False,,,,,No,
1622,Not Applicable,Quality & certification,,,Quality & certification,Audit Risk and Internal Control,Active,Global Support Function,,N,,,,,ALL BUs,Head Office,,Quality Process,,,GBS HO,False,Other,,,,,,"Audit, Risk & Compliance",Risk & Compliance,False,,,,,No,
1623,Not Applicable,Growth Hub Shipping Delivery,,,Growth Hub Shipping Delivery,Growth Hub,Active,Delivery,0,N,,None FTE based,,,SHIPPING,Head Office,,Quality Process,,,GBS HO,False,Other,OGU_201940,,Management,,,Growth Hub,Growth Hub Shipping Delivery,False,,GBS - Management,,,No,
1624,Not Applicable,Growth Hub Logistics Delivery,,,Growth Hub Logistics Delivery,Growth Hub,Active,Delivery,0,N,,None FTE based,,,LOGISTICS,Head Office,,Quality Process,,,GBS HO,False,Other,OGU_201939,,Management,,,Growth Hub,Growth Hub Logistics Delivery,False,,GBS - Management,,,No,
1625,Yes,Air & Ocean Prebilling,,,Air & Ocean Prebilling,Ceva Logistics,Active,Delivery,,Y,"populating the customer rates in the shipments for Air & Ocean	
","Task includes checking for mandatory requirement prior to billing activity and populating the customer rates in the shipments for Air & Ocean		
",,,LOGISTICS,Agency,,Operations,,,Air & Ocean,False,Air & Ocean,OGU_201864,,Air and Ocean,,,Air and Ocean,Air and Ocean Rate Support,False,,GBS - Air and Ocean Logistics Delivery,,,No,
1626,Yes,Air & Ocean Control tower,,,Air & Ocean Control tower,Ceva Logistics,Active,Delivery,,Y,No of shipments closed,"This is a control tower setup where the team provides backoffice support to onshore customer specific Control tower team		
",,Air & Ocean,LOGISTICS,Agency,,Operations,,,Air & Ocean,False,Air & Ocean,OGU_201744,,Air and Ocean,,,Air and Ocean,Operations Control,False,,GBS - Air and Ocean Logistics Delivery,,,No,
1627,Yes,Air & Ocean Business data analytics,,,Air & Ocean Business data analytics,Ceva Logistics,Active,Delivery,The team does Traffic Analysis : analyze traffic usage : level of integration between systems from an IT perspective and level of expected automation and how to integrate EDI flows from both sides &  produce reports and dashboard on analysis,Y,,The team does Traffic Analysis : analyze traffic usage : level of integration between systems from an IT perspective and level of expected automation and how to integrate EDI flows from both sides &  produce reports and dashboard on analysis,,Air & Ocean,LOGISTICS,HO / Agency,,Operations,,,Air & Ocean,False,Air & Ocean,OGU_201763,,Business - Customer Care,,,Digital,Data Business Services,False,,GBS - Customer Care Logistics Delivery,,,No,
1628,Yes,Air & Ocean Data Quality,,,Air & Ocean Data Quality,Ceva Logistics,Active,Delivery,,N,No of Shipments,Task includes checking Air & Ocean shipments for quality of data & milestones and enriching wherever required,,Air & Ocean,LOGISTICS,Agency,,Operations,,,Air & Ocean,False,Air & Ocean,OGU_201742,,Air and Ocean,,,Air and Ocean,Compliance,False,,GBS - Air and Ocean Logistics Delivery,,,No,
1629,Yes,Proxy Product Owner,,,Proxy Product Owner,Legal,Active,Delivery,"Proxy Product Owner is to manage and enhance the Legisway platform, acting as the primary liaison between business users, internal IT teams, and the vendor. The role focuses on backlog management, functional administration, user support, testing, reporting, and continuous improvement to ensure the platform meets business needs.",Y,,,,,SHIPPING,Head Office,,Legal,,Customer Service,HO Legal Dept,False,Legal,OGU_201984,Prathamesh Avhad,Legal,,,Corporate Functions - Business Law,Corporate,False,New Ref created for new project,GBS - Legal Group Corporate Functions Delivery,,,No,
1630,Yes,Legal Documentation & database Management,,,Legal Documentation & database Management,Legal,Active,Delivery,"The Legal Assistant will be responsible for keeping the Group’s legal database (LEGISWAY) accurate, complete, and up to date for all group entities. This includes recording all corporate changes (new entities, changes of form, mergers, liquidations, changes of directors, share movements, capital changes), correctly renaming and filing all related documents, and helping maintain a harmonised folder structure and templates. The role also involves running regular quality checks, identifying and correcting missing or outdated information in coordination with local subsidiaries and the HO Corporate Legal team, and supporting audits and internal reporting.",Y,,,,,SHIPPING,Head Office,,Legal,,Customer Service,HO Legal Dept,False,Legal,OGU_201984,Prathamesh Avhad,Legal,,,Corporate Functions - Business Law,Corporate,False,New Ref created for new project,GBS - Legal Group Corporate Functions Delivery,,,No,
1631,Yes,Air and Ocean FHS compliance,,,Air and Ocean FHS compliance,Ceva Logistics,Active,Delivery,,Y,No of Shipments,This task includes compliance check of documents for Airbus FHS process where spare parts are transported		,,Air & Ocean,LOGISTICS,Agency,,Operations,,,"Air & Ocean
",False,Air & Ocean,OGU_201742,,Air and Ocean,,,Air and Ocean,Compliance,False,,GBS - Air and Ocean Logistics Delivery,,,No,
1632,Yes,Air and Ocean 4PL control tower,,,Air and Ocean 4PL control tower,Ceva Logistics,Active,Delivery,,Y,No of Shipments,This task includes compliance checks on milestones & control tower activities for Airbus 4PL activities in France,,Air & Ocean,LOGISTICS,Agency,,Operations,,,Air & Ocean,False,Air & Ocean,OGU_201742,,Air and Ocean,,,Air and Ocean,Compliance,False,,GBS - Air and Ocean Logistics Delivery,,,No,
1633,Not Applicable,CEVA - CIO Office IT - Delivery & Project Management,,,CEVA - CIO Office IT - Delivery & Project Management,IT Services,Active,Talent Pool,"CIO office is involved in CEVA governance areas and the IT team works in project management, change management & artitecture areas.",Y,,,,,LOGISTICS,,,Group IT CEVA,,,HO CEVA GBS Dept,False,CEVA - IT,OGU_200940,IT,IT,,,CIO Office,Governance and Performance,False,,GBS - Information Technology Logistics Delivery,,,,
1635,Not Applicable,CEVA - D&D IT - BA,,,CEVA - D&D IT - BA,IT Services,Active,Talent Pool,"Business analysis, development, QA and Project management - for data and digital workstream",Y,,,,,LOGISTICS,,,Group IT CEVA,,,HO CEVA GBS Dept,False,CEVA - IT,OGU_200951,IT,IT,,,Data and Digital,Architecture and Data Platforms,False,,GBS - Information Technology Logistics Delivery,,,No,
1636,Not Applicable,CEVA - D&D IT - DEV,,,CEVA - D&D IT - DEV,IT Services,Active,Talent Pool,"Business analysis, development, QA and Project management - for data and digital workstream",Y,,,,,LOGISTICS,,,Group IT CEVA,,,HO CEVA GBS Dept,False,CEVA - IT,OGU_200951,IT,IT,,,Data and Digital,Architecture and Data Platforms,False,,GBS - Information Technology Logistics Delivery,,,No,
1638,Not Applicable,CEVA - D&D IT - Project Management,,,CEVA - D&D IT - Project Management,IT Services,Active,Talent Pool,"Business analysis, development, QA and Project management - for data and digital workstream",Y,,,,,LOGISTICS,,,Group IT CEVA,,,HO CEVA GBS Dept,False,CEVA - IT,OGU_200952,IT,IT,,,Data and Digital,BI,False,,GBS - Information Technology Logistics Delivery,,,No,
1639,Not Applicable,Global BI - Development,,,Global BI - Development,IT Services,Active,Talent Pool,"Development for changes, enhancements and new projects in the ETL, Business Intelligence, Data Anaysis, Ai/ML areas of the project in the Global BI space",Y,,,,,LOGISTICS,,,Group IT CEVA,,,HO CEVA GBS Dept,False,CEVA - IT,OGU_200952,IT,IT,,,Data and Digital,BI,False,,GBS - Information Technology Logistics Delivery,,,No,
1640,Not Applicable,CEVA - D&D IT - RPA DEV,,,CEVA - D&D IT - RPA DEV,IT Services,Active,Talent Pool,"Business analysis, development, QA and Project management - for data and digital workstream",Y,,,,,LOGISTICS,,,Group IT CEVA,,,HO CEVA GBS Dept,False,CEVA - IT,OGU_200953,IT,IT,,,Data and Digital,RPA,False,,GBS - Information Technology Logistics Delivery,,,No,
1641,Not Applicable,D&D Integration - Development / Sprint Team,,,D&D Integration - Development / Sprint Team,IT Services,Active,Talent Pool,"Coding, review, rework, unit testing and deployment of changes, enhancement and new projects using middleware tools like Sterling Integrator",Y,,,,,LOGISTICS,,,Group IT CEVA,,,HO CEVA GBS Dept,False,CEVA - IT,OGU_200955,IT,IT,,,Data and Digital,Integration,False,,GBS - Information Technology Logistics Delivery,,,No,
1642,Not Applicable,D&D Integration - Production support,,,D&D Integration - Production support,IT Services,Active,Talent Pool,"L2 support for incidents raised for Middleware applications, problem management",Y,,,,,LOGISTICS,,,Group IT CEVA,,,HO CEVA GBS Dept,False,CEVA - IT,OGU_200955,IT,IT,,,Data and Digital,Integration,False,,GBS - Information Technology Logistics Delivery,,,No,
1643,Not Applicable,CEVA - CL IT - BA,,,CEVA - CL IT - BA,IT Services,Active,Talent Pool,"Deals with ware house management system for forward logistics operations. The IT team works in funcitonal technical and support areas for creating functional templates,platform extension development & supporting the WMS app called Manhattan",Y,,,,,LOGISTICS,,,Group IT CEVA,,,HO CEVA GBS Dept,False,CEVA - IT,OGU_200968,IT,IT,,,Center of Excellence CL,Development Factory,False,,GBS - Information Technology Logistics Delivery,,,No,
1644,Not Applicable,CEVA - CL IT - Dev,,,CEVA - CL IT - Dev,IT Services,Active,Talent Pool,"Deals with ware house management system for forward logistics operations. The IT team works in funcitonal technical and support areas for creating functional templates,platform extension development & supporting the WMS app called Manhattan",Y,,,,,LOGISTICS,,,Group IT CEVA,,,HO CEVA GBS Dept,False,CEVA - IT,OGU_200968,IT,IT,,,Center of Excellence CL,Development Factory,False,,GBS - Information Technology Logistics Delivery,,,No,
1645,Not Applicable,CEVA - CL IT - Functional Consultancy,,,CEVA - CL IT - Functional Consultancy,IT Services,Active,Talent Pool,"Deals with ware house management system for forward logistics operations. The IT team works in funcitonal technical and support areas for creating functional templates,platform extension development & supporting the WMS app called Manhattan",Y,,,,,LOGISTICS,,,Group IT CEVA,,,HO CEVA GBS Dept,False,CEVA - IT,OGU_200968,IT,IT,,,Center of Excellence CL,Development Factory,False,,GBS - Information Technology Logistics Delivery,,,No,
1646,Not Applicable,CEVA - CL IT - Integration Analysis,,,CEVA - CL IT - Integration Analysis,IT Services,Active,Talent Pool,"Deals with ware house management system for forward logistics operations. The IT team works in funcitonal technical and support areas for creating functional templates,platform extension development & supporting the WMS app called Manhattan",Y,,,,,LOGISTICS,,,Group IT CEVA,,,HO CEVA GBS Dept,False,CEVA - IT,OGU_200968,IT,IT,,,Center of Excellence CL,Development Factory,False,,GBS - Information Technology Logistics Delivery,,,No,
1647,Not Applicable,CEVA - CL IT - L3 Support,,,CEVA - CL IT - L3 Support,IT Services,Active,Talent Pool,"Deals with ware house management system for forward logistics operations. The IT team works in funcitonal technical and support areas for creating functional templates,platform extension development & supporting the WMS app called Manhattan",Y,,,,,LOGISTICS,,,Group IT CEVA,,,HO CEVA GBS Dept,False,CEVA - IT,OGU_200968,IT,IT,,,Center of Excellence CL,Development Factory,False,,GBS - Information Technology Logistics Delivery,,,No,
1648,Not Applicable,CEVA - CL IT - PMO,,,CEVA - CL IT - PMO,IT Services,Active,Talent Pool,"Deals with ware house management system for forward logistics operations. The IT team works in funcitonal technical and support areas for creating functional templates,platform extension development & supporting the WMS app called Manhattan",Y,,,,,LOGISTICS,,,Group IT CEVA,,,HO CEVA GBS Dept,False,CEVA - IT,OGU_200968,IT,IT,,,Center of Excellence CL,Development Factory,False,,GBS - Information Technology Logistics Delivery,,,No,
1649,Not Applicable,CEVA - CL IT - Project Management,,,CEVA - CL IT - Project Management,IT Services,Active,Talent Pool,"Deals with ware house management system for forward logistics operations. The IT team works in funcitonal technical and support areas for creating functional templates,platform extension development & supporting the WMS app called Manhattan",Y,,,,,LOGISTICS,,,Group IT CEVA,,,HO CEVA GBS Dept,False,CEVA - IT,OGU_200968,IT,IT,,,Center of Excellence CL,Development Factory,False,,GBS - Information Technology Logistics Delivery,,,No,
1650,Not Applicable,CEVA - CL IT - QA,,,CEVA - CL IT - QA,IT Services,Active,Talent Pool,"Deals with ware house management system for forward logistics operations. The IT team works in funcitonal technical and support areas for creating functional templates,platform extension development & supporting the WMS app called Manhattan",Y,,,,,LOGISTICS,,,Group IT CEVA,,,HO CEVA GBS Dept,False,CEVA - IT,OGU_200968,IT,IT,,,Center of Excellence CL,Development Factory,False,,GBS - Information Technology Logistics Delivery,,,No,
1652,Not Applicable,EMEA - Development / Sprint Team,,,EMEA - Development / Sprint Team,IT Services,Active,Talent Pool,"Coding, review, rework, unit testing and deployment of changes, enhancement and new projects for Forward and Reverse Logistics applications",Y,,,,,LOGISTICS,,,Group IT CEVA,,,HO CEVA GBS Dept,False,CEVA - IT,OGU_200972,IT,IT,,,Center of Excellence CL,Non Core Application,False,,GBS - Information Technology Logistics Delivery,,,No,
1653,Not Applicable,EMEA - QA,,,EMEA - QA,IT Services,Active,Talent Pool,Test case creation and execution bit manual and automation for testing changes in every release of the CLS EMEA APAC applications,Y,,,,,LOGISTICS,,,Group IT CEVA,,,HO CEVA GBS Dept,False,CEVA - IT,OGU_200972,IT,IT,,,Center of Excellence CL,Non Core Application,False,,GBS - Information Technology Logistics Delivery,,,No,
1654,Not Applicable,EMEA - Production support,,,EMEA - Production support,IT Services,Active,Talent Pool,L2 support for Forward Logistics and Reverse Logistics application incident and problem tickets raised by the account and operation teams,Y,,,,,LOGISTICS,,,Group IT CEVA,,,HO CEVA GBS Dept,False,CEVA - IT,OGU_200972,IT,IT,,,Center of Excellence CL,Non Core Application,False,,GBS - Information Technology Logistics Delivery,,,No,
1655,Not Applicable,EMEA - Release and Deployment,,,EMEA - Release and Deployment,IT Services,Active,Talent Pool,Managing the releases for the multiple applications in CLS EMEA APAC space. Implementing release pipeline and CICD,Y,,,,,LOGISTICS,,,Group IT CEVA,,,HO CEVA GBS Dept,False,CEVA - IT,OGU_200972,IT,IT,,,Center of Excellence CL,Non Core Application,False,,GBS - Information Technology Logistics Delivery,,,No,
1656,Not Applicable,EMEA- UI / UX development,,,EMEA- UI / UX development,IT Services,Active,Talent Pool,Front end development and user experience based development for multiple client facing applications,Y,,,,,LOGISTICS,,,Group IT CEVA,,,HO CEVA GBS Dept,False,CEVA - IT,OGU_200972,IT,IT,,,Center of Excellence CL,Non Core Application,False,,GBS - Information Technology Logistics Delivery,,,No,
1657,Not Applicable,CLS North America - Development,,,CLS North America - Development,IT Services,Active,Talent Pool,"Coding, review, rework, unit testing and deployment for Ceva Logistics Mobile Online application changes and enhancements and also for new projects",Y,,,,,LOGISTICS,,,Group IT CEVA,,,HO CEVA GBS Dept,False,CEVA - IT,OGU_200972,IT,IT,,,Center of Excellence CL,Non Core Application,False,,GBS - Information Technology Logistics Delivery,,,No,
1658,Not Applicable,CLS North America - QA,,,CLS North America - QA,IT Services,Active,Talent Pool,Test case creation and execution bit manual and automation for testing changes in every release of Provia and CLMO,Y,,,,,LOGISTICS,,,Group IT CEVA,,,HO CEVA GBS Dept,False,CEVA - IT,OGU_200972,IT,IT,,,Center of Excellence CL,Non Core Application,False,,GBS - Information Technology Logistics Delivery,,,No,
1659,Not Applicable,CLS North America - L2 Support,,,CLS North America - L2 Support,IT Services,Active,Talent Pool,"L2 support for Provia incident and problem tickets raised by the account and operation teams, label, BOL and PS changes using ZPL",Y,,,,,LOGISTICS,,,Group IT CEVA,,,HO CEVA GBS Dept,False,CEVA - IT,OGU_200972,IT,IT,,,Center of Excellence CL,Non Core Application,False,,GBS - Information Technology Logistics Delivery,,,No,
1660,Not Applicable,CLS North America - Project Management,,,CLS North America - Project Management,IT Services,Active,Talent Pool,Managing the various releases and changes for IM First WMS application,Y,,,,,LOGISTICS,,,Group IT CEVA,,,HO CEVA GBS Dept,False,CEVA - IT,OGU_200972,IT,IT,,,Center of Excellence CL,Non Core Application,False,,GBS - Information Technology Logistics Delivery,,,No,
1661,Not Applicable,CEVA - G&R IT - DEV,,,CEVA - G&R IT - DEV,IT Services,Active,Talent Pool,This is for Gorund and rail department where the IT team works on integration analysis and development using EDI and iPass technologies and middle ware tools,Y,,,,,LOGISTICS,,,Group IT CEVA,,,HO CEVA GBS Dept,False,CEVA - IT,OGU_200976,IT,IT,,,Center of Excellence Air and Ocean,Development Factory,False,,GBS - Information Technology Logistics Delivery,,,No,
1662,Not Applicable,CEVA - G&R IT - Integration Analysis,,,CEVA - G&R IT - Integration Analysis,IT Services,Active,Talent Pool,This is for Gorund and rail department where the IT team works on integration analysis and development using EDI and iPass technologies and middle ware tools,Y,,,,,LOGISTICS,,,Group IT CEVA,,,HO CEVA GBS Dept,False,CEVA - IT,OGU_200985,IT,IT,,,Center of Excellence Ground and Rail,Integration and Architecture,False,,GBS - Information Technology Logistics Delivery,,,No,
1663,Not Applicable,CEVA Communication & Marketing,,,CEVA Communication & Marketing,IT Services,Active,Talent Pool,Working on Marketing Automationtools for data analysis amd reporting,Y,,,,,LOGISTICS,,,Group IT CEVA,,,HO CEVA GBS Dept,False,CEVA - IT,OGU_201797,IT,IT,,,CLS IT,Application Development and Support,False,,GBS - Information Technology Logistics Delivery,,,No,
1664,Not Applicable,Shipwire - Product Management,,,Shipwire - Product Management,IT Services,Active,Talent Pool,Product backlog creation and prioritization based on projects undertaken as part of the product roadmap in Shipwire,Y,,,,,LOGISTICS,,,Group IT CEVA,,,HO CEVA GBS Dept,False,CEVA - IT,OGU_201797,IT,IT,,,CLS IT,Application Development and Support,False,,GBS - Information Technology Logistics Delivery,,,No,
1665,Not Applicable,Shipwire - Project Management,,,Shipwire - Project Management,IT Services,Active,Talent Pool,"Managing the agile devlopment in sprint teams, working on team management, risk notification, utilization tracking and new project onbording",Y,,,,,LOGISTICS,,,Group IT CEVA,,,HO CEVA GBS Dept,False,CEVA - IT,OGU_201797,IT,IT,,,CLS IT,Application Development and Support,False,,GBS - Information Technology Logistics Delivery,,,No,
1666,Not Applicable,Shipwire - OP Sprint Team,,,Shipwire - OP Sprint Team,IT Services,Active,Talent Pool,"Spint team working on the product backlog created, creation of deliverables in each sprint and deploying to master and live branches as per releases defined",Y,,,,,LOGISTICS,,,Group IT CEVA,,,HO CEVA GBS Dept,False,CEVA - IT,OGU_201797,IT,IT,,,CLS IT,Application Development and Support,False,,GBS - Information Technology Logistics Delivery,,,No,
1667,Not Applicable,Shipwire - Engineering Support,,,Shipwire - Engineering Support,IT Services,Active,Talent Pool,"Engineering support for incident and problem tickets raised by the merchants via the account management team, updating of rates for various carriers",Y,,,,,LOGISTICS,,,Group IT CEVA,,,HO CEVA GBS Dept,False,CEVA - IT,OGU_201797,IT,IT,,,CLS IT,Application Development and Support,False,,GBS - Information Technology Logistics Delivery,,,No,
1668,Not Applicable,Shipwire - QA,,,Shipwire - QA,IT Services,Active,Talent Pool,Test case creation and execution of manual and automation tests as per the release cycle,Y,,,,,LOGISTICS,,,Group IT CEVA,,,HO CEVA GBS Dept,False,CEVA - IT,OGU_201797,IT,IT,,,CLS IT,Application Development and Support,False,,GBS - Information Technology Logistics Delivery,,,No,
1669,Not Applicable,Shipwire - Data Analytics,,,Shipwire - Data Analytics,IT Services,Active,Talent Pool,Data analysis using Shipwire tools and reporting using Domo. Anaysis of different kind of data needed by various merchnats,Y,,,,,LOGISTICS,,,Group IT CEVA,,,HO CEVA GBS Dept,False,CEVA - IT,OGU_201797,IT,IT,,,CLS IT,Application Development and Support,False,,GBS - Information Technology Logistics Delivery,,,No,
1670,Not Applicable,Shipwire - DevOps,,,Shipwire - DevOps,IT Services,Active,Talent Pool,"Using DevOps tools to release management, deployment, CICD, environment setups and configuration",Y,,,,,LOGISTICS,,,Group IT CEVA,,,HO CEVA GBS Dept,False,CEVA - IT,OGU_201797,IT,IT,,,CLS IT,Application Development and Support,False,,GBS - Information Technology Logistics Delivery,,,No,
1671,Yes,Transport Order Creation,,,Transport Order Creation,"Shipping Ops, Log & Interm",Active,Delivery,,Y,Per nb of containers,"We were having 2 different process level 3 for Tranport Order Creation and Planning. We are now merging both the process levels 3 into a single one called ""Transport Order Creation"".

Export Transport Order - 1) Transport Order creation for Rail - General and  cross border shipments -  APL  2)Fondomonte Train Coordination & Rail Transport order creation for APL and CMA. Vendor selection is based on cost optimisation .

Import Transport Order - 1) Prepare Manifest :Once reconciliation mail is received from Import CS team, team will start preparing manifest.Will route the containers in LARA. After updating routing team will confirm the routing to GBS Import Team 2)TO Creation and Dispatch:- Transport Order creation for Rail and Barge- General(CMA) and  cross border shipments -  APL. 2 days prior to vessel arrival GBS team will start dispatching the containers in LARA. After Dispatching GBS team will check for waybill in Rail websites will dispatch 3) Track and Trace:- 1 Day after dispatching GBS team will check if the containers are moving or not. If there are any delays or hold then GBS team, ask Norfolk team to take over. Vendor selection is based on cost optimisation.","<div class=""ExternalClass5348B433CB7D47BC9EA37463726B311F""><div style=""font-family&#58;Calibri, Arial, Helvetica, sans-serif;font-size&#58;11pt;color&#58;rgb(0, 0, 0);""><span style=""color&#58;black;"">​</span><span style=""color&#58;black;"">​Manual Excel file based on Email requests<p>
</p><p>Generic mail id&#58;&#160;<span style=""color&#58;rgb(36, 36, 36);font-family&#58;&quot;Segoe UI&quot;, system-ui, &quot;Apple Color Emoji&quot;, &quot;Segoe UI Emoji&quot;, sans-serif;font-size&#58;14px;background-color&#58;rgb(255, 255, 255);display&#58;inline !important;"">ssc.exportbilling@cma-cgm.com</span></p></span>
</div></div>",,SHIPPING,Agency,,Intermodal,,Rail Billing,HO Intermodal Dept,,Industrial Assets,OGU_201707,Logistics & Operations,Ind. Assets - Intermodal,,,Intermodal,Transport Planning and Execution,True,,GBS - Intermodal and Operations Shipping Delivery,"<div class=""ExternalClass5295D2449A1C40B18BB156CA45747E1D""><div style=""font-family&#58;Calibri, Arial, Helvetica, sans-serif;font-size&#58;11pt;color&#58;rgb(0, 0, 0);""><span style=""color&#58;black;"">​<span style=""color&#58;rgb(36, 36, 36);font-family&#58;&quot;Segoe UI&quot;, system-ui, &quot;Apple Color Emoji&quot;, &quot;Segoe UI Emoji&quot;, sans-serif;font-size&#58;14px;background-color&#58;rgb(255, 255, 255);display&#58;inline !important;"">ssc.exportbilling@cma-cgm.com</span></span>
</div></div>",,,
1672,Not Applicable,Change Management Office,,,Change Management Office,Support Function,Active,Global Support Function,,N,Per FTE,,,,ALL BUs,Head Office,,Quality Process,,,GBS HO,False,Other,,,,,,Efficiency,Change Management Office,False,,,,,No,
1673,Not Applicable,Project Management Office,,,Project Management Office,Support Function,Active,Global Support Function,,N,Per FTE,,,,ALL BUs,Head Office,,Quality Process,,,GBS HO,False,Other,,,,,,Efficiency,Project Management Office,False,,,,,No,
1674,Not Applicable,Process Intelligence,,,Process Intelligence,Support Function,Active,Global Support Function,,N,Per FTE,,,,ALL BUs,Head Office,,Quality Process,,,GBS HO,False,Other,,,,,,Efficiency,Process Intelligence,False,,,,,No,
1675,Not Applicable,Data Intelligence,,,Data Intelligence,Support Function,Active,Delivery,,N,Per FTE,,,,ALL BUs,Head Office,,Quality Process,,,GBS HO,False,Other,,,,,,Efficiency,Data Intelligence,False,,,,,No,
1676,Not Applicable,Communication,,,Communication,Support Function,Active,Global Support Function,,N,Per FTE,,,,ALL BUs,Head Office,,Quality Process,,,GBS HO,False,Other,,,,,,Efficiency,Communication,False,,,,,No,
1677,Yes,Air & Ocean Customs Brokerage Documentation - Automation,,,Air & Ocean Customs Brokerage Documentation - Automation,Ceva Logistics,Active,Delivery,"This task is to train the bot based on diffent invoice types. The bot ingests mails, classifies documents, extracts data from headers and line items, generates a worksheet, which is then reviewed, corrected if necessary, and resent. ",Y,LOGISTICS,,,Air & Ocean,LOGISTICS,Agency,,Operations,,,Air & Ocean,False,Air & Ocean,OGU_201746,,Customs,,,Brokerage,Customs Brokerage,False,,GBS - Customs Logistics Delivery,,,Yes,
1678,Yes,Air & Ocean Customs Brokerage - Invoice Delivery,,,Air & Ocean Customs Brokerage - Invoice Delivery,Ceva Logistics,Active,Delivery,"Invoice Delivery - To share CEVA invoices along with the supporting documents like HBL, Parts Worksheet, Entry Summary, and Commercial Invoice.
Document Delivery - Reports are extracted from OFS for the corresponding customers, the disbursement rates are entered in the extracted reports based on the Ceva invoice from One scan, and the reports are sent to the customer via email.",Y,LOGISTICS,,,Air & Ocean,LOGISTICS,Agency,,Operations,,,Air & Ocean,False,Air & Ocean,OGU_201746,,Customs,,,Brokerage,Customs Brokerage,False,,GBS - Customs Logistics Delivery,,,Yes,
1679,Yes,Air & Ocean Customs Brokerage- Track and Trace,,,Air & Ocean Customs Brokerage- Track and Trace,Ceva Logistics,Active,Delivery,"To generate a report from Cargowise one, track & verify the actual vessel arrival, voyage, and discharge port on the respective carrier websites, and uploading the excel file into the shared drive.",Y,LOGISTICS,,,Air & Ocean,LOGISTICS,Agency,,Operations,,,Air & Ocean,False,Air & Ocean,OGU_201746,,Customs,,,Brokerage,Customs Brokerage,False,,GBS - Customs Logistics Delivery,,,Yes,
1680,Yes,CWO/OneTMS User creation,,,CWO/OneTMS User creation,Ceva Logistics,Active,Delivery,Basis request GBS users action creation on OneTMS users,Y,LOGISTICS,,,Air & Ocean,LOGISTICS,Agency,,Operations,,,Air & Ocean,False,Air & Ocean,OGU_200699,,Air and Ocean,,,Air and Ocean,Air and Ocean Transverse,False,,Logistics - Air and Ocean,,,Yes,
1681,Not Applicable,None (R & D),,,None (R & D),Research and Development,Active,Talent Pool,,N,,,,,ALL BUs,Head Office,,RESEARCH AND DEVELOPMENT,,HO data Management,HO Data Management,False,Management,,,,,,Research and Development,NONE,False,,,,,,
1682,Not Applicable,Talent Pool (R & D),,,Talent Pool (R & D),Research and Development,Active,Talent Pool,,N,,,,,ALL BUs,Head Office,,RESEARCH AND DEVELOPMENT,,HO data Management,HO Data Management,False,Management,,,,,,Talent Pool (R & D),Talent Pool (R & D),False,,,,,,
1683,Not Applicable,Software Assets Management,,,Software Assets Management,IT Services,Active,Talent Pool,"Ensures efficient tracking, compliance, and optimization of software licenses and usage across CEVA users.",Y,,,,,LOGISTICS,,,Group IT CEVA,,,HO CEVA GBS Dept,False,CEVA - IT,OGU_201934,,IT,,,Infrastructure and Platforms,IT Workplace,False,,Logistics - Information Technology,,,No,
1684,Not Applicable,Operations / Infrastructure,,,Operations / Infrastructure,IT Services,Active,Talent Pool,"Maintain and monitor the IT network and core systems to ensure secure, reliable, and performant connectivity and operations.",Y,,,,,LOGISTICS,,,Group IT CEVA,,,HO CEVA GBS Dept,False,CEVA - IT,OGU_200943,,IT,,,Infrastructure and Platforms,Network,False,,Logistics - IT,,,No,
1685,Not Applicable,Project Management & Governance,,,Project Management & Governance,IT Services,Active,Talent Pool,"Oversee infrastructure initiatives with  planning, risk control, and compliance for successful delivery.",Y,,,,,LOGISTICS,,,Group IT CEVA,,,HO CEVA GBS Dept,False,CEVA - IT,OGU_200949,,IT,,,Infrastructure and Platforms,PMO,False,,Logistics - IT,,,No,
1686,Not Applicable,Cloud Development,,,Cloud Development,IT Services,Active,Talent Pool,Design and build scalable cloud solutions and services to support modern application and infrastructure needs for CEVA teams,Y,,,,,LOGISTICS,,,Group IT CEVA,,,HO CEVA GBS Dept,False,CEVA - IT,OGU_200947,,IT,,,Infrastructure and Platforms,Cloud,False,,Logistics - IT,,,No,
1687,Not Applicable,QHSE - Intelex Ticket Management,,,QHSE - Intelex Ticket Management,IT Services,Active,Talent Pool,User management and support for intelex application in QHSE area,Y,,,,,LOGISTICS,,,Group IT CEVA,,,HO CEVA GBS Dept,False,CEVA - IT,OGU_200963,,IT,,,Application Shared Capabilities,Support,False,,Logistics - IT,,,No,
1688,Not Applicable,Procurement,,,Procurement,IT Services,Active,Talent Pool,"Support of SAP Ariba, CMONA",Y,,,,,LOGISTICS,,,GBS IT,,,HO CEVA GBS Dept,False,IT,OGU_201795,,IT,,,Group Information Technology,F and A System Implementation and Support,False,,GBS - Information Technology Logistics Delivery,,,No,
1689,Not Applicable,OneStream,,,OneStream,IT Services,Active,Talent Pool,Support OneStream reporting tool,Y,,,,,LOGISTICS,,,GBS IT,,,HO CEVA GBS Dept,False,IT,OGU_201795,,IT,,,Group Information Technology,F and A System Implementation and Support,False,,GBS - Information Technology Logistics Delivery,,,No,
1690,Not Applicable,SAP Accruals Management,,,SAP Accruals Management,IT Services,Active,Talent Pool,Supporting SAP Accruals management,N,,,,,LOGISTICS,,,GBS IT,,,HO CEVA GBS Dept,False,IT,OGU_201795,,IT,,,Group Information Technology,F and A System Implementation and Support,False,,GBS - Information Technology Logistics Delivery,,,No,
1691,Not Applicable,Billie,,,Billie,IT Services,Active,Talent Pool,Support and implementation of Medius AP automation tool,N,,,,,LOGISTICS,,,GBS IT,,,HO CEVA GBS Dept,False,IT,OGU_201795,,IT,,,Group Information Technology,F and A System Implementation and Support,False,,GBS - Information Technology Logistics Delivery,,,No,
1692,Yes,Air & Ocean Partner Compliance,,,Air & Ocean Partner Compliance,Ceva Logistics,Active,Delivery,Update dates for past due documents like insurance certificate in link partner,Y,No of Documents,Update dates for past due documents like insurance certificate in link partner,,Air & Ocean,LOGISTICS,Agency,,Operations,,,Air & Ocean,False,Air & Ocean,OGU_201744,,Air and Ocean,,,Air and Ocean,Operations Control,False,,GBS - Air and Ocean Logistics Delivery,,,No,
1693,Not Applicable,CEVA - CL IT Integration - Integration Analysis,,,CEVA - CL IT Integration - Integration Analysis,IT Services,Active,Talent Pool,"Deals with ware house management system for forward logistics operations. The IT team works in funcitonal technical and support areas for creating functional templates,platform extension development & supporting the WMS app called Manhattan",N,,,,,LOGISTICS,,,Group IT CEVA,,,HO CEVA GBS Dept,False,CEVA - IT,OGU_200968,,IT,,,Center of Excellence CL,Development Factory,False,,GBS - Information Technology Logistics Delivery,,,No,
1694,Not Applicable,CEVA - CL IT Integration - Project Management,,,CEVA - CL IT Integration - Project Management,IT Services,Active,Talent Pool,"Deals with ware house management system for forward logistics operations. The IT team works in funcitonal technical and support areas for creating functional templates,platform extension development & supporting the WMS app called Manhattan",N,,,,,LOGISTICS,,,Group IT CEVA,,,HO CEVA GBS Dept,False,CEVA - IT,OGU_200968,,IT,,,Center of Excellence CL,Development Factory,False,,GBS - Information Technology Logistics Delivery,,,No,
1695,Not Applicable,CEVA - CL IT Integration - Integration Development,,,CEVA - CL IT Integration - Integration Development,IT Services,Active,Talent Pool,"Deals with ware house management system for forward logistics operations. The IT team works in funcitonal technical and support areas for creating functional templates,platform extension development & supporting the WMS app called Manhattan",N,,,,,LOGISTICS,,,Group IT CEVA,,,HO CEVA GBS Dept,False,CEVA - IT,OGU_200968,,IT,,,Center of Excellence CL,Development Factory,False,,GBS - Information Technology Logistics Delivery,,,No,
1696,Not Applicable,CEVA - CL IT NextGen - BA,,,CEVA - CL IT NextGen - BA,IT Services,Active,Talent Pool,"Deals with ware house management system for forward logistics operations. The IT team works in funcitonal technical and support areas for creating functional templates,platform extension development & supporting the WMS app called Manhattan",N,,,,,LOGISTICS,,,Group IT CEVA,,,HO CEVA GBS Dept,False,CEVA - IT,OGU_200968,,IT,,,Center of Excellence CL,Development Factory,False,,GBS - Information Technology Logistics Delivery,,,No,
1697,Not Applicable,CEVA - CL IT NextGen - Platform Development,,,CEVA - CL IT NextGen - Platform Development,IT Services,Active,Talent Pool,"Deals with ware house management system for forward logistics operations. The IT team works in funcitonal technical and support areas for creating functional templates,platform extension development & supporting the WMS app called Manhattan",N,,,,,LOGISTICS,,,Group IT CEVA,,,HO CEVA GBS Dept,False,CEVA - IT,OGU_200968,,IT,,,Center of Excellence CL,Development Factory,False,,GBS - Information Technology Logistics Delivery,,,No,
1698,Not Applicable,CEVA - CL IT NextGen - Functional Consultancy,,,CEVA - CL IT NextGen - Functional Consultancy,IT Services,Active,Talent Pool,"Deals with ware house management system for forward logistics operations. The IT team works in funcitonal technical and support areas for creating functional templates,platform extension development & supporting the WMS app called Manhattan",N,,,,,LOGISTICS,,,Group IT CEVA,,,HO CEVA GBS Dept,False,CEVA - IT,OGU_200968,,IT,,,Center of Excellence CL,Development Factory,False,,GBS - Information Technology Logistics Delivery,,,No,
1699,Not Applicable,CEVA - CL IT NextGen - L3 Support,,,CEVA - CL IT NextGen - L3 Support,IT Services,Active,Talent Pool,"Deals with ware house management system for forward logistics operations. The IT team works in funcitonal technical and support areas for creating functional templates,platform extension development & supporting the WMS app called Manhattan",N,,,,,LOGISTICS,,,Group IT CEVA,,,HO CEVA GBS Dept,False,CEVA - IT,OGU_200968,,IT,,,Center of Excellence CL,Development Factory,False,,GBS - Information Technology Logistics Delivery,,,No,
1700,Not Applicable,CEVA - CL IT NextGen - Project Management,,,CEVA - CL IT NextGen - Project Management,IT Services,Active,Talent Pool,"Deals with ware house management system for forward logistics operations. The IT team works in funcitonal technical and support areas for creating functional templates,platform extension development & supporting the WMS app called Manhattan",N,,,,,LOGISTICS,,,Group IT CEVA,,,HO CEVA GBS Dept,False,CEVA - IT,OGU_200968,,IT,,,Center of Excellence CL,Development Factory,False,,GBS - Information Technology Logistics Delivery,,,No,
1701,Not Applicable,CEVA - CL IT NextGen - QA,,,CEVA - CL IT NextGen - QA,IT Services,Active,Talent Pool,"Deals with ware house management system for forward logistics operations. The IT team works in funcitonal technical and support areas for creating functional templates,platform extension development & supporting the WMS app called Manhattan",N,,,,,LOGISTICS,,,Group IT CEVA,,,HO CEVA GBS Dept,False,CEVA - IT,OGU_200968,,IT,,,Center of Excellence CL,Development Factory,False,,GBS - Information Technology Logistics Delivery,,,No,
1702,Not Applicable,CEVA - CL IT NextGen APAC - BA,,,CEVA - CL IT NextGen APAC - BA,IT Services,Active,Talent Pool,"Deals with ware house management system for forward logistics operations. The IT team works in funcitonal technical and support areas for creating functional templates,platform extension development & supporting the WMS app called Manhattan",N,,,,,LOGISTICS,,,Group IT CEVA,,,HO CEVA GBS Dept,False,CEVA - IT,OGU_200968,,IT,,,Center of Excellence CL,Development Factory,False,,GBS - Information Technology Logistics Delivery,,,No,
1703,Not Applicable,CEVA - CL IT NextGen APAC - Project Management,,,CEVA - CL IT NextGen APAC - Project Management,IT Services,Active,Talent Pool,"Deals with ware house management system for forward logistics operations. The IT team works in funcitonal technical and support areas for creating functional templates,platform extension development & supporting the WMS app called Manhattan",N,,,,,LOGISTICS,,,Group IT CEVA,,,HO CEVA GBS Dept,False,CEVA - IT,OGU_200968,,IT,,,Center of Excellence CL,Development Factory,False,,GBS - Information Technology Logistics Delivery,,,No,
1704,Not Applicable,IT Change Management & Communications,,,IT Change Management & Communications,IT Services,Active,Talent Pool,CIO office IT communication is involved in change management and communicating the changes in various CEVA departments.,N,,,,,LOGISTICS,,,Group IT CEVA,,,HO CEVA GBS Dept,False,CEVA - IT,OGU_200940,,IT,,,CIO Office,Governance and Performance,False,,GBS - Information Technology Logistics Delivery,,,No,
1705,Not Applicable,Application Architecture,,,Application Architecture,IT Services,Active,Talent Pool,CIO office IT Application Architecture deals with Architecture design and review various CEVA departments.,N,,,,,LOGISTICS,,,Group IT CEVA,,,HO CEVA GBS Dept,False,CEVA - IT,OGU_200940,,IT,,,CIO Office,Governance and Performance,False,,GBS - Information Technology Logistics Delivery,,,No,
1706,Yes,CEVA - Travel & Expenses -C&GO,,,CEVA - Travel & Expenses -C&GO,Finance,Active,Delivery,This task is to Validate the expenses in C&GO claim by the Employee in C&GO and same will be included in the Payment batch for Employee Payments ,Y,No of Travel & Expenses,,,,LOGISTICS,Agency,,1. Payables,,Procure to pay,HO Cost Control Dept,False,Finance,OGU_201655,,Finance,,,Procure to pay,Accounts Payable Booking,False,,GBS - Finance Logistics Delivery,,,Yes,
1707,Yes,Supplier BP – Validation and Amendment,,,Supplier BP – Validation and Amendment,Procurement,Active,Delivery,,Y,Per nb of Partner Codes,,,,SHIPPING,Head Office,,General Procurement,,Partner data management,HO Procurement Dept,,Industrial Assets,OGU_201723,,Business - Customer Care,,,Procurement - General,Supplier Relationship Management,,"PL3 Moved from ""Shipping Ops, Log & Interm"" To Procurement from
and aligned PL1 to Procurement - General 01st of Oct, 2026.",GBS - Data Management Delivery,,,,
1708,Not Applicable,Spring Batch,,,Spring Batch,IT Services,Active,Talent Pool,"Spring Batch is a lightweight, comprehensive batch framework designed to enable the development of robust batch applications vital for the daily operations of enterprise systems.",N,,,,,SHIPPING,,,GBS IT,,,HO IT Department,False,IT,OGU_201787,,IT,,,Group Information Technology,IT Operations,False,,GBS - Information Technology Shipping Delivery,,,No,
1709,Not Applicable,Equipment and Intermodal,,,Equipment and Intermodal,IT Services,Active,Talent Pool,Functionally supporting intermodal domain applications,N,,,,,SHIPPING,,,IT,,,HO IT Department,False,IT,OGU_201790,IT,IT,,,Group Information Technology,Application Development and Maintenance,False,,GBS - Information Technology Shipping Delivery,,,No,
1710,Not Applicable,Data Privacy and Regulatory Compliance,,,Data Privacy and Regulatory Compliance,Support Function,Active,Center Support Function,"The Data Privacy & Regulatory Compliance team ensures that personal data is handled securely and in compliance with Digital personal Data Protection Act of India and other applicable data protection laws, by setting and monitoring data security safeguards, including data privacy audits and managing data breaches across the organization.",N,Per FTE,,,,ALL BUs,SSC,,Data Privacy,,Support Function,,False,Other,OGU_202019,Support Function,Strategy and Growth,,,Compliance,Data Privacy and Regulatory Compliance,False,,GBS - Strategy and Growth,,,,
1711,Yes,CTL - TTL Declaration,,,CTL - TTL Declaration,Legal,Active,Delivery,,Y, Number of Notification,"CTL & TTL Process - The Team will be responsible for managing Constructive Total Loss (CTL) and Total Loss (TTL) declaration notification on behalf of the HO Recovery Team as per agreed global TTL-CTL  declaration procedure. This includes validating CTL/TTL declaration request based on repair estimates and depreciated value (DV), verifying and completing all mandatory documentation, coordinating with Recovery File handler, M&R Teams, depots, agencies, and other stakeholders, and ensuring accurate updates in i‑Recovery and LARA systems. The role also involves managing salvage rights and wreck handling, supporting total loss declaration requests, monitoring invoicing and recovery status, handling exceptions and “not recoverable” cases, closing RC files and providing regular reporting and audit support to HO and relevant stakeholders.		
","<div class=""ExternalClass8FC897B50917402889170B0D806F4D3B""><div style=""font-family&#58;Calibri, Arial, Helvetica, sans-serif;font-size&#58;11pt;color&#58;rgb(50, 49, 48);background-color&#58;transparent;""><br></div>Number of Notifications</div>",,SHIPPING,Head Office,,Equipment Mgt,,,HO Logistics Dept,False,INDUSTRIAL ASSETS,OGU_201908,Prathamesh Avhad,Ind. Assets - Container Fleet Management,,,Container Fleet Management,Equipment Recovery,False, Newly Created,GBS - Container Fleet Management Shipping Delivery,,,,
1712,Yes,TT Club Claims,,,TT Club Claims,Legal,Active,Delivery,,Y,Number of Incidents,"TT Club Claim Process - The Team will be responsible for managing container damage events covered under TT Club insurance, including storms, major incidents, theft, and similar insured events. This includes identifying TT Club–relevant cases, notifying TT Club and brokers for recovery as per TT club coverage, coordinating TT Club surveys, collecting and verifying evidence and documentation, and maintaining accurate records in i‑Recovery, the TT Club dashboard, and dedicated share folders. The role also involves coordinating with internal teams, agencies, and HO stakeholders, managing deductible validation, preparing and validating reimbursement schedules and invoices, monitoring payments and reconciliations, handling exceptions, and ensuring timely closure and reporting of TT Club files.	","<div class=""ExternalClass93F55DC038594734873219BF46E6EA62""><div style=""font-family&#58;Calibri, Arial, Helvetica, sans-serif;font-size&#58;11pt;color&#58;rgb(50, 49, 48);background-color&#58;transparent;""><br></div>Number of Incidents</div>",,SHIPPING,Head Office,,Equipment Mgt,,,HO Logistics Dept,False,INDUSTRIAL ASSETS,OGU_201908,Prathamesh Avhad,Ind. Assets - Container Fleet Management,,,Container Fleet Management,Equipment Recovery,False,Newly Created,GBS - Container Fleet Management Shipping Delivery,,,,
1713,Not Applicable,ADM Europe Middle East Africa,,,ADM Europe Middle East Africa,IT Services,Active,Talent Pool,,Y,,,,,LOGISTICS,Head Office,,CLS Ingram,,Application Development & Maintenance,HO IT INGRAM,False,CEVA - IT,OGU_201797,FALSE,IT,,,CLS IT,Application Development and Support,False,,GBS - Information Technology Logistics Delivery,,,No,
1714,Not Applicable,ADM SHIPWIRE,,,ADM SHIPWIRE,IT Services,Active,Talent Pool,,Y,,,,,LOGISTICS,Head Office,,CLS Ingram,,Application Development & Maintenance,HO IT INGRAM,False,CEVA - IT,OGU_201797,FALSE,IT,,,CLS IT,Application Development and Support,False,,GBS - Information Technology Logistics Delivery,,,No,
1715,Not Applicable,ADM North America,,,ADM North America,IT Services,Active,Talent Pool,,Y,,,,,LOGISTICS,Head Office,,CLS Ingram,,Application Development & Maintenance,HO IT INGRAM,False,CEVA - IT,OGU_201797,FALSE,IT,,,CLS IT,Application Development and Support,False,,GBS - Information Technology Logistics Delivery,,,No,
1716,Not Applicable,Business Intelligence,,,Business Intelligence,IT Services,Active,Talent Pool,,Y,,,,,LOGISTICS,Head Office,,CLS Ingram,,Application Development & Maintenance,HO IT INGRAM,False,CEVA - IT,OGU_201797,FALSE,IT,,,CLS IT,Application Development and Support,False,,GBS - Information Technology Logistics Delivery,,,No,
1717,Not Applicable,Project Navigate,,,Project Navigate,IT Services,Active,Talent Pool,,N,Per FTE,,,Ocean Shipping,SHIPPING,Head Office,,GBS IT,,Support Function,HO GBS,False,IT,OGU_201781,,IT,,,GBS Information Technology,GBS Application Development and Maintenance,False,,GBS - Information Technology,,,No,
1718,Not Applicable,GROW,,,GROW,IT Services,Active,Talent Pool,"SEARCE is engaged to review GBS processes across shipping and logistics with an objective to identify improvement opportunity aimed to enhance operational efficiency, improve customer experience and deliver automation solutions. ",N,,,,,ALL BUs,Head Office,,GBS IT,,,"IT - Core IT,",False,IT,OGU_201781,,IT,,,GBS Information Technology,GBS Application Development and Maintenance,True,,GBS - Information Technology,,,No,
1719,Yes,Data Quality Booking,,,Data Quality Booking,"Shipping Ops, Log & Interm",Active,Delivery,,Y,Per nb of bookings,,"<div class=""ExternalClass8725FAB4415641288267E7D66F57AF98"">
​SharePoint

Consolidated Report

</div>",,SHIPPING,Head Office,,Business Transformation and Digital Agency,,,HO Digital Agency Dept,False,Business,,,Business Transformation and Digital Agency,,,Digital Agency,Ecommerce Data Quality,,,GBS - Business Transformation and Digital Agency,"<div class=""ExternalClassC74739AD3F7F4F8DAB2B6CFFD1F5CF9B"">
​Sharepoint
</div>",,,
1720,Yes,Data Quality Invoicing,,,Data Quality Invoicing,"Shipping Ops, Log & Interm",Active,Delivery,,Y,Per invoices,,"<div class=""ExternalClassFE26D9A309FB4B5BB3B3C9EBE9EAF5C5"">
​SharePoint

Consolidated Report

</div>",,SHIPPING,Head Office,,Business Transformation and Digital Agency,,,HO Digital Agency Dept,False,Business,,,Business Transformation and Digital Agency,,,Digital Agency,Ecommerce Data Quality,,,GBS - Business Transformation and Digital Agency,"<div class=""ExternalClass8E4CA74D68964EAAAC7F336408032F3E"">
Sharepoint</div>",,,
1721,Yes,Data Quality Marketing Report,,,Data Quality Marketing Report,"Shipping Ops, Log & Interm",Active,Delivery,,Y,Per nb of Marketing report,,"<div class=""ExternalClassC0DC198959BA4A99970A51AB38438A12"">
​Sharepoint

Report name&#58; IFF Marketing Source Files

</div>",,SHIPPING,Head Office,,Business Transformation and Digital Agency,,,HO Digital Agency Dept,False,Business,,,Business Transformation and Digital Agency,,,Digital Agency,Ecommerce Data Quality,,,GBS - Business Transformation and Digital Agency,"<div class=""ExternalClassEB8B0A9AC16948C890EE367C89C19B49"">
​Sharepoint
</div>",,,
1722,Yes,Data Quality Tracking,,,Data Quality Tracking,"Shipping Ops, Log & Interm",Active,Delivery,,Y,Per tracking,,"<div class=""ExternalClass884153BAFE6F4CC1A610975F0621344D"">
​
​​SharePoint


Report&#58; Consolidated Report</div>",,SHIPPING,Head Office,,Business Transformation and Digital Agency,,,HO Digital Agency Dept,False,Business,,,Business Transformation and Digital Agency,,,Digital Agency,Ecommerce Data Quality,,,GBS - Business Transformation and Digital Agency,"<div class=""ExternalClass54F2506E21ED43E68EA976501B815CD5"">
SharePoint</div>",,,
1723,Yes,Denied Party Screening - Ground and Rail,,,Denied Party Screening - Ground and Rail,Legal,Active,Delivery,"CEVA Ground & Rail, INES–E2open process is a critical governance and compliance framework for Ground and Rail bookings, designed to perform Denied Party Screening through the E2open application. It enables effective due diligence by identifying, assessing, and mitigating potential risks, thereby preventing sanctions violations.
 
This standardized global process screens party and entity data originating from the INES booking system via the Restricted Party Screening (RPS) Hub to E2open. It supports robust internal controls, ensures clear and traceable audit trails, and drives consistent adherence to regulatory and compliance requirements across operations, in collaboration with the Global Trade Compliance (GTC) team.",Y,Number of Notifications,Number of Notifications,,,LOGISTICS,Head Office,,Legal,,,HO Legal Dept,False,Cross Product,OGU_201902,Prathamesh Avhad,Legal,,,Legal Logistics,Legal Compliance,False,New Ref Created ,GBS - Legal Logistics Delivery,,,No,
1724,Yes,Know Your Supplier - Due Diligence,,,Know Your Supplier - Due Diligence,Legal,Active,Delivery,"CMA KYS (Know Your Supplier) is a key third-party governance and compliance process focused on conducting comprehensive supplier due diligence to identify and mitigate risk. It ensures the implementation of robust internal controls, maintenance of audit trails, and adherence to regulatory requirements. The process also supports global KYS frameworks by incorporating critical risk domains such as Politically Exposed Persons (PEP), Organized Crime (ORG), Anti-Money Laundering (AML), and Human Rights (HUM), enabling standardized and consistent risk assessment across regions",Y,Number of Notifications,Number of Notifications,,,LOGISTICS,Head Office,,Legal,,,HO Legal Dept,False,Cross Product,OGU_201902,Prathamesh Avhad,Legal,,,Legal Logistics,Legal Compliance,False,New Ref Created ,GBS - Legal Logistics Delivery,,,No,
1725,Yes,Misdeclaration fee & Recovery,,,Misdeclaration fee & Recovery,Legal,Active,Delivery,"QSSE Misdeclaration Fee & Recovery Process – The GBSI team is responsible for managing QSSE misdeclaration fee validation, invoicing follow-up, and recovery tracking on behalf of the HO QSSE team. This includes performing LARA validation upon receipt of QSSE fee application requests (with GBSI in copy) to ensure accurate billing under the correct booking and fee code (DA053), coordinating with agency teams to follow up until invoicing is completed (status Y) and recovery is confirmed (status F/P), and ensuring proper documentation and system updates. The role also involves maintaining the QSSE follow-up tracker, providing regular status updates to HO QSSE, monitoring DA053 transactions via Cognos, and publishing agreed daily/weekly reports to support visibility, compliance, and audit requirements.",Y,Number of Notifications,Number of Notifications,,,LOGISTICS,Head Office,,Legal,,,HO Legal Dept,False,Legal,OGU_202060,Prathamesh Avhad,Legal,,,SSE Operations,Cargo Control,False,New Ref Created ,GBS - Legal Logistics Delivery,,,No,
1726,Not Applicable,Digital,,,Digital,Support Function,Active,Global Support Function,,N,,,,,SHIPPING,Head Office,,Quality Process,,,GBS HO,False,Other,OGU_202023,,Strategy and Growth,,,Strategic Planning and Resilience,Digital,False,,GBS - Strategy and Growth,,,No,
1727,Not Applicable,Portfolio Management,,,Portfolio Management,Support Function,Active,Global Support Function,,N,,,,,SHIPPING,Head Office,,Quality Process,,,GBS HO,False,Other,OGU_201193,,Strategy and Growth,,,Control Tower,Portfolio Management,False,,GBS - Strategy and Growth,,,No,
1728,Not Applicable,Business Performance,,,Business Performance,Support Function,Active,Global Support Function,,N,,,,,SHIPPING,Head Office,,Quality Process,,,GBS HO,False,Other,OGU_201192,,Strategy and Growth,,,Control Tower,Business Performance,False,,GBS - Strategy and Growth,,,No,
1731,Not Applicable,HR Analytics,,,HR Analytics,Support Function,Active,Center Support Function,,N,,,,,SHIPPING,Head Office,,HR,,,GBS HO,False,HR,OGU_201225,,HR,,,Compensation & Benefits,HR Analytics,False,,GBS - Human Resources,,,No,
1733,Not Applicable,Business Process Excellence,,,Business Process Excellence,Support Function,Active,Center Support Function,,N,,,,,ALL BUs,Head Office,,Quality Process,,,GBS HO,False,Other,OGU_201122,Support Function,Business - Commercial,,,Center Governance,Business Process Excellence,False,,GBS - Commercial Shipping Delivery,,,No,
1734,Not Applicable,ADM knowledge Mgt / Customer Profile Mgt,,,ADM knowledge Mgt / Customer Profile Mgt,IT Services,Active,Talent Pool,"Knowledge Management Initiative: A solution to consolidate, audit, and disseminate knowledge from various heterogeneous sources (SharePoint, Salesforce, Signavio, local files). The objective is to facilitate access, detect duplicates/inconsistencies, and enable knowledge reuse via AI assistants.

Customer Profile Model Initiative: Clean, standardize, and structure customer profile data to create a consistent model that supports multiple business use cases and ensures data maintainability and reusability.",N,,,,,SHIPPING,,,IT,,,GBS India IT Department,False,IT,OGU_201790,SUNDARARAJAN Viuha,IT,,,Group Information Technology,Application Development and Maintenance,False,,GBS - Information Technology Shipping Delivery,,,No,
1735,Not Applicable,Center Efficiency,,,Center Efficiency,Support Function,Active,Center Support Function,This efficiency director role is to support the respective center head to achieve the optimization plan,N,,,,,ALL BUs,Head Office,,Quality Process,,,GBS HO,False,Other,OGU_201122,Support Function,Business - Commercial,,,Center Governance, Center Efficiency,False,,GBS - Commercial Shipping Delivery,,,No,
1736,Not Applicable,Generix,,,Generix,IT Services,Active,Talent Pool,"Generix is an application to manage Customer and Vendor invoices compliant to the Statutory Regulations, specifically Europe.",N,,,,,LOGISTICS,,,GBS IT,,,HO CEVA GBS Dept,False,IT,OGU_201795,,IT,,,Group Information Technology,F and A System Implementation and Support,False,,GBS - Information Technology Logistics Delivery,,,No,
1737,Not Applicable,MDM Finance,,,MDM Finance,IT Services,Active,Talent Pool,,Y,,,,,SHIPPING,Head Office,,IT,,,HO IT Department,False,IT,OGU_201791,IT,IT,,,Group Information Technology,Data Management,False,,GBS - Information Technology Shipping Delivery,,,No,
1738,Yes,Invoicing,,,Invoicing,Ceva Logistics,Active,Delivery,"We prepare and issue customer invoices based on shipment documents, quotations, and cost details. Our role includes validating billing accuracy (rates, charges, PO references, and supporting documents) before finalizing the invoice. If discrepancies or missing information are identified, we coordinate with the operator to resolve them prior to submission.",Y,No of Invoice,,,Air & Ocean,LOGISTICS,Agency,,Operations,,,Logistics - Project Logistics,False,Logistics - Project Logistics,OGU_200727,,Logistics - Project Logistics,,,Energy Solutions,Operations Energy Solutions,False,,Logistics - Project Logistics,,,No,
1739,Yes,Documentation,,,Documentation,Ceva Logistics,Active,Delivery,"We prepare and manage shipment documentation based on operational and customer requirements, including documents such as AWB, Bill of Lading, commercial invoices, and packing lists. Our role includes ensuring all documents are complete, accurate, and aligned with shipment and billing details. If discrepancies or missing information are identified, we coordinate with the operations team to rectify them before finalization.",Y,No of Documents,,,Air & Ocean,LOGISTICS,Agency,,Operations,,,Logistics - Project Logistics,False,Logistics - Project Logistics,OGU_200727,,Logistics - Project Logistics,,,Energy Solutions,Operations Energy Solutions,False,,Logistics - Project Logistics,,,No,
1740,Yes,Milestone,,,Milestone,Ceva Logistics,Active,Delivery,"We update shipment milestones in the system to reflect key events across the shipment lifecycle, ensuring visibility for internal teams and customers. Our role includes maintaining timely and accurate status updates based on operational inputs and supporting documents. If delays, gaps, or inconsistencies are identified, we follow up with the relevant stakeholders to ensure records are properly updated.",Y,No of Milestone,,,Air & Ocean,LOGISTICS,Agency,,Operations,,,Logistics - Project Logistics,False,Logistics - Project Logistics,OGU_200727,,Logistics - Project Logistics,,,Energy Solutions,Operations Energy Solutions,False,,Logistics - Project Logistics,,,No,
1741,Yes,Air Cargo Pricing Support,,,Air Cargo Pricing Support,Commercial & Add Value Activities,Active,Delivery,"Manage charter flight pricing governance through AWB approvals, rate setup, fuel index and ROE maintenance, and validation of interline billing accuracy",Y,No of pricing,Per nb of quote lines,,Olivier Nivoix,SHIPPING,Regional Office,,Line Management,,Pricing Support,,False,Business,OGU_201696,,Business - Commercial,,,Lines Management,Pricing and Line Support,False,,GBS - Commercial Shipping Delivery,,,,
1744,Yes,General Average,,,General Average,Legal,Active,Delivery,"The team supports HO Legal in monitoring GA release progress, strictly as per adjustor instructions and defined GA process guidelines. Scope includes maintaining the cargo manifest, capturing key GA fields, and tracking release status based on adjustor inputs, without direct customer interaction. The GA adjustor remains the single point of contact; all queries are redirected, ensuring adherence to communication boundaries. The team monitors release progress, reports status periodically to HO Legal & line if required and follows up with agents on missing guarantees or delays to support release acceleration.",Y,No of Claims,Per nb of notifications,,,SHIPPING,Head Office,,Legal,,Maritime Claims,HO Legal Dept,False,Legal,OGU_201766,Prathamesh Avhad,Legal,,,Shipping and Air Freight Legal,Maritime Claims,False,Legal Domain - Newly Created,GBS - Legal Shipping and Air Freight Delivery,,,,
1745,Yes,Cost control - Chartering,,,Cost control - Chartering,Finance,Active,Delivery,,Y,No of Travel & Expenses,,,,LOGISTICS,Agency,,1. Payables,,Procure to pay,HO Cost Control Dept,False,Finance,,,Finance,,,Chartering,Back Office,False,,GBS - Operations & Assets,,,Yes,
1746,Not Applicable,EDI Integration - Development / Sprint Team,,,EDI Integration - Development / Sprint Team,IT Services,Active,Talent Pool,EDI team deals with development of multiple applications and systems and also integrates with outside host applications using middleware tools and EDI,Y,,,,,LOGISTICS,,,Group IT CEVA,,,HO CEVA GBS Dept,False,CEVA - IT,OGU_200955,IT,IT,,,Data and Digital,Integration,False,,GBS - Information Technology Logistics Delivery,,,No,
1747,Not Applicable,EDI Integration – Production support,,,EDI Integration – Production support,IT Services,Active,Talent Pool,EDI team deals with production support of multiple applications and systems and also integrates with outside host applications using middleware tools and EDI,Y,,,,,LOGISTICS,,,Group IT CEVA,,,HO CEVA GBS Dept,False,CEVA - IT,OGU_200955,IT,IT,,,Data and Digital,Integration,False,,GBS - Information Technology Logistics Delivery,,,No,
1748,Not Applicable,Load Engine,,,Load Engine,IT Services,Active,Talent Pool,"development, backend data flow optimization, and business intelligence enablement, enhancing operational visibility and decision-making.",N,,,,,LOGISTICS,,,GBS IT,,,HO CEVA GBS Dept,False,IT,OGU_201795,,IT,,,Group Information Technology,F and A System Implementation and Support,False,,GBS - Information Technology Logistics Delivery,,,No,
1749,Yes,Commercial Shipping Management_Global,,,Commercial Shipping Management_Global,Commercial & Add Value Activities,Active,Global Support Function (Domain),,N,Per FTE,Studies on GBS Strategy ,,,ALL BUs,Head Office,,Line Management,,Support Function,GBS HO,False,Business,0,,Business - Commercial,,,Commercial Shipping Management,Commercial Shipping Management,False,,GBS - Commercial Shipping Delivery,,,No,
1750,Yes,Line and Trade Flyers,,,Line and Trade Flyers,"Shipping Ops, Log & Interm",Active,Delivery,"1.	GBSI Flyers Team receives a request containing description of the elements needed for flyer creation or update
2.	Implementation of the changes in the Illustrator & Indesign files based on the Lines and Trades
3.	Production of the final pdf file & delivery to the requester
4.	Validation by requester
5.	Upload in Sharepoint & in the website",Y,No. of ports,,"<div class=""ExternalClass884153BAFE6F4CC1A610975F0621344D""><br></div>",,SHIPPING,Head Office,,Business - Commercial,,,HO Digital Agency Dept,False,Business,,,Business - Commercial,,,Marketing and Studies,Marketing,,,GBS - Commercial Shipping Delivery,"<div class=""ExternalClass54F2506E21ED43E68EA976501B815CD5""><br></div>",,,
1751,Yes,Intermodal Flyers,,,Intermodal Flyers,"Shipping Ops, Log & Interm",Active,Delivery,"1.	GBSI Flyers Team receives a request containing description of the elements needed for flyer creation or update
2.	Implementation of the changes in the Illustrator & Indesign files based on the Intermodal services like Rail, Road, Barge, inland Hub etc
3.	Production of the final pdf file & delivery to the requester
4.	Validation by requester
5.	Upload in Sharepoint & in the website",Y,No. of ports,,"<div class=""ExternalClass884153BAFE6F4CC1A610975F0621344D""><br></div>",,SHIPPING,Head Office,,Business - Operations,,,HO Digital Agency Dept,False,Business,,,Business - Commercial,,,Lines operations,Operations Assistance,,,GBS - Intermodal and Operations Shipping Delivery,"<div class=""ExternalClass54F2506E21ED43E68EA976501B815CD5""><br></div>",,,
1753,Yes,"Cap Monitoring, RO reporting, GBS Dashboard",,,"Cap Monitoring, RO reporting, GBS Dashboard",Commercial & Add Value Activities,Active,Delivery,Provide advanced analytics like cap monitoring to Trade and other reportings.,Y,Number of Reports,,,Ludovic Renou,SHIPPING,Head Office,,Line Management,,,,,Business,OGU_201859,,Business - Commercial,,,Add Value Activities,Analytics Market Intel BI,True,,GBS - Commercial Shipping Delivery,,,No,
1754,Not Applicable,Weavenn,,,Weavenn,IT Services,Active,Talent Pool,Support for Shipwire platform as part of the Weaven Order Management System applicationn,Y,,,,,LOGISTICS,,,Group IT CEVA,,,HO CEVA GBS Dept,False,CEVA - IT,OGU_200963,,IT,,,Application Shared Capabilities,Support,False,,Logistics - IT,,,No,
1755,Not Applicable,SEARCE,,,SEARCE,IT Services,Active,,"SEARCE is engaged to review GBS processes across shipping and logistics with an objective to identify improvement opportunity aimed to enhance operational efficiency, improve customer experience and deliver automation solutions. ",N,,,,,ALL BUs,Head Office,,GBS IT,,,"IT - Core IT,",False,IT,OGU_201781,RAJORA Rakesh,IT,,,GBS Information Technology,GBS Application Development and Maintenance,True,New Process creation ,GBS - Information Technology,,,No,
1756,Yes,GA SVC Draft,,,GA SVC Draft,Commercial & Add Value Activities,Active,Delivery,Prepare SVC draft for GA Tender to be ready for FMC filling,Y,Per nb of quote lines,Per nb of quote lines,,Thomas Cassuto,SHIPPING,Head Office,,Line Management,,,HO Global Account Dept,False,Business,OGU_201692,,Business - Commercial,,,Commercial,Global Tender Support,True,,GBS - Commercial Shipping Delivery,,,No,
1758,Yes,Process Excellence,,,Process Excellence,Customer Care,Active,Global Support Function,"Ensure KPI/SLA are reported and met, process are well define, documented and aligned. CI / automation and process change under this scope.",N,,,,,ALL BUs,SSC,,Customer Care,,Customer Service,HO GEN Dept,False,Business,OGU_201686,,Business - Customer Care,,,Transversal Functions,Process Improvement,False,,GBS - Customer Care Shipping Delivery,,,,
1759,,Customer Care Process Excellence,,,Customer Care Process Excellence,Customer Care,Inactive,Global Support Function,"Ensure KPI/SLA are reported and met, process are well define, documented and aligned. CI / automation and process change under this scope.",N,,,,NA - GBS,ALL BUs,SSC,,Customer Care,,,,False,Business,OGU_201685,,Business - Customer Care,,,Transverse Customer Care,Customer Care Performance Improvement,False,,GBS - Customer Care Shipping Delivery,,,,
1760,Yes,Rules & Regulations Management,,,Rules & Regulations Management,Customer Care,Active,Global Support Function,,N,,,,,ALL BUs,SSC,,Customer Care,,Customer Service,HO GEN Dept,False,Business,OGU_201685,,Business - Customer Care,,,Transversal Functions,Rules Management,False,"Due to Customer care HO alignment
PL 1 - Changed from Transverse Customer Care to Transversal Functions",GBS - Customer Care Shipping Delivery,,,,
1761,Not Applicable,Assistance to GBS HO HR - Talent management,,,Assistance to GBS HO HR - Talent management,HR,Active,Global Support Function,"This process is making sure our HR talent acquisition suppliers are in CMA CGM systems, if yes then creating purchasing requisitions in C-Mona as well as making sure the invoices get validated timely to make sure invoices are paid. ",N,Per FTE,Studies on GBS Strategy ,,,ALL BUs,Head Office,,HR,,,GBS HO,False,HR,OGU_201846,,HR,,,Talent Management,Assistance to GBS HO HR Talent Management,False,,GBS - Human Resources Delivery,,,No,
1762,Not Applicable,HR Talent Acquisition,,,HR Talent Acquisition,HR,Active,Global Support Function,"This process is making sure our HR talent acquisition suppliers are in CMA CGM systems, if yes then creating purchasing requisitions in C-Mona as well as making sure the invoices get validated timely to make sure invoices are paid. ",N,Per FTE,,,,ALL BUs,Head Office,,HR,,,HO Group Human Ressource Department,False,HR,OGU_201775,Human Ressources,HR,202501,,Talent Management,Talent Acquisition,False,,GBS - Human Resources Delivery,,,No,
1764,,Specific Dangerous Goods Support,,,Specific Dangerous Goods Support,Customer Care,Inactive,Delivery,,Y,Per BL,,,,SHIPPING,Agency,,Customer Care,,Customer Service,HO GEN Dept,False,Business,OGU_201681,Sales & Customer Care,Business - Customer Care,,,Other Customer Care,Corporate Documentation,False,,GBS - Customer Care Shipping Delivery,,,,
1765,Not Applicable,Platform and Framework,,,Platform and Framework,IT Services,Active,Talent Pool,EDI team deals with development of multiple applications and systems and also integrates with outside host applications using middleware tools and EDI,N,,,,,ALL BUs,Head Office,,GBS IT,,,"IT - Core IT,",False,IT,,VENGURLEKAR Rajeev,IT,,,Enterprise Integration,Architecture,True,New Process creation ,GBS - Information Technology,,,No,
1766,Not Applicable,Digital Sourcing,,,Digital Sourcing,Procurement,Active,Delivery,,N,,,,,SHIPPING,Head Office,,Procurement,,,,False,INDUSTRIAL ASSETS,OGU_202130,INDUSTRIAL ASSETS,Ind. Assets - Procurement,,,Procurement - Transformation,Digital,False,,GBS - Group Corporate Functions Procurement Delivery,,,,
1767,Not Applicable,Help Desk,,,Help Desk,Procurement,Active,Delivery,,N,,,,,SHIPPING,Head Office,,Procurement,,,,False,INDUSTRIAL ASSETS,OGU_202127,INDUSTRIAL ASSETS,Ind. Assets - Procurement,,,Procurement - General,Help Desk,False,,GBS - Group Corporate Functions Procurement Delivery,,,,
1768,Not Applicable,Service Management,,,Service Management,Procurement,Active,Delivery,,N,,,,,SHIPPING,Head Office,,Procurement,,,,False,INDUSTRIAL ASSETS,OGU_202128,INDUSTRIAL ASSETS,Ind. Assets - Procurement,,,Procurement - General,Management,False,,GBS - Group Corporate Functions Procurement Delivery,,,,
1769,Not Applicable,Buying Desk,,,Buying Desk,Procurement,Active,Delivery,,N,,,,,SHIPPING,Head Office,,Procurement,,,,False,INDUSTRIAL ASSETS,OGU_202129,INDUSTRIAL ASSETS,Ind. Assets - Procurement,,,Procurement - Indirect,Buying Desk,False,,GBS - Group Corporate Functions Procurement Delivery,,,,
1770,Yes,Global OOG Spot Pricing,,,Global OOG Spot Pricing,Commercial & Add Value Activities,Active,Delivery,"Global OOG (Out of Gauge) Spot Pricing involves preparing and providing, real-time quotations for out-of-gauge cargo requests for Digital customer

Manages pricing requests for oversized cargo that cannot fit standard containers.
Retrieve pricing considering cargo dimension and special handling requirements.
Coordinates with Trade teams for rates in case of non availability of rates in system.
Shares quotation with customer within defined timelines.
",Y,No Of Digital Enquiry of rates requested by client,No Of Digital Enquiry of rates requested by client,,Olivier Nivoix,SHIPPING,Regional Office,,Line Management,,Pricing Support,,False,Business,OGU_201696,,Business - Commercial,,,Lines Management,Pricing and Line Support,False,,GBS - Commercial Shipping Delivery,,,,
1771,Yes,OOG Costing Tool Maintenance & Updates,,,OOG Costing Tool Maintenance & Updates,Commercial & Add Value Activities,Active,Delivery,"Maintains and updates the OOG Costing Tool for accuracy. 
Reviews and updates cost elements, surcharges, and parameters from Load Engine.
Implements trade-driven exception. 
Resolves tool errors and data issues.
Coordinates with Trade for approvals. 
Ensures data accuracy and compliance controls",Y,No of pricing,Per nb of quote lines,,Olivier Nivoix,SHIPPING,Regional Office,,Line Management,,Pricing Support,,False,Business,OGU_201696,,Business - Commercial,,,Lines Management,Pricing and Line Support,False,,GBS - Commercial Shipping Delivery,,,,
1772,Not Applicable,Learning and Development,,,Learning and Development,HR,Active,Center Support Function,,N,,,,,SHIPPING,Head Office,,HR,,,GBS HO,False,HR,OGU_201776,,HR,,,Talent Management,Learning,False,,GBS - Human Resources,,,No,
1773,Not Applicable,Application Development and Support,,,Application Development and Support,IT Services,Active,Talent Pool,,N,,,,,LOGISTICS,Head Office,,GBS IT,,,IT - Core IT,False,IT,OGU_201781,VENGURLEKAR Rajeev,,,,FedEx Supply chain,Application Development and Support,False,New Process creation ,GBS - Information Technology,,,No,
1774,Yes,Ground and Rail Order Management,,,Ground and Rail Order Management,Ceva Logistics,Active,Delivery,This task involves creating order management for Ground & Rail activities in Europe,Y,No of transport order  received,No of transport order received and keyed-in in TOM system. Data key-in,,Ground & Rail,LOGISTICS,Agency,,Transport Order,,,Ground & Rail,False,Ground & Rail,OGU_201815,,Ground and Rail,,,Ground and Rail,Ground and Rail Transport Order,True,,GBS - Ground and Rail Logistics Delivery,,,Yes,
1775,Yes,Ground and Rail Master Data Mgt,,,Ground and Rail Master Data Mgt,Ceva Logistics,Active,Delivery,"Maintenance of Ground rail Master data (referencing stations,…) in INES",Y,Number of tickets,GBS receives Master data administration requests to be proceeded ,,Ground & Rail,LOGISTICS,Head Office,,Digital,,,Ground & Rail,False,Ground & Rail,OGU_201869,,Ground and Rail,,,Ground and Rail,Ground and Rail referential,False,,GBS - Ground and Rail Logistics Delivery,,,No,
1776,Yes,Air Import Registration,,,Air Import Registration,Ceva Logistics,Active,Delivery,,Y,No of shipments Registered,GBS Team registers shipments as per the Global SLA and all such shipments registered by GBS are GBS Volumes,,Air,LOGISTICS,Agency,,Operations,,,Air Freight,True,Air & Ocean,OGU_201729,,Air and Ocean,,,Air Freight,Air Import,True,,GBS - Air and Ocean Logistics Delivery,,,Yes,
1777,Yes,Air Import Invoicing,,,Air Import Invoicing,Ceva Logistics,Active,Delivery,,N,No of invoices created,GBS Team invoices shipments as per the Global SLA and all such invoices created by GBS are considered as GBS Volumes,,Air,LOGISTICS,Agency,,Operations,,,Air Freight,True,Air & Ocean,OGU_201729,,Air and Ocean,,,Air Freight,Air Import,True,,GBS - Air and Ocean Logistics Delivery,,,Yes,
1780,Yes,Ocean Intercompany Billing,,,Ocean Intercompany Billing,Ceva Logistics,Active,Delivery,"Operational Reports on  Shipment in transit, schedule dates, delivery at the plant",N,No of Invoice created,,,,LOGISTICS,Agency,,Operations,,,Ocean Freight,,Air & Ocean,OGU_201734,,Air and Ocean,,,Ocean Freight,Ocean Import,,,GBS - Air and Ocean Logistics Delivery,,,Yes,
1781,Yes,Talent Pool (Data Management),,,Talent Pool (Data Management),"Shipping Ops, Log & Interm",Active,Talent Pool,,N,Per FTE,,,,ALL BUs,Head Office,,"Ops, Log and Ils",,,GBS HO,False,Industrial Assets,,,OGU_200494,,,Talent Pool (Data Management),Talent Pool (Data Management),False,,,,,No,
